id,pagina,linha,coluna,offset_chr,hash,vazio,duplicado_de,arquivo
0,0,0,0,0,59B012DF,0,,tiles/pagina_00/tile_0000.png
1,0,0,1,16,9E5E47C0,0,,tiles/pagina_00/tile_0001.png
2,0,0,2,32,165D62BD,0,,tiles/pagina_00/tile_0002.png
3,0,0,3,48,08619471,0,,tiles/pagina_00/tile_0003.png
4,0,0,4,64,FC3854A6,0,,tiles/pagina_00/tile_0004.png
5,0,0,5,80,889B545B,0,,tiles/pagina_00/tile_0005.png
6,0,0,6,96,334ADC1B,0,,tiles/pagina_00/tile_0006.png
7,0,0,7,112,5DAA8F87,0,,tiles/pagina_00/tile_0007.png
8,0,0,8,128,B1FAAF2D,0,,tiles/pagina_00/tile_0008.png
9,0,0,9,144,572814F5,0,,tiles/pagina_00/tile_0009.png
10,0,0,10,160,D6E2185B,0,,tiles/pagina_00/tile_0010.png
11,0,0,11,176,0DD9BCF3,0,,tiles/pagina_00/tile_0011.png
12,0,0,12,192,000AD165,0,,tiles/pagina_00/tile_0012.png
13,0,0,13,208,FFE96DD9,0,,tiles/pagina_00/tile_0013.png
14,0,0,14,224,3F255D6E,0,,tiles/pagina_00/tile_0014.png
15,0,0,15,240,C9BEC31E,0,,tiles/pagina_00/tile_0015.png
16,0,1,0,256,68691772,0,,tiles/pagina_00/tile_0016.png
17,0,1,1,272,6D1175C6,0,,tiles/pagina_00/tile_0017.png
18,0,1,2,288,3CF7B44D,0,,tiles/pagina_00/tile_0018.png
19,0,1,3,304,EB7BBB2F,0,,tiles/pagina_00/tile_0019.png
20,0,1,4,320,C29D25A7,0,,tiles/pagina_00/tile_0020.png
21,0,1,5,336,1B75BBA2,0,,tiles/pagina_00/tile_0021.png
22,0,1,6,352,69691905,1,,tiles/pagina_00/tile_0022.png
23,0,1,7,368,1E1D71C5,0,,tiles/pagina_00/tile_0023.png
24,0,1,8,384,418489CD,0,,tiles/pagina_00/tile_0024.png
25,0,1,9,400,31E1D4B9,0,,tiles/pagina_00/tile_0025.png
26,0,1,10,416,C5187250,0,,tiles/pagina_00/tile_0026.png
27,0,1,11,432,A33B1366,0,,tiles/pagina_00/tile_0027.png
28,0,1,12,448,9FF8A105,0,,tiles/pagina_00/tile_0028.png
29,0,1,13,464,65BEEFA5,0,,tiles/pagina_00/tile_0029.png
30,0,1,14,480,69691905,1,22,tiles/pagina_00/tile_0030.png
31,0,1,15,496,04786F85,0,,tiles/pagina_00/tile_0031.png
32,0,2,0,512,E4A8FF27,0,,tiles/pagina_00/tile_0032.png
33,0,2,1,528,B4EB1084,0,,tiles/pagina_00/tile_0033.png
34,0,2,2,544,BBDB7BC0,0,,tiles/pagina_00/tile_0034.png
35,0,2,3,560,89C1191A,0,,tiles/pagina_00/tile_0035.png
36,0,2,4,576,5B0F12D7,0,,tiles/pagina_00/tile_0036.png
37,0,2,5,592,D4302BA1,0,,tiles/pagina_00/tile_0037.png
38,0,2,6,608,6FE96960,0,,tiles/pagina_00/tile_0038.png
39,0,2,7,624,9EB57E55,0,,tiles/pagina_00/tile_0039.png
40,0,2,8,640,5568376F,0,,tiles/pagina_00/tile_0040.png
41,0,2,9,656,73C9E40F,0,,tiles/pagina_00/tile_0041.png
42,0,2,10,672,49020225,0,,tiles/pagina_00/tile_0042.png
43,0,2,11,688,FA241C95,0,,tiles/pagina_00/tile_0043.png
44,0,2,12,704,FCD2D7FE,0,,tiles/pagina_00/tile_0044.png
45,0,2,13,720,888E623C,0,,tiles/pagina_00/tile_0045.png
46,0,2,14,736,64085B45,0,,tiles/pagina_00/tile_0046.png
47,0,2,15,752,A5285145,0,,tiles/pagina_00/tile_0047.png
48,0,3,0,768,69691905,1,22,tiles/pagina_00/tile_0048.png
49,0,3,1,784,38A45ADC,0,,tiles/pagina_00/tile_0049.png
50,0,3,2,800,69691905,1,22,tiles/pagina_00/tile_0050.png
51,0,3,3,816,DDB30AC5,0,,tiles/pagina_00/tile_0051.png
52,0,3,4,832,7C9589AC,0,,tiles/pagina_00/tile_0052.png
53,0,3,5,848,CC6FED26,0,,tiles/pagina_00/tile_0053.png
54,0,3,6,864,CD4DCC55,0,,tiles/pagina_00/tile_0054.png
55,0,3,7,880,401996B8,0,,tiles/pagina_00/tile_0055.png
56,0,3,8,896,69691905,1,22,tiles/pagina_00/tile_0056.png
57,0,3,9,912,48C7D1AD,0,,tiles/pagina_00/tile_0057.png
58,0,3,10,928,362005E5,0,,tiles/pagina_00/tile_0058.png
59,0,3,11,944,73335F35,0,,tiles/pagina_00/tile_0059.png
60,0,3,12,960,E5BEA37E,0,,tiles/pagina_00/tile_0060.png
61,0,3,13,976,D13A02C3,0,,tiles/pagina_00/tile_0061.png
62,0,3,14,992,14B27A55,0,,tiles/pagina_00/tile_0062.png
63,0,3,15,1008,0A6C0505,0,,tiles/pagina_00/tile_0063.png
64,0,4,0,1024,058AD1E7,0,,tiles/pagina_00/tile_0064.png
65,0,4,1,1040,84F07A73,0,,tiles/pagina_00/tile_0065.png
66,0,4,2,1056,263E5BBD,0,,tiles/pagina_00/tile_0066.png
67,0,4,3,1072,1DCA30D7,0,,tiles/pagina_00/tile_0067.png
68,0,4,4,1088,69691905,1,22,tiles/pagina_00/tile_0068.png
69,0,4,5,1104,E020CC45,0,,tiles/pagina_00/tile_0069.png
70,0,4,6,1120,3EFD6645,0,,tiles/pagina_00/tile_0070.png
71,0,4,7,1136,050FEDF1,0,,tiles/pagina_00/tile_0071.png
72,0,4,8,1152,D6DE1923,0,,tiles/pagina_00/tile_0072.png
73,0,4,9,1168,49CD0EC5,0,,tiles/pagina_00/tile_0073.png
74,0,4,10,1184,CCA39F3D,0,,tiles/pagina_00/tile_0074.png
75,0,4,11,1200,09EC9105,0,,tiles/pagina_00/tile_0075.png
76,0,4,12,1216,69691905,1,22,tiles/pagina_00/tile_0076.png
77,0,4,13,1232,D0C8A17E,0,,tiles/pagina_00/tile_0077.png
78,0,4,14,1248,09602BAD,0,,tiles/pagina_00/tile_0078.png
79,0,4,15,1264,24B30D9C,0,,tiles/pagina_00/tile_0079.png
80,0,5,0,1280,68691772,0,16,tiles/pagina_00/tile_0080.png
81,0,5,1,1296,6D1175C6,0,17,tiles/pagina_00/tile_0081.png
82,0,5,2,1312,3CF7B44D,0,18,tiles/pagina_00/tile_0082.png
83,0,5,3,1328,EB7BBB2F,0,19,tiles/pagina_00/tile_0083.png
84,0,5,4,1344,C29D25A7,0,20,tiles/pagina_00/tile_0084.png
85,0,5,5,1360,1B75BBA2,0,21,tiles/pagina_00/tile_0085.png
86,0,5,6,1376,69691905,1,22,tiles/pagina_00/tile_0086.png
87,0,5,7,1392,1E1D71C5,0,23,tiles/pagina_00/tile_0087.png
88,0,5,8,1408,D92291C8,0,,tiles/pagina_00/tile_0088.png
89,0,5,9,1424,3EDE3552,0,,tiles/pagina_00/tile_0089.png
90,0,5,10,1440,A94CD1E5,0,,tiles/pagina_00/tile_0090.png
91,0,5,11,1456,50C7E400,0,,tiles/pagina_00/tile_0091.png
92,0,5,12,1472,8DC8C905,0,,tiles/pagina_00/tile_0092.png
93,0,5,13,1488,C64D29F9,0,,tiles/pagina_00/tile_0093.png
94,0,5,14,1504,7B09C3D5,0,,tiles/pagina_00/tile_0094.png
95,0,5,15,1520,69691905,1,22,tiles/pagina_00/tile_0095.png
96,0,6,0,1536,0C86969A,0,,tiles/pagina_00/tile_0096.png
97,0,6,1,1552,5571F1C5,0,,tiles/pagina_00/tile_0097.png
98,0,6,2,1568,E0CEB15D,0,,tiles/pagina_00/tile_0098.png
99,0,6,3,1584,69691905,1,22,tiles/pagina_00/tile_0099.png
100,0,6,4,1600,D0962A25,0,,tiles/pagina_00/tile_0100.png
101,0,6,5,1616,C9BA8CD5,0,,tiles/pagina_00/tile_0101.png
102,0,6,6,1632,239886CC,0,,tiles/pagina_00/tile_0102.png
103,0,6,7,1648,7075A9AD,0,,tiles/pagina_00/tile_0103.png
104,0,6,8,1664,8DC8C905,0,92,tiles/pagina_00/tile_0104.png
105,0,6,9,1680,45B95875,0,,tiles/pagina_00/tile_0105.png
106,0,6,10,1696,2F86DDF0,0,,tiles/pagina_00/tile_0106.png
107,0,6,11,1712,2ED6C772,0,,tiles/pagina_00/tile_0107.png
108,0,6,12,1728,6D98B27D,0,,tiles/pagina_00/tile_0108.png
109,0,6,13,1744,FD547405,0,,tiles/pagina_00/tile_0109.png
110,0,6,14,1760,3CFB6D51,0,,tiles/pagina_00/tile_0110.png
111,0,6,15,1776,69691905,1,22,tiles/pagina_00/tile_0111.png
112,0,7,0,1792,360779F5,0,,tiles/pagina_00/tile_0112.png
113,0,7,1,1808,360779F5,0,112,tiles/pagina_00/tile_0113.png
114,0,7,2,1824,360779F5,0,112,tiles/pagina_00/tile_0114.png
115,0,7,3,1840,360779F5,0,112,tiles/pagina_00/tile_0115.png
116,0,7,4,1856,360779F5,0,112,tiles/pagina_00/tile_0116.png
117,0,7,5,1872,360779F5,0,112,tiles/pagina_00/tile_0117.png
118,0,7,6,1888,360779F5,0,112,tiles/pagina_00/tile_0118.png
119,0,7,7,1904,360779F5,0,112,tiles/pagina_00/tile_0119.png
120,0,7,8,1920,F7E6D405,0,,tiles/pagina_00/tile_0120.png
121,0,7,9,1936,6B752EA5,0,,tiles/pagina_00/tile_0121.png
122,0,7,10,1952,D57CC3DB,0,,tiles/pagina_00/tile_0122.png
123,0,7,11,1968,E47AAFA5,0,,tiles/pagina_00/tile_0123.png
124,0,7,12,1984,7D8EAD86,0,,tiles/pagina_00/tile_0124.png
125,0,7,13,2000,8728EE5D,0,,tiles/pagina_00/tile_0125.png
126,0,7,14,2016,681456F5,0,,tiles/pagina_00/tile_0126.png
127,0,7,15,2032,69691905,1,22,tiles/pagina_00/tile_0127.png
128,0,8,0,2048,FCD2D7FE,0,44,tiles/pagina_00/tile_0128.png
129,0,8,1,2064,888E623C,0,45,tiles/pagina_00/tile_0129.png
130,0,8,2,2080,64085B45,0,46,tiles/pagina_00/tile_0130.png
131,0,8,3,2096,A5285145,0,47,tiles/pagina_00/tile_0131.png
132,0,8,4,2112,D319FE7F,0,,tiles/pagina_00/tile_0132.png
133,0,8,5,2128,66D1315B,0,,tiles/pagina_00/tile_0133.png
134,0,8,6,2144,23D71B70,0,,tiles/pagina_00/tile_0134.png
135,0,8,7,2160,DC571797,0,,tiles/pagina_00/tile_0135.png
136,0,8,8,2176,B1FAAF2D,0,8,tiles/pagina_00/tile_0136.png
137,0,8,9,2192,572814F5,0,9,tiles/pagina_00/tile_0137.png
138,0,8,10,2208,D319FE7F,0,132,tiles/pagina_00/tile_0138.png
139,0,8,11,2224,7F61BBC3,0,,tiles/pagina_00/tile_0139.png
140,0,8,12,2240,27D721BC,0,,tiles/pagina_00/tile_0140.png
141,0,8,13,2256,41BFD27D,0,,tiles/pagina_00/tile_0141.png
142,0,8,14,2272,B03DED05,0,,tiles/pagina_00/tile_0142.png
143,0,8,15,2288,AF5BD1B5,0,,tiles/pagina_00/tile_0143.png
144,0,9,0,2304,68691772,0,16,tiles/pagina_00/tile_0144.png
145,0,9,1,2320,6D1175C6,0,17,tiles/pagina_00/tile_0145.png
146,0,9,2,2336,3CF7B44D,0,18,tiles/pagina_00/tile_0146.png
147,0,9,3,2352,EB7BBB2F,0,19,tiles/pagina_00/tile_0147.png
148,0,9,4,2368,C29D25A7,0,20,tiles/pagina_00/tile_0148.png
149,0,9,5,2384,1B75BBA2,0,21,tiles/pagina_00/tile_0149.png
150,0,9,6,2400,69691905,1,22,tiles/pagina_00/tile_0150.png
151,0,9,7,2416,1E1D71C5,0,23,tiles/pagina_00/tile_0151.png
152,0,9,8,2432,165D62BD,0,2,tiles/pagina_00/tile_0152.png
153,0,9,9,2448,08619471,0,3,tiles/pagina_00/tile_0153.png
154,0,9,10,2464,644A07DF,0,,tiles/pagina_00/tile_0154.png
155,0,9,11,2480,F4E59407,0,,tiles/pagina_00/tile_0155.png
156,0,9,12,2496,73B57B48,0,,tiles/pagina_00/tile_0156.png
157,0,9,13,2512,D611DB6D,0,,tiles/pagina_00/tile_0157.png
158,0,9,14,2528,1DFAD18D,0,,tiles/pagina_00/tile_0158.png
159,0,9,15,2544,7F904B75,0,,tiles/pagina_00/tile_0159.png
160,0,10,0,2560,D319FE7F,0,132,tiles/pagina_00/tile_0160.png
161,0,10,1,2576,126F5649,0,,tiles/pagina_00/tile_0161.png
162,0,10,2,2592,23D71B70,0,134,tiles/pagina_00/tile_0162.png
163,0,10,3,2608,A33B1366,0,27,tiles/pagina_00/tile_0163.png
164,0,10,4,2624,9FF8A105,0,28,tiles/pagina_00/tile_0164.png
165,0,10,5,2640,65BEEFA5,0,29,tiles/pagina_00/tile_0165.png
166,0,10,6,2656,59B012DF,0,0,tiles/pagina_00/tile_0166.png
167,0,10,7,2672,9E5E47C0,0,1,tiles/pagina_00/tile_0167.png
168,0,10,8,2688,E74811EE,0,,tiles/pagina_00/tile_0168.png
169,0,10,9,2704,0A156C76,0,,tiles/pagina_00/tile_0169.png
170,0,10,10,2720,B9ACD005,0,,tiles/pagina_00/tile_0170.png
171,0,10,11,2736,B33DEE7D,0,,tiles/pagina_00/tile_0171.png
172,0,10,12,2752,010F432F,0,,tiles/pagina_00/tile_0172.png
173,0,10,13,2768,0683F653,0,,tiles/pagina_00/tile_0173.png
174,0,10,14,2784,F85D7971,0,,tiles/pagina_00/tile_0174.png
175,0,10,15,2800,13F12D01,0,,tiles/pagina_00/tile_0175.png
176,0,11,0,2816,142D3B91,0,,tiles/pagina_00/tile_0176.png
177,0,11,1,2832,8A256D78,0,,tiles/pagina_00/tile_0177.png
178,0,11,2,2848,D0E03D65,0,,tiles/pagina_00/tile_0178.png
179,0,11,3,2864,CFFDDD41,0,,tiles/pagina_00/tile_0179.png
180,0,11,4,2880,81C4BB72,0,,tiles/pagina_00/tile_0180.png
181,0,11,5,2896,27438376,0,,tiles/pagina_00/tile_0181.png
182,0,11,6,2912,2313C851,0,,tiles/pagina_00/tile_0182.png
183,0,11,7,2928,EC0C53A1,0,,tiles/pagina_00/tile_0183.png
184,0,11,8,2944,59B012DF,0,0,tiles/pagina_00/tile_0184.png
185,0,11,9,2960,9E5E47C0,0,1,tiles/pagina_00/tile_0185.png
186,0,11,10,2976,165D62BD,0,2,tiles/pagina_00/tile_0186.png
187,0,11,11,2992,08619471,0,3,tiles/pagina_00/tile_0187.png
188,0,11,12,3008,120DD6E5,0,,tiles/pagina_00/tile_0188.png
189,0,11,13,3024,466B839F,0,,tiles/pagina_00/tile_0189.png
190,0,11,14,3040,442DE347,0,,tiles/pagina_00/tile_0190.png
191,0,11,15,3056,9E30B7E5,0,,tiles/pagina_00/tile_0191.png
192,0,12,0,3072,E1A688D4,0,,tiles/pagina_00/tile_0192.png
193,0,12,1,3088,A169870E,0,,tiles/pagina_00/tile_0193.png
194,0,12,2,3104,4382CBBD,0,,tiles/pagina_00/tile_0194.png
195,0,12,3,3120,B751AF89,0,,tiles/pagina_00/tile_0195.png
196,0,12,4,3136,9FD83FB1,0,,tiles/pagina_00/tile_0196.png
197,0,12,5,3152,97B45A15,0,,tiles/pagina_00/tile_0197.png
198,0,12,6,3168,B23011C5,0,,tiles/pagina_00/tile_0198.png
199,0,12,7,3184,ECCB88F3,0,,tiles/pagina_00/tile_0199.png
200,0,12,8,3200,24010CDA,0,,tiles/pagina_00/tile_0200.png
201,0,12,9,3216,A169870E,0,193,tiles/pagina_00/tile_0201.png
202,0,12,10,3232,45914EC9,0,,tiles/pagina_00/tile_0202.png
203,0,12,11,3248,2E68D1B9,0,,tiles/pagina_00/tile_0203.png
204,0,12,12,3264,A12E832C,0,,tiles/pagina_00/tile_0204.png
205,0,12,13,3280,A169870E,0,193,tiles/pagina_00/tile_0205.png
206,0,12,14,3296,BB690B91,0,,tiles/pagina_00/tile_0206.png
207,0,12,15,3312,795D031D,0,,tiles/pagina_00/tile_0207.png
208,0,13,0,3328,68691772,0,16,tiles/pagina_00/tile_0208.png
209,0,13,1,3344,6D1175C6,0,17,tiles/pagina_00/tile_0209.png
210,0,13,2,3360,3CF7B44D,0,18,tiles/pagina_00/tile_0210.png
211,0,13,3,3376,EB7BBB2F,0,19,tiles/pagina_00/tile_0211.png
212,0,13,4,3392,C29D25A7,0,20,tiles/pagina_00/tile_0212.png
213,0,13,5,3408,1B75BBA2,0,21,tiles/pagina_00/tile_0213.png
214,0,13,6,3424,69691905,1,22,tiles/pagina_00/tile_0214.png
215,0,13,7,3440,1E1D71C5,0,23,tiles/pagina_00/tile_0215.png
216,0,13,8,3456,FBCC0D4F,0,,tiles/pagina_00/tile_0216.png
217,0,13,9,3472,F9EF4720,0,,tiles/pagina_00/tile_0217.png
218,0,13,10,3488,165D62BD,0,2,tiles/pagina_00/tile_0218.png
219,0,13,11,3504,08619471,0,3,tiles/pagina_00/tile_0219.png
220,0,13,12,3520,0FEDA686,0,,tiles/pagina_00/tile_0220.png
221,0,13,13,3536,889B545B,0,5,tiles/pagina_00/tile_0221.png
222,0,13,14,3552,BB690B91,0,206,tiles/pagina_00/tile_0222.png
223,0,13,15,3568,2E68D1B9,0,203,tiles/pagina_00/tile_0223.png
224,0,14,0,3584,334ADC1B,0,6,tiles/pagina_00/tile_0224.png
225,0,14,1,3600,5DAA8F87,0,7,tiles/pagina_00/tile_0225.png
226,0,14,2,3616,B1FAAF2D,0,8,tiles/pagina_00/tile_0226.png
227,0,14,3,3632,572814F5,0,9,tiles/pagina_00/tile_0227.png
228,0,14,4,3648,D9274045,0,,tiles/pagina_00/tile_0228.png
229,0,14,5,3664,B0DC1691,0,,tiles/pagina_00/tile_0229.png
230,0,14,6,3680,592676C5,0,,tiles/pagina_00/tile_0230.png
231,0,14,7,3696,2CB74951,0,,tiles/pagina_00/tile_0231.png
232,0,14,8,3712,59B012DF,0,0,tiles/pagina_00/tile_0232.png
233,0,14,9,3728,9E5E47C0,0,1,tiles/pagina_00/tile_0233.png
234,0,14,10,3744,165D62BD,0,2,tiles/pagina_00/tile_0234.png
235,0,14,11,3760,08619471,0,3,tiles/pagina_00/tile_0235.png
236,0,14,12,3776,BB690B91,0,206,tiles/pagina_00/tile_0236.png
237,0,14,13,3792,B751AF89,0,195,tiles/pagina_00/tile_0237.png
238,0,14,14,3808,0002EC45,0,,tiles/pagina_00/tile_0238.png
239,0,14,15,3824,2BA66BD1,0,,tiles/pagina_00/tile_0239.png
240,0,15,0,3840,0408E8D4,0,,tiles/pagina_00/tile_0240.png
241,0,15,1,3856,2F2EA08E,0,,tiles/pagina_00/tile_0241.png
242,0,15,2,3872,4382CBBD,0,194,tiles/pagina_00/tile_0242.png
243,0,15,3,3888,9DBCD6E7,0,,tiles/pagina_00/tile_0243.png
244,0,15,4,3904,6A063474,0,,tiles/pagina_00/tile_0244.png
245,0,15,5,3920,9D75487E,0,,tiles/pagina_00/tile_0245.png
246,0,15,6,3936,4382CBBD,0,194,tiles/pagina_00/tile_0246.png
247,0,15,7,3952,73C9E40F,0,41,tiles/pagina_00/tile_0247.png
248,0,15,8,3968,6A063474,0,244,tiles/pagina_00/tile_0248.png
249,0,15,9,3984,9DBA3DEC,0,,tiles/pagina_00/tile_0249.png
250,0,15,10,4000,4382CBBD,0,194,tiles/pagina_00/tile_0250.png
251,0,15,11,4016,947B182F,0,,tiles/pagina_00/tile_0251.png
252,0,15,12,4032,90811A85,0,,tiles/pagina_00/tile_0252.png
253,0,15,13,4048,A5212ED1,0,,tiles/pagina_00/tile_0253.png
254,0,15,14,4064,FD22A785,0,,tiles/pagina_00/tile_0254.png
255,0,15,15,4080,2BA66BD1,0,239,tiles/pagina_00/tile_0255.png
256,1,0,0,4096,A3C70BD5,0,,tiles/pagina_01/tile_0256.png
257,1,0,1,4112,F94B1D4D,0,,tiles/pagina_01/tile_0257.png
258,1,0,2,4128,7E1ADA6B,0,,tiles/pagina_01/tile_0258.png
259,1,0,3,4144,BAE41D1D,0,,tiles/pagina_01/tile_0259.png
260,1,0,4,4160,A72A1241,0,,tiles/pagina_01/tile_0260.png
261,1,0,5,4176,3C05FA9B,0,,tiles/pagina_01/tile_0261.png
262,1,0,6,4192,43C11C91,0,,tiles/pagina_01/tile_0262.png
263,1,0,7,4208,EC1AE73D,0,,tiles/pagina_01/tile_0263.png
264,1,0,8,4224,FF5B0269,0,,tiles/pagina_01/tile_0264.png
265,1,0,9,4240,CF6D05A1,0,,tiles/pagina_01/tile_0265.png
266,1,0,10,4256,00A24940,0,,tiles/pagina_01/tile_0266.png
267,1,0,11,4272,DEE49CC6,0,,tiles/pagina_01/tile_0267.png
268,1,0,12,4288,9B630F35,0,,tiles/pagina_01/tile_0268.png
269,1,0,13,4304,3C86B725,0,,tiles/pagina_01/tile_0269.png
270,1,0,14,4320,57EEF641,0,,tiles/pagina_01/tile_0270.png
271,1,0,15,4336,7A4F3609,0,,tiles/pagina_01/tile_0271.png
272,1,1,0,4352,E88C6B06,0,,tiles/pagina_01/tile_0272.png
273,1,1,1,4368,7F9E1C87,0,,tiles/pagina_01/tile_0273.png
274,1,1,2,4384,29AA6CF9,0,,tiles/pagina_01/tile_0274.png
275,1,1,3,4400,6F176A25,0,,tiles/pagina_01/tile_0275.png
276,1,1,4,4416,C0A3D5D7,0,,tiles/pagina_01/tile_0276.png
277,1,1,5,4432,95F09F74,0,,tiles/pagina_01/tile_0277.png
278,1,1,6,4448,2EEFB6F3,0,,tiles/pagina_01/tile_0278.png
279,1,1,7,4464,6EEFD26E,0,,tiles/pagina_01/tile_0279.png
280,1,1,8,4480,69691905,1,22,tiles/pagina_01/tile_0280.png
281,1,1,9,4496,E97FE7BA,0,,tiles/pagina_01/tile_0281.png
282,1,1,10,4512,69691905,1,22,tiles/pagina_01/tile_0282.png
283,1,1,11,4528,49B9A33A,0,,tiles/pagina_01/tile_0283.png
284,1,1,12,4544,2F477443,0,,tiles/pagina_01/tile_0284.png
285,1,1,13,4560,59F3A75C,0,,tiles/pagina_01/tile_0285.png
286,1,1,14,4576,2ADA1F9C,0,,tiles/pagina_01/tile_0286.png
287,1,1,15,4592,028C45E1,0,,tiles/pagina_01/tile_0287.png
288,1,2,0,4608,69691905,1,22,tiles/pagina_01/tile_0288.png
289,1,2,1,4624,CDF74181,0,,tiles/pagina_01/tile_0289.png
290,1,2,2,4640,69691905,1,22,tiles/pagina_01/tile_0290.png
291,1,2,3,4656,3A49604A,0,,tiles/pagina_01/tile_0291.png
292,1,2,4,4672,92EE60E5,0,,tiles/pagina_01/tile_0292.png
293,1,2,5,4688,8E7D5EEF,0,,tiles/pagina_01/tile_0293.png
294,1,2,6,4704,0299540B,0,,tiles/pagina_01/tile_0294.png
295,1,2,7,4720,D2CF4765,0,,tiles/pagina_01/tile_0295.png
296,1,2,8,4736,69691905,1,22,tiles/pagina_01/tile_0296.png
297,1,2,9,4752,07048D75,0,,tiles/pagina_01/tile_0297.png
298,1,2,10,4768,69691905,1,22,tiles/pagina_01/tile_0298.png
299,1,2,11,4784,D4AE0EBA,0,,tiles/pagina_01/tile_0299.png
300,1,2,12,4800,69691905,1,22,tiles/pagina_01/tile_0300.png
301,1,2,13,4816,AF2CB0BA,0,,tiles/pagina_01/tile_0301.png
302,1,2,14,4832,69691905,1,22,tiles/pagina_01/tile_0302.png
303,1,2,15,4848,DAE7C539,0,,tiles/pagina_01/tile_0303.png
304,1,3,0,4864,69691905,1,22,tiles/pagina_01/tile_0304.png
305,1,3,1,4880,69691905,1,22,tiles/pagina_01/tile_0305.png
306,1,3,2,4896,A32EFA61,0,,tiles/pagina_01/tile_0306.png
307,1,3,3,4912,DBDC23F1,0,,tiles/pagina_01/tile_0307.png
308,1,3,4,4928,1A96549D,0,,tiles/pagina_01/tile_0308.png
309,1,3,5,4944,F20ABAD5,0,,tiles/pagina_01/tile_0309.png
310,1,3,6,4960,4832647A,0,,tiles/pagina_01/tile_0310.png
311,1,3,7,4976,C715B158,0,,tiles/pagina_01/tile_0311.png
312,1,3,8,4992,74204C1D,0,,tiles/pagina_01/tile_0312.png
313,1,3,9,5008,7A089DBD,0,,tiles/pagina_01/tile_0313.png
314,1,3,10,5024,48529450,0,,tiles/pagina_01/tile_0314.png
315,1,3,11,5040,6903CA6A,0,,tiles/pagina_01/tile_0315.png
316,1,3,12,5056,7C32362E,0,,tiles/pagina_01/tile_0316.png
317,1,3,13,5072,E71A2B57,0,,tiles/pagina_01/tile_0317.png
318,1,3,14,5088,1CF8F76B,0,,tiles/pagina_01/tile_0318.png
319,1,3,15,5104,664B5A4F,0,,tiles/pagina_01/tile_0319.png
320,1,4,0,5120,C44813E2,0,,tiles/pagina_01/tile_0320.png
321,1,4,1,5136,71C4C7E1,0,,tiles/pagina_01/tile_0321.png
322,1,4,2,5152,07A6C2CD,0,,tiles/pagina_01/tile_0322.png
323,1,4,3,5168,5BC60DA9,0,,tiles/pagina_01/tile_0323.png
324,1,4,4,5184,CEFC140A,0,,tiles/pagina_01/tile_0324.png
325,1,4,5,5200,7C5BAEC7,0,,tiles/pagina_01/tile_0325.png
326,1,4,6,5216,AAB794B9,0,,tiles/pagina_01/tile_0326.png
327,1,4,7,5232,1E904D29,0,,tiles/pagina_01/tile_0327.png
328,1,4,8,5248,4A9D9D16,0,,tiles/pagina_01/tile_0328.png
329,1,4,9,5264,EAE1A035,0,,tiles/pagina_01/tile_0329.png
330,1,4,10,5280,EC87A9B3,0,,tiles/pagina_01/tile_0330.png
331,1,4,11,5296,668EE09D,0,,tiles/pagina_01/tile_0331.png
332,1,4,12,5312,82C0FD99,0,,tiles/pagina_01/tile_0332.png
333,1,4,13,5328,1549D775,0,,tiles/pagina_01/tile_0333.png
334,1,4,14,5344,669BCFAA,0,,tiles/pagina_01/tile_0334.png
335,1,4,15,5360,9BA728F6,0,,tiles/pagina_01/tile_0335.png
336,1,5,0,5376,1759D4C9,0,,tiles/pagina_01/tile_0336.png
337,1,5,1,5392,8205FE5C,0,,tiles/pagina_01/tile_0337.png
338,1,5,2,5408,FCB1684D,0,,tiles/pagina_01/tile_0338.png
339,1,5,3,5424,E7CEBB25,0,,tiles/pagina_01/tile_0339.png
340,1,5,4,5440,AC5ECDA8,0,,tiles/pagina_01/tile_0340.png
341,1,5,5,5456,3F3CDCD2,0,,tiles/pagina_01/tile_0341.png
342,1,5,6,5472,228084E5,0,,tiles/pagina_01/tile_0342.png
343,1,5,7,5488,B218A55F,0,,tiles/pagina_01/tile_0343.png
344,1,5,8,5504,6A8FE7B4,0,,tiles/pagina_01/tile_0344.png
345,1,5,9,5520,1BA7AEF9,0,,tiles/pagina_01/tile_0345.png
346,1,5,10,5536,B02F5D38,0,,tiles/pagina_01/tile_0346.png
347,1,5,11,5552,FEB82811,0,,tiles/pagina_01/tile_0347.png
348,1,5,12,5568,ABFBC02A,0,,tiles/pagina_01/tile_0348.png
349,1,5,13,5584,02C74AEF,0,,tiles/pagina_01/tile_0349.png
350,1,5,14,5600,74F594F5,0,,tiles/pagina_01/tile_0350.png
351,1,5,15,5616,97A6E199,0,,tiles/pagina_01/tile_0351.png
352,1,6,0,5632,8862EE2E,0,,tiles/pagina_01/tile_0352.png
353,1,6,1,5648,42C241F8,0,,tiles/pagina_01/tile_0353.png
354,1,6,2,5664,5E2864C5,0,,tiles/pagina_01/tile_0354.png
355,1,6,3,5680,9BDBEB85,0,,tiles/pagina_01/tile_0355.png
356,1,6,4,5696,885E77CC,0,,tiles/pagina_01/tile_0356.png
357,1,6,5,5712,69691905,1,22,tiles/pagina_01/tile_0357.png
358,1,6,6,5728,891FFE51,0,,tiles/pagina_01/tile_0358.png
359,1,6,7,5744,69691905,1,22,tiles/pagina_01/tile_0359.png
360,1,6,8,5760,FE67BFDA,0,,tiles/pagina_01/tile_0360.png
361,1,6,9,5776,0F247029,0,,tiles/pagina_01/tile_0361.png
362,1,6,10,5792,00D7068F,0,,tiles/pagina_01/tile_0362.png
363,1,6,11,5808,9BA728F6,0,335,tiles/pagina_01/tile_0363.png
364,1,6,12,5824,DFFD47AD,0,,tiles/pagina_01/tile_0364.png
365,1,6,13,5840,E262CFE7,0,,tiles/pagina_01/tile_0365.png
366,1,6,14,5856,D359F00A,0,,tiles/pagina_01/tile_0366.png
367,1,6,15,5872,E262CFE7,0,365,tiles/pagina_01/tile_0367.png
368,1,7,0,5888,5702EECC,0,,tiles/pagina_01/tile_0368.png
369,1,7,1,5904,69691905,1,22,tiles/pagina_01/tile_0369.png
370,1,7,2,5920,2013FFCC,0,,tiles/pagina_01/tile_0370.png
371,1,7,3,5936,69691905,1,22,tiles/pagina_01/tile_0371.png
372,1,7,4,5952,256553D8,0,,tiles/pagina_01/tile_0372.png
373,1,7,5,5968,67C267E5,0,,tiles/pagina_01/tile_0373.png
374,1,7,6,5984,62916101,0,,tiles/pagina_01/tile_0374.png
375,1,7,7,6000,1C7145D5,0,,tiles/pagina_01/tile_0375.png
376,1,7,8,6016,806BD260,0,,tiles/pagina_01/tile_0376.png
377,1,7,9,6032,B549045D,0,,tiles/pagina_01/tile_0377.png
378,1,7,10,6048,36E1B0E5,0,,tiles/pagina_01/tile_0378.png
379,1,7,11,6064,4A6BD20D,0,,tiles/pagina_01/tile_0379.png
380,1,7,12,6080,455A9745,0,,tiles/pagina_01/tile_0380.png
381,1,7,13,6096,CC71C472,0,,tiles/pagina_01/tile_0381.png
382,1,7,14,6112,7653599F,0,,tiles/pagina_01/tile_0382.png
383,1,7,15,6128,74B4B057,0,,tiles/pagina_01/tile_0383.png
384,1,8,0,6144,B9A2A894,0,,tiles/pagina_01/tile_0384.png
385,1,8,1,6160,839D67B6,0,,tiles/pagina_01/tile_0385.png
386,1,8,2,6176,03C19BC1,0,,tiles/pagina_01/tile_0386.png
387,1,8,3,6192,AFC82825,0,,tiles/pagina_01/tile_0387.png
388,1,8,4,6208,81101F1C,0,,tiles/pagina_01/tile_0388.png
389,1,8,5,6224,F41C501D,0,,tiles/pagina_01/tile_0389.png
390,1,8,6,6240,14F44F8F,0,,tiles/pagina_01/tile_0390.png
391,1,8,7,6256,4B751F6D,0,,tiles/pagina_01/tile_0391.png
392,1,8,8,6272,66C3B119,0,,tiles/pagina_01/tile_0392.png
393,1,8,9,6288,52191AE1,0,,tiles/pagina_01/tile_0393.png
394,1,8,10,6304,7AC171E9,0,,tiles/pagina_01/tile_0394.png
395,1,8,11,6320,0A0557E6,0,,tiles/pagina_01/tile_0395.png
396,1,8,12,6336,F3BD01A3,0,,tiles/pagina_01/tile_0396.png
397,1,8,13,6352,0B3BF8B9,0,,tiles/pagina_01/tile_0397.png
398,1,8,14,6368,224A89B0,0,,tiles/pagina_01/tile_0398.png
399,1,8,15,6384,6FE0ED65,0,,tiles/pagina_01/tile_0399.png
400,1,9,0,6400,A8F79107,0,,tiles/pagina_01/tile_0400.png
401,1,9,1,6416,F030D7CE,0,,tiles/pagina_01/tile_0401.png
402,1,9,2,6432,316A53DD,0,,tiles/pagina_01/tile_0402.png
403,1,9,3,6448,69691905,1,22,tiles/pagina_01/tile_0403.png
404,1,9,4,6464,19456A57,0,,tiles/pagina_01/tile_0404.png
405,1,9,5,6480,3B423C60,0,,tiles/pagina_01/tile_0405.png
406,1,9,6,6496,D4D39FA5,0,,tiles/pagina_01/tile_0406.png
407,1,9,7,6512,B01B629F,0,,tiles/pagina_01/tile_0407.png
408,1,9,8,6528,EE9D7773,0,,tiles/pagina_01/tile_0408.png
409,1,9,9,6544,AD72BDF3,0,,tiles/pagina_01/tile_0409.png
410,1,9,10,6560,767B37B8,0,,tiles/pagina_01/tile_0410.png
411,1,9,11,6576,3F53C5D5,0,,tiles/pagina_01/tile_0411.png
412,1,9,12,6592,0B5B7FBB,0,,tiles/pagina_01/tile_0412.png
413,1,9,13,6608,F653B35B,0,,tiles/pagina_01/tile_0413.png
414,1,9,14,6624,85F2ADD9,0,,tiles/pagina_01/tile_0414.png
415,1,9,15,6640,BD3BF4ED,0,,tiles/pagina_01/tile_0415.png
416,1,10,0,6656,22B88824,0,,tiles/pagina_01/tile_0416.png
417,1,10,1,6672,3CC79BD6,0,,tiles/pagina_01/tile_0417.png
418,1,10,2,6688,A527E2A4,0,,tiles/pagina_01/tile_0418.png
419,1,10,3,6704,33152554,0,,tiles/pagina_01/tile_0419.png
420,1,10,4,6720,BD847E0B,0,,tiles/pagina_01/tile_0420.png
421,1,10,5,6736,B883A802,0,,tiles/pagina_01/tile_0421.png
422,1,10,6,6752,BFA121C4,0,,tiles/pagina_01/tile_0422.png
423,1,10,7,6768,94E84FC4,0,,tiles/pagina_01/tile_0423.png
424,1,10,8,6784,5947BC2D,0,,tiles/pagina_01/tile_0424.png
425,1,10,9,6800,D8A889F2,0,,tiles/pagina_01/tile_0425.png
426,1,10,10,6816,1E8EABD3,0,,tiles/pagina_01/tile_0426.png
427,1,10,11,6832,0DB29B0A,0,,tiles/pagina_01/tile_0427.png
428,1,10,12,6848,8CCFEF74,0,,tiles/pagina_01/tile_0428.png
429,1,10,13,6864,1987F90C,0,,tiles/pagina_01/tile_0429.png
430,1,10,14,6880,00C83ADC,0,,tiles/pagina_01/tile_0430.png
431,1,10,15,6896,6301291E,0,,tiles/pagina_01/tile_0431.png
432,1,11,0,6912,EDE451DC,0,,tiles/pagina_01/tile_0432.png
433,1,11,1,6928,0AB80E4B,0,,tiles/pagina_01/tile_0433.png
434,1,11,2,6944,40E21323,0,,tiles/pagina_01/tile_0434.png
435,1,11,3,6960,AE55EE03,0,,tiles/pagina_01/tile_0435.png
436,1,11,4,6976,8CDEAC0D,0,,tiles/pagina_01/tile_0436.png
437,1,11,5,6992,0D3912EC,0,,tiles/pagina_01/tile_0437.png
438,1,11,6,7008,B54B5E23,0,,tiles/pagina_01/tile_0438.png
439,1,11,7,7024,49FA7ACF,0,,tiles/pagina_01/tile_0439.png
440,1,11,8,7040,FFF09806,0,,tiles/pagina_01/tile_0440.png
441,1,11,9,7056,649A6BD8,0,,tiles/pagina_01/tile_0441.png
442,1,11,10,7072,209AD2F9,0,,tiles/pagina_01/tile_0442.png
443,1,11,11,7088,D5B253D4,0,,tiles/pagina_01/tile_0443.png
444,1,11,12,7104,FA311A6B,0,,tiles/pagina_01/tile_0444.png
445,1,11,13,7120,0A0F93DF,0,,tiles/pagina_01/tile_0445.png
446,1,11,14,7136,4DF61132,0,,tiles/pagina_01/tile_0446.png
447,1,11,15,7152,FFF3497D,0,,tiles/pagina_01/tile_0447.png
448,1,12,0,7168,BF574AD6,0,,tiles/pagina_01/tile_0448.png
449,1,12,1,7184,E65BA3E5,0,,tiles/pagina_01/tile_0449.png
450,1,12,2,7200,4A23206D,0,,tiles/pagina_01/tile_0450.png
451,1,12,3,7216,CF6302F9,0,,tiles/pagina_01/tile_0451.png
452,1,12,4,7232,257B0CCF,0,,tiles/pagina_01/tile_0452.png
453,1,12,5,7248,050EF937,0,,tiles/pagina_01/tile_0453.png
454,1,12,6,7264,1F6A497D,0,,tiles/pagina_01/tile_0454.png
455,1,12,7,7280,ECFCDEB5,0,,tiles/pagina_01/tile_0455.png
456,1,12,8,7296,8701697B,0,,tiles/pagina_01/tile_0456.png
457,1,12,9,7312,893592EF,0,,tiles/pagina_01/tile_0457.png
458,1,12,10,7328,EAA18B73,0,,tiles/pagina_01/tile_0458.png
459,1,12,11,7344,78F06279,0,,tiles/pagina_01/tile_0459.png
460,1,12,12,7360,343C731E,0,,tiles/pagina_01/tile_0460.png
461,1,12,13,7376,38039EF6,0,,tiles/pagina_01/tile_0461.png
462,1,12,14,7392,4A23206D,0,450,tiles/pagina_01/tile_0462.png
463,1,12,15,7408,252B45DB,0,,tiles/pagina_01/tile_0463.png
464,1,13,0,7424,451DF702,0,,tiles/pagina_01/tile_0464.png
465,1,13,1,7440,3B59417B,0,,tiles/pagina_01/tile_0465.png
466,1,13,2,7456,F855854D,0,,tiles/pagina_01/tile_0466.png
467,1,13,3,7472,71DAC7D5,0,,tiles/pagina_01/tile_0467.png
468,1,13,4,7488,D6563B0E,0,,tiles/pagina_01/tile_0468.png
469,1,13,5,7504,A0D66459,0,,tiles/pagina_01/tile_0469.png
470,1,13,6,7520,4A23206D,0,450,tiles/pagina_01/tile_0470.png
471,1,13,7,7536,27E1F691,0,,tiles/pagina_01/tile_0471.png
472,1,13,8,7552,BE7BEF44,0,,tiles/pagina_01/tile_0472.png
473,1,13,9,7568,D6E33B30,0,,tiles/pagina_01/tile_0473.png
474,1,13,10,7584,F5FF88F7,0,,tiles/pagina_01/tile_0474.png
475,1,13,11,7600,0DE5D320,0,,tiles/pagina_01/tile_0475.png
476,1,13,12,7616,DA3B5C87,0,,tiles/pagina_01/tile_0476.png
477,1,13,13,7632,298F0711,0,,tiles/pagina_01/tile_0477.png
478,1,13,14,7648,E4B5A901,0,,tiles/pagina_01/tile_0478.png
479,1,13,15,7664,F4DAC92B,0,,tiles/pagina_01/tile_0479.png
480,1,14,0,7680,EDE451DC,0,432,tiles/pagina_01/tile_0480.png
481,1,14,1,7696,B08E5F53,0,,tiles/pagina_01/tile_0481.png
482,1,14,2,7712,D85D0DB4,0,,tiles/pagina_01/tile_0482.png
483,1,14,3,7728,65E6E423,0,,tiles/pagina_01/tile_0483.png
484,1,14,4,7744,7AFC8680,0,,tiles/pagina_01/tile_0484.png
485,1,14,5,7760,9FCDD6E4,0,,tiles/pagina_01/tile_0485.png
486,1,14,6,7776,F4607A95,0,,tiles/pagina_01/tile_0486.png
487,1,14,7,7792,F1316301,0,,tiles/pagina_01/tile_0487.png
488,1,14,8,7808,11B89C91,0,,tiles/pagina_01/tile_0488.png
489,1,14,9,7824,E6BB2331,0,,tiles/pagina_01/tile_0489.png
490,1,14,10,7840,5C85452D,0,,tiles/pagina_01/tile_0490.png
491,1,14,11,7856,195A7791,0,,tiles/pagina_01/tile_0491.png
492,1,14,12,7872,4AA80368,0,,tiles/pagina_01/tile_0492.png
493,1,14,13,7888,39E09461,0,,tiles/pagina_01/tile_0493.png
494,1,14,14,7904,33E7D5D8,0,,tiles/pagina_01/tile_0494.png
495,1,14,15,7920,D08E7A41,0,,tiles/pagina_01/tile_0495.png
496,1,15,0,7936,40E21323,0,434,tiles/pagina_01/tile_0496.png
497,1,15,1,7952,BAD4929F,0,,tiles/pagina_01/tile_0497.png
498,1,15,2,7968,521AFE77,0,,tiles/pagina_01/tile_0498.png
499,1,15,3,7984,69691905,1,22,tiles/pagina_01/tile_0499.png
500,1,15,4,8000,7A7632BD,0,,tiles/pagina_01/tile_0500.png
501,1,15,5,8016,0FEF749C,0,,tiles/pagina_01/tile_0501.png
502,1,15,6,8032,C99C08E5,0,,tiles/pagina_01/tile_0502.png
503,1,15,7,8048,4E4DCEE9,0,,tiles/pagina_01/tile_0503.png
504,1,15,8,8064,6DF124B1,0,,tiles/pagina_01/tile_0504.png
505,1,15,9,8080,2C88B101,0,,tiles/pagina_01/tile_0505.png
506,1,15,10,8096,E1F606D4,0,,tiles/pagina_01/tile_0506.png
507,1,15,11,8112,95D70794,0,,tiles/pagina_01/tile_0507.png
508,1,15,12,8128,5466620D,0,,tiles/pagina_01/tile_0508.png
509,1,15,13,8144,5466620D,0,508,tiles/pagina_01/tile_0509.png
510,1,15,14,8160,4506AFA9,0,,tiles/pagina_01/tile_0510.png
511,1,15,15,8176,69691905,1,22,tiles/pagina_01/tile_0511.png
512,2,0,0,8192,13C4A9C5,0,,tiles/pagina_02/tile_0512.png
513,2,0,1,8208,5C6024BC,0,,tiles/pagina_02/tile_0513.png
514,2,0,2,8224,5CCA59BC,0,,tiles/pagina_02/tile_0514.png
515,2,0,3,8240,F1007EFD,0,,tiles/pagina_02/tile_0515.png
516,2,0,4,8256,CB25F54D,0,,tiles/pagina_02/tile_0516.png
517,2,0,5,8272,69691905,1,22,tiles/pagina_02/tile_0517.png
518,2,0,6,8288,69691905,1,22,tiles/pagina_02/tile_0518.png
519,2,0,7,8304,69691905,1,22,tiles/pagina_02/tile_0519.png
520,2,0,8,8320,69691905,1,22,tiles/pagina_02/tile_0520.png
521,2,0,9,8336,C239825D,0,,tiles/pagina_02/tile_0521.png
522,2,0,10,8352,02FA223C,0,,tiles/pagina_02/tile_0522.png
523,2,0,11,8368,319C9D98,0,,tiles/pagina_02/tile_0523.png
524,2,0,12,8384,8200E39B,0,,tiles/pagina_02/tile_0524.png
525,2,0,13,8400,D6C3A2BF,0,,tiles/pagina_02/tile_0525.png
526,2,0,14,8416,9B2A25ED,0,,tiles/pagina_02/tile_0526.png
527,2,0,15,8432,02BE8A37,0,,tiles/pagina_02/tile_0527.png
528,2,1,0,8448,7C9B8265,0,,tiles/pagina_02/tile_0528.png
529,2,1,1,8464,38864632,0,,tiles/pagina_02/tile_0529.png
530,2,1,2,8480,346A271D,0,,tiles/pagina_02/tile_0530.png
531,2,1,3,8496,346A271D,0,530,tiles/pagina_02/tile_0531.png
532,2,1,4,8512,D181AFD9,0,,tiles/pagina_02/tile_0532.png
533,2,1,5,8528,A6E8AA81,0,,tiles/pagina_02/tile_0533.png
534,2,1,6,8544,730BE9DA,0,,tiles/pagina_02/tile_0534.png
535,2,1,7,8560,6DEBB9FD,0,,tiles/pagina_02/tile_0535.png
536,2,1,8,8576,6DEBB9FD,0,535,tiles/pagina_02/tile_0536.png
537,2,1,9,8592,6DEBB9FD,0,535,tiles/pagina_02/tile_0537.png
538,2,1,10,8608,9F412294,0,,tiles/pagina_02/tile_0538.png
539,2,1,11,8624,F2FA6B7E,0,,tiles/pagina_02/tile_0539.png
540,2,1,12,8640,330E3748,0,,tiles/pagina_02/tile_0540.png
541,2,1,13,8656,5DF4A49F,0,,tiles/pagina_02/tile_0541.png
542,2,1,14,8672,D62C2917,0,,tiles/pagina_02/tile_0542.png
543,2,1,15,8688,B3D3C847,0,,tiles/pagina_02/tile_0543.png
544,2,2,0,8704,239DE901,0,,tiles/pagina_02/tile_0544.png
545,2,2,1,8720,72BF982D,0,,tiles/pagina_02/tile_0545.png
546,2,2,2,8736,C309620D,0,,tiles/pagina_02/tile_0546.png
547,2,2,3,8752,1FF0C3DA,0,,tiles/pagina_02/tile_0547.png
548,2,2,4,8768,BF9F361F,0,,tiles/pagina_02/tile_0548.png
549,2,2,5,8784,CAE77252,0,,tiles/pagina_02/tile_0549.png
550,2,2,6,8800,F2E5527D,0,,tiles/pagina_02/tile_0550.png
551,2,2,7,8816,2D3C180A,0,,tiles/pagina_02/tile_0551.png
552,2,2,8,8832,D7CB2E16,0,,tiles/pagina_02/tile_0552.png
553,2,2,9,8848,4E9DCD53,0,,tiles/pagina_02/tile_0553.png
554,2,2,10,8864,826CD09B,0,,tiles/pagina_02/tile_0554.png
555,2,2,11,8880,C5A788F2,0,,tiles/pagina_02/tile_0555.png
556,2,2,12,8896,68EC79BE,0,,tiles/pagina_02/tile_0556.png
557,2,2,13,8912,B7144696,0,,tiles/pagina_02/tile_0557.png
558,2,2,14,8928,C7C0E1A3,0,,tiles/pagina_02/tile_0558.png
559,2,2,15,8944,CCD7DEAF,0,,tiles/pagina_02/tile_0559.png
560,2,3,0,8960,69691905,1,22,tiles/pagina_02/tile_0560.png
561,2,3,1,8976,69691905,1,22,tiles/pagina_02/tile_0561.png
562,2,3,2,8992,69691905,1,22,tiles/pagina_02/tile_0562.png
563,2,3,3,9008,69691905,1,22,tiles/pagina_02/tile_0563.png
564,2,3,4,9024,730BE9DA,0,534,tiles/pagina_02/tile_0564.png
565,2,3,5,9040,F1007EFD,0,515,tiles/pagina_02/tile_0565.png
566,2,3,6,9056,CB25F54D,0,516,tiles/pagina_02/tile_0566.png
567,2,3,7,9072,6DEBB9FD,0,535,tiles/pagina_02/tile_0567.png
568,2,3,8,9088,09E860A1,0,,tiles/pagina_02/tile_0568.png
569,2,3,9,9104,EDEA8EB8,0,,tiles/pagina_02/tile_0569.png
570,2,3,10,9120,B124713F,0,,tiles/pagina_02/tile_0570.png
571,2,3,11,9136,5AF18C57,0,,tiles/pagina_02/tile_0571.png
572,2,3,12,9152,6DEBB9FD,0,535,tiles/pagina_02/tile_0572.png
573,2,3,13,9168,6DEBB9FD,0,535,tiles/pagina_02/tile_0573.png
574,2,3,14,9184,770935B1,0,,tiles/pagina_02/tile_0574.png
575,2,3,15,9200,532AE15D,0,,tiles/pagina_02/tile_0575.png
576,2,4,0,9216,E69B9DF1,0,,tiles/pagina_02/tile_0576.png
577,2,4,1,9232,1851FA6D,0,,tiles/pagina_02/tile_0577.png
578,2,4,2,9248,E78FED55,0,,tiles/pagina_02/tile_0578.png
579,2,4,3,9264,4D505EBD,0,,tiles/pagina_02/tile_0579.png
580,2,4,4,9280,C99C08E5,0,502,tiles/pagina_02/tile_0580.png
581,2,4,5,9296,4E4DCEE9,0,503,tiles/pagina_02/tile_0581.png
582,2,4,6,9312,587C81BA,0,,tiles/pagina_02/tile_0582.png
583,2,4,7,9328,692DB1B9,0,,tiles/pagina_02/tile_0583.png
584,2,4,8,9344,6DF124B1,0,504,tiles/pagina_02/tile_0584.png
585,2,4,9,9360,2C88B101,0,505,tiles/pagina_02/tile_0585.png
586,2,4,10,9376,2EE94684,0,,tiles/pagina_02/tile_0586.png
587,2,4,11,9392,C3B2A432,0,,tiles/pagina_02/tile_0587.png
588,2,4,12,9408,E1F606D4,0,506,tiles/pagina_02/tile_0588.png
589,2,4,13,9424,95D70794,0,507,tiles/pagina_02/tile_0589.png
590,2,4,14,9440,C916FA1B,0,,tiles/pagina_02/tile_0590.png
591,2,4,15,9456,82519B11,0,,tiles/pagina_02/tile_0591.png
592,2,5,0,9472,9698472A,0,,tiles/pagina_02/tile_0592.png
593,2,5,1,9488,9C44354A,0,,tiles/pagina_02/tile_0593.png
594,2,5,2,9504,5C443C08,0,,tiles/pagina_02/tile_0594.png
595,2,5,3,9520,BB1542EB,0,,tiles/pagina_02/tile_0595.png
596,2,5,4,9536,772756CA,0,,tiles/pagina_02/tile_0596.png
597,2,5,5,9552,94DB194A,0,,tiles/pagina_02/tile_0597.png
598,2,5,6,9568,5E3936E9,0,,tiles/pagina_02/tile_0598.png
599,2,5,7,9584,912F122E,0,,tiles/pagina_02/tile_0599.png
600,2,5,8,9600,F1007EFD,0,515,tiles/pagina_02/tile_0600.png
601,2,5,9,9616,CB25F54D,0,516,tiles/pagina_02/tile_0601.png
602,2,5,10,9632,B05BC729,0,,tiles/pagina_02/tile_0602.png
603,2,5,11,9648,FA9AA0BC,0,,tiles/pagina_02/tile_0603.png
604,2,5,12,9664,76AD7A9D,0,,tiles/pagina_02/tile_0604.png
605,2,5,13,9680,81781735,0,,tiles/pagina_02/tile_0605.png
606,2,5,14,9696,D8F3D3FD,0,,tiles/pagina_02/tile_0606.png
607,2,5,15,9712,E94CEA0D,0,,tiles/pagina_02/tile_0607.png
608,2,6,0,9728,1B420279,0,,tiles/pagina_02/tile_0608.png
609,2,6,1,9744,62740229,0,,tiles/pagina_02/tile_0609.png
610,2,6,2,9760,308D56FD,0,,tiles/pagina_02/tile_0610.png
611,2,6,3,9776,6E66C15A,0,,tiles/pagina_02/tile_0611.png
612,2,6,4,9792,453C2F05,0,,tiles/pagina_02/tile_0612.png
613,2,6,5,9808,08B2CE75,0,,tiles/pagina_02/tile_0613.png
614,2,6,6,9824,4D529BBD,0,,tiles/pagina_02/tile_0614.png
615,2,6,7,9840,53DAD221,0,,tiles/pagina_02/tile_0615.png
616,2,6,8,9856,9CD70156,0,,tiles/pagina_02/tile_0616.png
617,2,6,9,9872,E21D182E,0,,tiles/pagina_02/tile_0617.png
618,2,6,10,9888,5C5F083E,0,,tiles/pagina_02/tile_0618.png
619,2,6,11,9904,81C889FD,0,,tiles/pagina_02/tile_0619.png
620,2,6,12,9920,0DDDA0F7,0,,tiles/pagina_02/tile_0620.png
621,2,6,13,9936,DFB69C49,0,,tiles/pagina_02/tile_0621.png
622,2,6,14,9952,E2D303B7,0,,tiles/pagina_02/tile_0622.png
623,2,6,15,9968,9C696F3F,0,,tiles/pagina_02/tile_0623.png
624,2,7,0,9984,B09CB091,0,,tiles/pagina_02/tile_0624.png
625,2,7,1,10000,27DA335B,0,,tiles/pagina_02/tile_0625.png
626,2,7,2,10016,A1B82622,0,,tiles/pagina_02/tile_0626.png
627,2,7,3,10032,C1A0E4DF,0,,tiles/pagina_02/tile_0627.png
628,2,7,4,10048,494AE044,0,,tiles/pagina_02/tile_0628.png
629,2,7,5,10064,F3B3BD46,0,,tiles/pagina_02/tile_0629.png
630,2,7,6,10080,65090DDC,0,,tiles/pagina_02/tile_0630.png
631,2,7,7,10096,8D3B3653,0,,tiles/pagina_02/tile_0631.png
632,2,7,8,10112,CEE60921,0,,tiles/pagina_02/tile_0632.png
633,2,7,9,10128,C0285EB9,0,,tiles/pagina_02/tile_0633.png
634,2,7,10,10144,38C77781,0,,tiles/pagina_02/tile_0634.png
635,2,7,11,10160,671A7DD5,0,,tiles/pagina_02/tile_0635.png
636,2,7,12,10176,390B971A,0,,tiles/pagina_02/tile_0636.png
637,2,7,13,10192,34E4F663,0,,tiles/pagina_02/tile_0637.png
638,2,7,14,10208,EBF6B058,0,,tiles/pagina_02/tile_0638.png
639,2,7,15,10224,5CFF097A,0,,tiles/pagina_02/tile_0639.png
640,2,8,0,10240,DB34071E,0,,tiles/pagina_02/tile_0640.png
641,2,8,1,10256,007AAD53,0,,tiles/pagina_02/tile_0641.png
642,2,8,2,10272,96F53605,0,,tiles/pagina_02/tile_0642.png
643,2,8,3,10288,757E03D6,0,,tiles/pagina_02/tile_0643.png
644,2,8,4,10304,2738FBF0,0,,tiles/pagina_02/tile_0644.png
645,2,8,5,10320,6F2C452F,0,,tiles/pagina_02/tile_0645.png
646,2,8,6,10336,DACF8D45,0,,tiles/pagina_02/tile_0646.png
647,2,8,7,10352,BFC751D6,0,,tiles/pagina_02/tile_0647.png
648,2,8,8,10368,7B16FE78,0,,tiles/pagina_02/tile_0648.png
649,2,8,9,10384,A13FB997,0,,tiles/pagina_02/tile_0649.png
650,2,8,10,10400,6EFA898D,0,,tiles/pagina_02/tile_0650.png
651,2,8,11,10416,A778FFB4,0,,tiles/pagina_02/tile_0651.png
652,2,8,12,10432,E2273D2A,0,,tiles/pagina_02/tile_0652.png
653,2,8,13,10448,8CD77FFA,0,,tiles/pagina_02/tile_0653.png
654,2,8,14,10464,7A9A19C4,0,,tiles/pagina_02/tile_0654.png
655,2,8,15,10480,BCCE4A00,0,,tiles/pagina_02/tile_0655.png
656,2,9,0,10496,048B8826,0,,tiles/pagina_02/tile_0656.png
657,2,9,1,10512,5D881E30,0,,tiles/pagina_02/tile_0657.png
658,2,9,2,10528,6F9C5EEF,0,,tiles/pagina_02/tile_0658.png
659,2,9,3,10544,595B795F,0,,tiles/pagina_02/tile_0659.png
660,2,9,4,10560,8D6AEB12,0,,tiles/pagina_02/tile_0660.png
661,2,9,5,10576,1CE4CA9C,0,,tiles/pagina_02/tile_0661.png
662,2,9,6,10592,CC2B9B0C,0,,tiles/pagina_02/tile_0662.png
663,2,9,7,10608,B15EE77E,0,,tiles/pagina_02/tile_0663.png
664,2,9,8,10624,BAD19A2D,0,,tiles/pagina_02/tile_0664.png
665,2,9,9,10640,2BAE7296,0,,tiles/pagina_02/tile_0665.png
666,2,9,10,10656,3D8B2981,0,,tiles/pagina_02/tile_0666.png
667,2,9,11,10672,94AE12AD,0,,tiles/pagina_02/tile_0667.png
668,2,9,12,10688,6DFF975F,0,,tiles/pagina_02/tile_0668.png
669,2,9,13,10704,CBDAD4CB,0,,tiles/pagina_02/tile_0669.png
670,2,9,14,10720,F379DC8A,0,,tiles/pagina_02/tile_0670.png
671,2,9,15,10736,39AE4C6C,0,,tiles/pagina_02/tile_0671.png
672,2,10,0,10752,D9FE3A46,0,,tiles/pagina_02/tile_0672.png
673,2,10,1,10768,7D2BC990,0,,tiles/pagina_02/tile_0673.png
674,2,10,2,10784,2AF40395,0,,tiles/pagina_02/tile_0674.png
675,2,10,3,10800,979574E3,0,,tiles/pagina_02/tile_0675.png
676,2,10,4,10816,26541F1B,0,,tiles/pagina_02/tile_0676.png
677,2,10,5,10832,6B7FE4C5,0,,tiles/pagina_02/tile_0677.png
678,2,10,6,10848,1302AC9C,0,,tiles/pagina_02/tile_0678.png
679,2,10,7,10864,459B7FA6,0,,tiles/pagina_02/tile_0679.png
680,2,10,8,10880,5DE4E2F3,0,,tiles/pagina_02/tile_0680.png
681,2,10,9,10896,8E158EFD,0,,tiles/pagina_02/tile_0681.png
682,2,10,10,10912,3E4045D1,0,,tiles/pagina_02/tile_0682.png
683,2,10,11,10928,EB152CBF,0,,tiles/pagina_02/tile_0683.png
684,2,10,12,10944,F9FDA379,0,,tiles/pagina_02/tile_0684.png
685,2,10,13,10960,33B342BA,0,,tiles/pagina_02/tile_0685.png
686,2,10,14,10976,849C6625,0,,tiles/pagina_02/tile_0686.png
687,2,10,15,10992,C4D29F2F,0,,tiles/pagina_02/tile_0687.png
688,2,11,0,11008,0B31DAD6,0,,tiles/pagina_02/tile_0688.png
689,2,11,1,11024,66660DBD,0,,tiles/pagina_02/tile_0689.png
690,2,11,2,11040,0F084E9D,0,,tiles/pagina_02/tile_0690.png
691,2,11,3,11056,096F6665,0,,tiles/pagina_02/tile_0691.png
692,2,11,4,11072,548A2A67,0,,tiles/pagina_02/tile_0692.png
693,2,11,5,11088,8C415CE8,0,,tiles/pagina_02/tile_0693.png
694,2,11,6,11104,EDAD02B3,0,,tiles/pagina_02/tile_0694.png
695,2,11,7,11120,CE9137FB,0,,tiles/pagina_02/tile_0695.png
696,2,11,8,11136,92AF8374,0,,tiles/pagina_02/tile_0696.png
697,2,11,9,11152,38FA6B40,0,,tiles/pagina_02/tile_0697.png
698,2,11,10,11168,459F8063,0,,tiles/pagina_02/tile_0698.png
699,2,11,11,11184,23C120BB,0,,tiles/pagina_02/tile_0699.png
700,2,11,12,11200,DF778144,0,,tiles/pagina_02/tile_0700.png
701,2,11,13,11216,BD38E419,0,,tiles/pagina_02/tile_0701.png
702,2,11,14,11232,7C8225CB,0,,tiles/pagina_02/tile_0702.png
703,2,11,15,11248,69691905,1,22,tiles/pagina_02/tile_0703.png
704,2,12,0,11264,7DB9C913,0,,tiles/pagina_02/tile_0704.png
705,2,12,1,11280,65B15246,0,,tiles/pagina_02/tile_0705.png
706,2,12,2,11296,E2C648CB,0,,tiles/pagina_02/tile_0706.png
707,2,12,3,11312,9F811846,0,,tiles/pagina_02/tile_0707.png
708,2,12,4,11328,F22AB523,0,,tiles/pagina_02/tile_0708.png
709,2,12,5,11344,ADB5760F,0,,tiles/pagina_02/tile_0709.png
710,2,12,6,11360,1B45EE50,0,,tiles/pagina_02/tile_0710.png
711,2,12,7,11376,1E19C854,0,,tiles/pagina_02/tile_0711.png
712,2,12,8,11392,3CD359D3,0,,tiles/pagina_02/tile_0712.png
713,2,12,9,11408,B85F07F7,0,,tiles/pagina_02/tile_0713.png
714,2,12,10,11424,97C2ADA3,0,,tiles/pagina_02/tile_0714.png
715,2,12,11,11440,8E0A86A6,0,,tiles/pagina_02/tile_0715.png
716,2,12,12,11456,011945C5,0,,tiles/pagina_02/tile_0716.png
717,2,12,13,11472,973FBE0C,0,,tiles/pagina_02/tile_0717.png
718,2,12,14,11488,3CD359D3,0,712,tiles/pagina_02/tile_0718.png
719,2,12,15,11504,B85F07F7,0,713,tiles/pagina_02/tile_0719.png
720,2,13,0,11520,83DA2FF6,0,,tiles/pagina_02/tile_0720.png
721,2,13,1,11536,1DA484B9,0,,tiles/pagina_02/tile_0721.png
722,2,13,2,11552,5D7AB127,0,,tiles/pagina_02/tile_0722.png
723,2,13,3,11568,75F4298A,0,,tiles/pagina_02/tile_0723.png
724,2,13,4,11584,1CBCA8C3,0,,tiles/pagina_02/tile_0724.png
725,2,13,5,11600,7AA4153C,0,,tiles/pagina_02/tile_0725.png
726,2,13,6,11616,09E84F01,0,,tiles/pagina_02/tile_0726.png
727,2,13,7,11632,F3317262,0,,tiles/pagina_02/tile_0727.png
728,2,13,8,11648,B8287EDA,0,,tiles/pagina_02/tile_0728.png
729,2,13,9,11664,07D9EEE0,0,,tiles/pagina_02/tile_0729.png
730,2,13,10,11680,504CAC8B,0,,tiles/pagina_02/tile_0730.png
731,2,13,11,11696,0B9637E1,0,,tiles/pagina_02/tile_0731.png
732,2,13,12,11712,A0604B80,0,,tiles/pagina_02/tile_0732.png
733,2,13,13,11728,B2D35E62,0,,tiles/pagina_02/tile_0733.png
734,2,13,14,11744,EE3A0285,0,,tiles/pagina_02/tile_0734.png
735,2,13,15,11760,70094BB1,0,,tiles/pagina_02/tile_0735.png
736,2,14,0,11776,504CAC8B,0,730,tiles/pagina_02/tile_0736.png
737,2,14,1,11792,4FE6FD6D,0,,tiles/pagina_02/tile_0737.png
738,2,14,2,11808,504CAC8B,0,730,tiles/pagina_02/tile_0738.png
739,2,14,3,11824,3919707E,0,,tiles/pagina_02/tile_0739.png
740,2,14,4,11840,7EB668C1,0,,tiles/pagina_02/tile_0740.png
741,2,14,5,11856,31807DA7,0,,tiles/pagina_02/tile_0741.png
742,2,14,6,11872,53A56ADF,0,,tiles/pagina_02/tile_0742.png
743,2,14,7,11888,185754D5,0,,tiles/pagina_02/tile_0743.png
744,2,14,8,11904,5167F467,0,,tiles/pagina_02/tile_0744.png
745,2,14,9,11920,6D6F4EBE,0,,tiles/pagina_02/tile_0745.png
746,2,14,10,11936,7784EC32,0,,tiles/pagina_02/tile_0746.png
747,2,14,11,11952,8B961A46,0,,tiles/pagina_02/tile_0747.png
748,2,14,12,11968,A241CCF4,0,,tiles/pagina_02/tile_0748.png
749,2,14,13,11984,C96481EE,0,,tiles/pagina_02/tile_0749.png
750,2,14,14,12000,6AE2736E,0,,tiles/pagina_02/tile_0750.png
751,2,14,15,12016,0DB7D9F2,0,,tiles/pagina_02/tile_0751.png
752,2,15,0,12032,80646F95,0,,tiles/pagina_02/tile_0752.png
753,2,15,1,12048,110BBE09,0,,tiles/pagina_02/tile_0753.png
754,2,15,2,12064,48FF8465,0,,tiles/pagina_02/tile_0754.png
755,2,15,3,12080,C1150EBB,0,,tiles/pagina_02/tile_0755.png
756,2,15,4,12096,80646F95,0,752,tiles/pagina_02/tile_0756.png
757,2,15,5,12112,21B967D3,0,,tiles/pagina_02/tile_0757.png
758,2,15,6,12128,1F3CA6A0,0,,tiles/pagina_02/tile_0758.png
759,2,15,7,12144,63AB90E0,0,,tiles/pagina_02/tile_0759.png
760,2,15,8,12160,68EF987B,0,,tiles/pagina_02/tile_0760.png
761,2,15,9,12176,38D9BAD1,0,,tiles/pagina_02/tile_0761.png
762,2,15,10,12192,5E8A7AFD,0,,tiles/pagina_02/tile_0762.png
763,2,15,11,12208,AEEE7799,0,,tiles/pagina_02/tile_0763.png
764,2,15,12,12224,9B8A4A9B,0,,tiles/pagina_02/tile_0764.png
765,2,15,13,12240,FC8A7503,0,,tiles/pagina_02/tile_0765.png
766,2,15,14,12256,4E84D8FD,0,,tiles/pagina_02/tile_0766.png
767,2,15,15,12272,4E84D8FD,0,766,tiles/pagina_02/tile_0767.png
768,3,0,0,12288,B2EACF75,0,,tiles/pagina_03/tile_0768.png
769,3,0,1,12304,2F905115,0,,tiles/pagina_03/tile_0769.png
770,3,0,2,12320,B6853090,0,,tiles/pagina_03/tile_0770.png
771,3,0,3,12336,709062C1,0,,tiles/pagina_03/tile_0771.png
772,3,0,4,12352,ED8C64E3,0,,tiles/pagina_03/tile_0772.png
773,3,0,5,12368,69691905,1,22,tiles/pagina_03/tile_0773.png
774,3,0,6,12384,69691905,1,22,tiles/pagina_03/tile_0774.png
775,3,0,7,12400,69691905,1,22,tiles/pagina_03/tile_0775.png
776,3,0,8,12416,69691905,1,22,tiles/pagina_03/tile_0776.png
777,3,0,9,12432,8C553A3D,0,,tiles/pagina_03/tile_0777.png
778,3,0,10,12448,442F470B,0,,tiles/pagina_03/tile_0778.png
779,3,0,11,12464,26516EFF,0,,tiles/pagina_03/tile_0779.png
780,3,0,12,12480,AFD0753F,0,,tiles/pagina_03/tile_0780.png
781,3,0,13,12496,3E244DEF,0,,tiles/pagina_03/tile_0781.png
782,3,0,14,12512,278F82FF,0,,tiles/pagina_03/tile_0782.png
783,3,0,15,12528,D8F02421,0,,tiles/pagina_03/tile_0783.png
784,3,1,0,12544,7E33E2ED,0,,tiles/pagina_03/tile_0784.png
785,3,1,1,12560,74C24D61,0,,tiles/pagina_03/tile_0785.png
786,3,1,2,12576,AC68B999,0,,tiles/pagina_03/tile_0786.png
787,3,1,3,12592,09E860A1,0,568,tiles/pagina_03/tile_0787.png
788,3,1,4,12608,004D47BD,0,,tiles/pagina_03/tile_0788.png
789,3,1,5,12624,20770A54,0,,tiles/pagina_03/tile_0789.png
790,3,1,6,12640,C39CB4A3,0,,tiles/pagina_03/tile_0790.png
791,3,1,7,12656,C69A7185,0,,tiles/pagina_03/tile_0791.png
792,3,1,8,12672,D691A5D5,0,,tiles/pagina_03/tile_0792.png
793,3,1,9,12688,D691A5D5,0,792,tiles/pagina_03/tile_0793.png
794,3,1,10,12704,9D3796D7,0,,tiles/pagina_03/tile_0794.png
795,3,1,11,12720,C5DF0FEA,0,,tiles/pagina_03/tile_0795.png
796,3,1,12,12736,9B2A25ED,0,526,tiles/pagina_03/tile_0796.png
797,3,1,13,12752,53DAD221,0,615,tiles/pagina_03/tile_0797.png
798,3,1,14,12768,30ED9D65,0,,tiles/pagina_03/tile_0798.png
799,3,1,15,12784,AF9B21FB,0,,tiles/pagina_03/tile_0799.png
800,3,2,0,12800,30C62D24,0,,tiles/pagina_03/tile_0800.png
801,3,2,1,12816,5786A7D5,0,,tiles/pagina_03/tile_0801.png
802,3,2,2,12832,B77DA261,0,,tiles/pagina_03/tile_0802.png
803,3,2,3,12848,C309620D,0,546,tiles/pagina_03/tile_0803.png
804,3,2,4,12864,424D3702,0,,tiles/pagina_03/tile_0804.png
805,3,2,5,12880,AB29CD4E,0,,tiles/pagina_03/tile_0805.png
806,3,2,6,12896,12DE30C9,0,,tiles/pagina_03/tile_0806.png
807,3,2,7,12912,397D2A6F,0,,tiles/pagina_03/tile_0807.png
808,3,2,8,12928,44B417BF,0,,tiles/pagina_03/tile_0808.png
809,3,2,9,12944,44B417BF,0,808,tiles/pagina_03/tile_0809.png
810,3,2,10,12960,81A09B77,0,,tiles/pagina_03/tile_0810.png
811,3,2,11,12976,92E65319,0,,tiles/pagina_03/tile_0811.png
812,3,2,12,12992,453C2F05,0,612,tiles/pagina_03/tile_0812.png
813,3,2,13,13008,08B2CE75,0,613,tiles/pagina_03/tile_0813.png
814,3,2,14,13024,7F91D172,0,,tiles/pagina_03/tile_0814.png
815,3,2,15,13040,5CFF097A,0,639,tiles/pagina_03/tile_0815.png
816,3,3,0,13056,E4F511B1,0,,tiles/pagina_03/tile_0816.png
817,3,3,1,13072,3B7C16E1,0,,tiles/pagina_03/tile_0817.png
818,3,3,2,13088,506C60FE,0,,tiles/pagina_03/tile_0818.png
819,3,3,3,13104,9AA268F2,0,,tiles/pagina_03/tile_0819.png
820,3,3,4,13120,BA8603FA,0,,tiles/pagina_03/tile_0820.png
821,3,3,5,13136,09805505,0,,tiles/pagina_03/tile_0821.png
822,3,3,6,13152,78EEF82F,0,,tiles/pagina_03/tile_0822.png
823,3,3,7,13168,F324B43F,0,,tiles/pagina_03/tile_0823.png
824,3,3,8,13184,7291E3C5,0,,tiles/pagina_03/tile_0824.png
825,3,3,9,13200,A19B9F59,0,,tiles/pagina_03/tile_0825.png
826,3,3,10,13216,B124713F,0,570,tiles/pagina_03/tile_0826.png
827,3,3,11,13232,5AF18C57,0,571,tiles/pagina_03/tile_0827.png
828,3,3,12,13248,445CA69F,0,,tiles/pagina_03/tile_0828.png
829,3,3,13,13264,7944D2B3,0,,tiles/pagina_03/tile_0829.png
830,3,3,14,13280,71220FC9,0,,tiles/pagina_03/tile_0830.png
831,3,3,15,13296,96259537,0,,tiles/pagina_03/tile_0831.png
832,3,4,0,13312,69691905,1,22,tiles/pagina_03/tile_0832.png
833,3,4,1,13328,69691905,1,22,tiles/pagina_03/tile_0833.png
834,3,4,2,13344,69691905,1,22,tiles/pagina_03/tile_0834.png
835,3,4,3,13360,69691905,1,22,tiles/pagina_03/tile_0835.png
836,3,4,4,13376,BD5C4A5C,0,,tiles/pagina_03/tile_0836.png
837,3,4,5,13392,2ECA7F9E,0,,tiles/pagina_03/tile_0837.png
838,3,4,6,13408,9D9574FD,0,,tiles/pagina_03/tile_0838.png
839,3,4,7,13424,DBEC038F,0,,tiles/pagina_03/tile_0839.png
840,3,4,8,13440,484ECD6E,0,,tiles/pagina_03/tile_0840.png
841,3,4,9,13456,2B95DF10,0,,tiles/pagina_03/tile_0841.png
842,3,4,10,13472,7F37AC97,0,,tiles/pagina_03/tile_0842.png
843,3,4,11,13488,6E98FA53,0,,tiles/pagina_03/tile_0843.png
844,3,4,12,13504,004D47BD,0,788,tiles/pagina_03/tile_0844.png
845,3,4,13,13520,424D3702,0,804,tiles/pagina_03/tile_0845.png
846,3,4,14,13536,20770A54,0,789,tiles/pagina_03/tile_0846.png
847,3,4,15,13552,AB29CD4E,0,805,tiles/pagina_03/tile_0847.png
848,3,5,0,13568,9698472A,0,592,tiles/pagina_03/tile_0848.png
849,3,5,1,13584,9C44354A,0,593,tiles/pagina_03/tile_0849.png
850,3,5,2,13600,5E3936E9,0,598,tiles/pagina_03/tile_0850.png
851,3,5,3,13616,912F122E,0,599,tiles/pagina_03/tile_0851.png
852,3,5,4,13632,772756CA,0,596,tiles/pagina_03/tile_0852.png
853,3,5,5,13648,94DB194A,0,597,tiles/pagina_03/tile_0853.png
854,3,5,6,13664,5C443C08,0,594,tiles/pagina_03/tile_0854.png
855,3,5,7,13680,BB1542EB,0,595,tiles/pagina_03/tile_0855.png
856,3,5,8,13696,EAD70A30,0,,tiles/pagina_03/tile_0856.png
857,3,5,9,13712,A91ED693,0,,tiles/pagina_03/tile_0857.png
858,3,5,10,13728,40874A3E,0,,tiles/pagina_03/tile_0858.png
859,3,5,11,13744,05CBAD93,0,,tiles/pagina_03/tile_0859.png
860,3,5,12,13760,D2F302F8,0,,tiles/pagina_03/tile_0860.png
861,3,5,13,13776,AE875BBA,0,,tiles/pagina_03/tile_0861.png
862,3,5,14,13792,B353F37C,0,,tiles/pagina_03/tile_0862.png
863,3,5,15,13808,EE8197A0,0,,tiles/pagina_03/tile_0863.png
864,3,6,0,13824,03BA47E1,0,,tiles/pagina_03/tile_0864.png
865,3,6,1,13840,6D6F8239,0,,tiles/pagina_03/tile_0865.png
866,3,6,2,13856,7F51ABB5,0,,tiles/pagina_03/tile_0866.png
867,3,6,3,13872,78C2C79D,0,,tiles/pagina_03/tile_0867.png
868,3,6,4,13888,562FBD3D,0,,tiles/pagina_03/tile_0868.png
869,3,6,5,13904,661E809D,0,,tiles/pagina_03/tile_0869.png
870,3,6,6,13920,3B3C114D,0,,tiles/pagina_03/tile_0870.png
871,3,6,7,13936,A2488D19,0,,tiles/pagina_03/tile_0871.png
872,3,6,8,13952,770935B1,0,574,tiles/pagina_03/tile_0872.png
873,3,6,9,13968,532AE15D,0,575,tiles/pagina_03/tile_0873.png
874,3,6,10,13984,239DE901,0,544,tiles/pagina_03/tile_0874.png
875,3,6,11,14000,72BF982D,0,545,tiles/pagina_03/tile_0875.png
876,3,6,12,14016,6CB68108,0,,tiles/pagina_03/tile_0876.png
877,3,6,13,14032,46317B0D,0,,tiles/pagina_03/tile_0877.png
878,3,6,14,14048,1178B730,0,,tiles/pagina_03/tile_0878.png
879,3,6,15,14064,60A5BCF6,0,,tiles/pagina_03/tile_0879.png
880,3,7,0,14080,B09CB091,0,624,tiles/pagina_03/tile_0880.png
881,3,7,1,14096,27DA335B,0,625,tiles/pagina_03/tile_0881.png
882,3,7,2,14112,A1B82622,0,626,tiles/pagina_03/tile_0882.png
883,3,7,3,14128,C1A0E4DF,0,627,tiles/pagina_03/tile_0883.png
884,3,7,4,14144,494AE044,0,628,tiles/pagina_03/tile_0884.png
885,3,7,5,14160,F3B3BD46,0,629,tiles/pagina_03/tile_0885.png
886,3,7,6,14176,65090DDC,0,630,tiles/pagina_03/tile_0886.png
887,3,7,7,14192,8D3B3653,0,631,tiles/pagina_03/tile_0887.png
888,3,7,8,14208,CEE60921,0,632,tiles/pagina_03/tile_0888.png
889,3,7,9,14224,C0285EB9,0,633,tiles/pagina_03/tile_0889.png
890,3,7,10,14240,38C77781,0,634,tiles/pagina_03/tile_0890.png
891,3,7,11,14256,671A7DD5,0,635,tiles/pagina_03/tile_0891.png
892,3,7,12,14272,963FBACE,0,,tiles/pagina_03/tile_0892.png
893,3,7,13,14288,438F2C65,0,,tiles/pagina_03/tile_0893.png
894,3,7,14,14304,740A9BC7,0,,tiles/pagina_03/tile_0894.png
895,3,7,15,14320,FAD4A2DA,0,,tiles/pagina_03/tile_0895.png
896,3,8,0,14336,7A70D15D,0,,tiles/pagina_03/tile_0896.png
897,3,8,1,14352,B815932E,0,,tiles/pagina_03/tile_0897.png
898,3,8,2,14368,346A271D,0,530,tiles/pagina_03/tile_0898.png
899,3,8,3,14384,AB89D841,0,,tiles/pagina_03/tile_0899.png
900,3,8,4,14400,12CEB6AA,0,,tiles/pagina_03/tile_0900.png
901,3,8,5,14416,DA225B55,0,,tiles/pagina_03/tile_0901.png
902,3,8,6,14432,0964E17F,0,,tiles/pagina_03/tile_0902.png
903,3,8,7,14448,69691905,1,22,tiles/pagina_03/tile_0903.png
904,3,8,8,14464,D9F19BC5,0,,tiles/pagina_03/tile_0904.png
905,3,8,9,14480,938B2C6C,0,,tiles/pagina_03/tile_0905.png
906,3,8,10,14496,B20B29A5,0,,tiles/pagina_03/tile_0906.png
907,3,8,11,14512,B69747BF,0,,tiles/pagina_03/tile_0907.png
908,3,8,12,14528,3D8B2981,0,666,tiles/pagina_03/tile_0908.png
909,3,8,13,14544,94AE12AD,0,667,tiles/pagina_03/tile_0909.png
910,3,8,14,14560,445CA69F,0,828,tiles/pagina_03/tile_0910.png
911,3,8,15,14576,7944D2B3,0,829,tiles/pagina_03/tile_0911.png
912,3,9,0,14592,D2F302F8,0,860,tiles/pagina_03/tile_0912.png
913,3,9,1,14608,AE875BBA,0,861,tiles/pagina_03/tile_0913.png
914,3,9,2,14624,B353F37C,0,862,tiles/pagina_03/tile_0914.png
915,3,9,3,14640,EE8197A0,0,863,tiles/pagina_03/tile_0915.png
916,3,9,4,14656,DB2F15D9,0,,tiles/pagina_03/tile_0916.png
917,3,9,5,14672,A3DFA90A,0,,tiles/pagina_03/tile_0917.png
918,3,9,6,14688,411F8D92,0,,tiles/pagina_03/tile_0918.png
919,3,9,7,14704,723CFAAC,0,,tiles/pagina_03/tile_0919.png
920,3,9,8,14720,4FFF12DE,0,,tiles/pagina_03/tile_0920.png
921,3,9,9,14736,15841D3C,0,,tiles/pagina_03/tile_0921.png
922,3,9,10,14752,FE7D7D92,0,,tiles/pagina_03/tile_0922.png
923,3,9,11,14768,2F9F7EAC,0,,tiles/pagina_03/tile_0923.png
924,3,9,12,14784,71220FC9,0,830,tiles/pagina_03/tile_0924.png
925,3,9,13,14800,96259537,0,831,tiles/pagina_03/tile_0925.png
926,3,9,14,14816,7F91D172,0,814,tiles/pagina_03/tile_0926.png
927,3,9,15,14832,5CFF097A,0,639,tiles/pagina_03/tile_0927.png
928,3,10,0,14848,F8A866ED,0,,tiles/pagina_03/tile_0928.png
929,3,10,1,14864,715B0D4D,0,,tiles/pagina_03/tile_0929.png
930,3,10,2,14880,19419173,0,,tiles/pagina_03/tile_0930.png
931,3,10,3,14896,C7AB2A5E,0,,tiles/pagina_03/tile_0931.png
932,3,10,4,14912,5A6478F9,0,,tiles/pagina_03/tile_0932.png
933,3,10,5,14928,2298B394,0,,tiles/pagina_03/tile_0933.png
934,3,10,6,14944,EED80190,0,,tiles/pagina_03/tile_0934.png
935,3,10,7,14960,6B00A153,0,,tiles/pagina_03/tile_0935.png
936,3,10,8,14976,00ECA2A5,0,,tiles/pagina_03/tile_0936.png
937,3,10,9,14992,00ECA2A5,0,936,tiles/pagina_03/tile_0937.png
938,3,10,10,15008,00ECA2A5,0,936,tiles/pagina_03/tile_0938.png
939,3,10,11,15024,00ECA2A5,0,936,tiles/pagina_03/tile_0939.png
940,3,10,12,15040,00ECA2A5,0,936,tiles/pagina_03/tile_0940.png
941,3,10,13,15056,00ECA2A5,0,936,tiles/pagina_03/tile_0941.png
942,3,10,14,15072,0E8A583A,0,,tiles/pagina_03/tile_0942.png
943,3,10,15,15088,EB90E4C8,0,,tiles/pagina_03/tile_0943.png
944,3,11,0,15104,8D0DDC08,0,,tiles/pagina_03/tile_0944.png
945,3,11,1,15120,7E091740,0,,tiles/pagina_03/tile_0945.png
946,3,11,2,15136,A213A0CD,0,,tiles/pagina_03/tile_0946.png
947,3,11,3,15152,CFBEFC43,0,,tiles/pagina_03/tile_0947.png
948,3,11,4,15168,8D0DDC08,0,944,tiles/pagina_03/tile_0948.png
949,3,11,5,15184,7E091740,0,945,tiles/pagina_03/tile_0949.png
950,3,11,6,15200,B55FB26A,0,,tiles/pagina_03/tile_0950.png
951,3,11,7,15216,420E293B,0,,tiles/pagina_03/tile_0951.png
952,3,11,8,15232,00ECA2A5,0,936,tiles/pagina_03/tile_0952.png
953,3,11,9,15248,00ECA2A5,0,936,tiles/pagina_03/tile_0953.png
954,3,11,10,15264,00ECA2A5,0,936,tiles/pagina_03/tile_0954.png
955,3,11,11,15280,00ECA2A5,0,936,tiles/pagina_03/tile_0955.png
956,3,11,12,15296,00ECA2A5,0,936,tiles/pagina_03/tile_0956.png
957,3,11,13,15312,00ECA2A5,0,936,tiles/pagina_03/tile_0957.png
958,3,11,14,15328,00ECA2A5,0,936,tiles/pagina_03/tile_0958.png
959,3,11,15,15344,00ECA2A5,0,936,tiles/pagina_03/tile_0959.png
960,3,12,0,15360,00ECA2A5,0,936,tiles/pagina_03/tile_0960.png
961,3,12,1,15376,00ECA2A5,0,936,tiles/pagina_03/tile_0961.png
962,3,12,2,15392,00ECA2A5,0,936,tiles/pagina_03/tile_0962.png
963,3,12,3,15408,00ECA2A5,0,936,tiles/pagina_03/tile_0963.png
964,3,12,4,15424,00ECA2A5,0,936,tiles/pagina_03/tile_0964.png
965,3,12,5,15440,00ECA2A5,0,936,tiles/pagina_03/tile_0965.png
966,3,12,6,15456,00ECA2A5,0,936,tiles/pagina_03/tile_0966.png
967,3,12,7,15472,00ECA2A5,0,936,tiles/pagina_03/tile_0967.png
968,3,12,8,15488,00ECA2A5,0,936,tiles/pagina_03/tile_0968.png
969,3,12,9,15504,00ECA2A5,0,936,tiles/pagina_03/tile_0969.png
970,3,12,10,15520,00ECA2A5,0,936,tiles/pagina_03/tile_0970.png
971,3,12,11,15536,00ECA2A5,0,936,tiles/pagina_03/tile_0971.png
972,3,12,12,15552,00ECA2A5,0,936,tiles/pagina_03/tile_0972.png
973,3,12,13,15568,00ECA2A5,0,936,tiles/pagina_03/tile_0973.png
974,3,12,14,15584,00ECA2A5,0,936,tiles/pagina_03/tile_0974.png
975,3,12,15,15600,00ECA2A5,0,936,tiles/pagina_03/tile_0975.png
976,3,13,0,15616,00ECA2A5,0,936,tiles/pagina_03/tile_0976.png
977,3,13,1,15632,00ECA2A5,0,936,tiles/pagina_03/tile_0977.png
978,3,13,2,15648,00ECA2A5,0,936,tiles/pagina_03/tile_0978.png
979,3,13,3,15664,00ECA2A5,0,936,tiles/pagina_03/tile_0979.png
980,3,13,4,15680,00ECA2A5,0,936,tiles/pagina_03/tile_0980.png
981,3,13,5,15696,00ECA2A5,0,936,tiles/pagina_03/tile_0981.png
982,3,13,6,15712,00ECA2A5,0,936,tiles/pagina_03/tile_0982.png
983,3,13,7,15728,00ECA2A5,0,936,tiles/pagina_03/tile_0983.png
984,3,13,8,15744,00ECA2A5,0,936,tiles/pagina_03/tile_0984.png
985,3,13,9,15760,00ECA2A5,0,936,tiles/pagina_03/tile_0985.png
986,3,13,10,15776,00ECA2A5,0,936,tiles/pagina_03/tile_0986.png
987,3,13,11,15792,00ECA2A5,0,936,tiles/pagina_03/tile_0987.png
988,3,13,12,15808,00ECA2A5,0,936,tiles/pagina_03/tile_0988.png
989,3,13,13,15824,00ECA2A5,0,936,tiles/pagina_03/tile_0989.png
990,3,13,14,15840,00ECA2A5,0,936,tiles/pagina_03/tile_0990.png
991,3,13,15,15856,00ECA2A5,0,936,tiles/pagina_03/tile_0991.png
992,3,14,0,15872,00ECA2A5,0,936,tiles/pagina_03/tile_0992.png
993,3,14,1,15888,00ECA2A5,0,936,tiles/pagina_03/tile_0993.png
994,3,14,2,15904,00ECA2A5,0,936,tiles/pagina_03/tile_0994.png
995,3,14,3,15920,00ECA2A5,0,936,tiles/pagina_03/tile_0995.png
996,3,14,4,15936,00ECA2A5,0,936,tiles/pagina_03/tile_0996.png
997,3,14,5,15952,00ECA2A5,0,936,tiles/pagina_03/tile_0997.png
998,3,14,6,15968,00ECA2A5,0,936,tiles/pagina_03/tile_0998.png
999,3,14,7,15984,00ECA2A5,0,936,tiles/pagina_03/tile_0999.png
1000,3,14,8,16000,00ECA2A5,0,936,tiles/pagina_03/tile_1000.png
1001,3,14,9,16016,00ECA2A5,0,936,tiles/pagina_03/tile_1001.png
1002,3,14,10,16032,00ECA2A5,0,936,tiles/pagina_03/tile_1002.png
1003,3,14,11,16048,00ECA2A5,0,936,tiles/pagina_03/tile_1003.png
1004,3,14,12,16064,00ECA2A5,0,936,tiles/pagina_03/tile_1004.png
1005,3,14,13,16080,00ECA2A5,0,936,tiles/pagina_03/tile_1005.png
1006,3,14,14,16096,00ECA2A5,0,936,tiles/pagina_03/tile_1006.png
1007,3,14,15,16112,00ECA2A5,0,936,tiles/pagina_03/tile_1007.png
1008,3,15,0,16128,00ECA2A5,0,936,tiles/pagina_03/tile_1008.png
1009,3,15,1,16144,00ECA2A5,0,936,tiles/pagina_03/tile_1009.png
1010,3,15,2,16160,00ECA2A5,0,936,tiles/pagina_03/tile_1010.png
1011,3,15,3,16176,00ECA2A5,0,936,tiles/pagina_03/tile_1011.png
1012,3,15,4,16192,00ECA2A5,0,936,tiles/pagina_03/tile_1012.png
1013,3,15,5,16208,00ECA2A5,0,936,tiles/pagina_03/tile_1013.png
1014,3,15,6,16224,00ECA2A5,0,936,tiles/pagina_03/tile_1014.png
1015,3,15,7,16240,00ECA2A5,0,936,tiles/pagina_03/tile_1015.png
1016,3,15,8,16256,00ECA2A5,0,936,tiles/pagina_03/tile_1016.png
1017,3,15,9,16272,00ECA2A5,0,936,tiles/pagina_03/tile_1017.png
1018,3,15,10,16288,00ECA2A5,0,936,tiles/pagina_03/tile_1018.png
1019,3,15,11,16304,00ECA2A5,0,936,tiles/pagina_03/tile_1019.png
1020,3,15,12,16320,00ECA2A5,0,936,tiles/pagina_03/tile_1020.png
1021,3,15,13,16336,00ECA2A5,0,936,tiles/pagina_03/tile_1021.png
1022,3,15,14,16352,00ECA2A5,0,936,tiles/pagina_03/tile_1022.png
1023,3,15,15,16368,00ECA2A5,0,936,tiles/pagina_03/tile_1023.png
1024,4,0,0,16384,B7557740,0,,tiles/pagina_04/tile_1024.png
1025,4,0,1,16400,B0F5B601,0,,tiles/pagina_04/tile_1025.png
1026,4,0,2,16416,8F707FCD,0,,tiles/pagina_04/tile_1026.png
1027,4,0,3,16432,7B0F2CDD,0,,tiles/pagina_04/tile_1027.png
1028,4,0,4,16448,AA161419,0,,tiles/pagina_04/tile_1028.png
1029,4,0,5,16464,69691905,1,22,tiles/pagina_04/tile_1029.png
1030,4,0,6,16480,69691905,1,22,tiles/pagina_04/tile_1030.png
1031,4,0,7,16496,69691905,1,22,tiles/pagina_04/tile_1031.png
1032,4,0,8,16512,69691905,1,22,tiles/pagina_04/tile_1032.png
1033,4,0,9,16528,054308AB,0,,tiles/pagina_04/tile_1033.png
1034,4,0,10,16544,12605CD1,0,,tiles/pagina_04/tile_1034.png
1035,4,0,11,16560,18F479D9,0,,tiles/pagina_04/tile_1035.png
1036,4,0,12,16576,BDD74CA5,0,,tiles/pagina_04/tile_1036.png
1037,4,0,13,16592,066A9EF9,0,,tiles/pagina_04/tile_1037.png
1038,4,0,14,16608,B1740411,0,,tiles/pagina_04/tile_1038.png
1039,4,0,15,16624,1817BDD9,0,,tiles/pagina_04/tile_1039.png
1040,4,1,0,16640,6BED4BD2,0,,tiles/pagina_04/tile_1040.png
1041,4,1,1,16656,1D0AFC00,0,,tiles/pagina_04/tile_1041.png
1042,4,1,2,16672,1FDAF022,0,,tiles/pagina_04/tile_1042.png
1043,4,1,3,16688,B39E9227,0,,tiles/pagina_04/tile_1043.png
1044,4,1,4,16704,FC89DF84,0,,tiles/pagina_04/tile_1044.png
1045,4,1,5,16720,851835FB,0,,tiles/pagina_04/tile_1045.png
1046,4,1,6,16736,A57EB963,0,,tiles/pagina_04/tile_1046.png
1047,4,1,7,16752,F972E618,0,,tiles/pagina_04/tile_1047.png
1048,4,1,8,16768,18849733,0,,tiles/pagina_04/tile_1048.png
1049,4,1,9,16784,84DA9E71,0,,tiles/pagina_04/tile_1049.png
1050,4,1,10,16800,B9511585,0,,tiles/pagina_04/tile_1050.png
1051,4,1,11,16816,90FF1BF7,0,,tiles/pagina_04/tile_1051.png
1052,4,1,12,16832,808D0A32,0,,tiles/pagina_04/tile_1052.png
1053,4,1,13,16848,FE0E8C19,0,,tiles/pagina_04/tile_1053.png
1054,4,1,14,16864,182B8D9F,0,,tiles/pagina_04/tile_1054.png
1055,4,1,15,16880,3B47F237,0,,tiles/pagina_04/tile_1055.png
1056,4,2,0,16896,508EE0A3,0,,tiles/pagina_04/tile_1056.png
1057,4,2,1,16912,2AECE78D,0,,tiles/pagina_04/tile_1057.png
1058,4,2,2,16928,754DC8FD,0,,tiles/pagina_04/tile_1058.png
1059,4,2,3,16944,4D9A97B5,0,,tiles/pagina_04/tile_1059.png
1060,4,2,4,16960,B6CD273B,0,,tiles/pagina_04/tile_1060.png
1061,4,2,5,16976,9F883B59,0,,tiles/pagina_04/tile_1061.png
1062,4,2,6,16992,9E80696C,0,,tiles/pagina_04/tile_1062.png
1063,4,2,7,17008,72C95E0D,0,,tiles/pagina_04/tile_1063.png
1064,4,2,8,17024,757FF929,0,,tiles/pagina_04/tile_1064.png
1065,4,2,9,17040,48A6B7DF,0,,tiles/pagina_04/tile_1065.png
1066,4,2,10,17056,709E9B36,0,,tiles/pagina_04/tile_1066.png
1067,4,2,11,17072,39C37F91,0,,tiles/pagina_04/tile_1067.png
1068,4,2,12,17088,25144305,0,,tiles/pagina_04/tile_1068.png
1069,4,2,13,17104,FC36049F,0,,tiles/pagina_04/tile_1069.png
1070,4,2,14,17120,AF7D562D,0,,tiles/pagina_04/tile_1070.png
1071,4,2,15,17136,346A271D,0,530,tiles/pagina_04/tile_1071.png
1072,4,3,0,17152,2D4CA287,0,,tiles/pagina_04/tile_1072.png
1073,4,3,1,17168,40F2E501,0,,tiles/pagina_04/tile_1073.png
1074,4,3,2,17184,E4255FA9,0,,tiles/pagina_04/tile_1074.png
1075,4,3,3,17200,16A2DA4F,0,,tiles/pagina_04/tile_1075.png
1076,4,3,4,17216,5D0E19A4,0,,tiles/pagina_04/tile_1076.png
1077,4,3,5,17232,E58014FC,0,,tiles/pagina_04/tile_1077.png
1078,4,3,6,17248,049C843B,0,,tiles/pagina_04/tile_1078.png
1079,4,3,7,17264,8DB59515,0,,tiles/pagina_04/tile_1079.png
1080,4,3,8,17280,E929AA83,0,,tiles/pagina_04/tile_1080.png
1081,4,3,9,17296,69691905,1,22,tiles/pagina_04/tile_1081.png
1082,4,3,10,17312,69691905,1,22,tiles/pagina_04/tile_1082.png
1083,4,3,11,17328,A96EF98B,0,,tiles/pagina_04/tile_1083.png
1084,4,3,12,17344,05F3F9C5,0,,tiles/pagina_04/tile_1084.png
1085,4,3,13,17360,8AD74BC5,0,,tiles/pagina_04/tile_1085.png
1086,4,3,14,17376,94B059B3,0,,tiles/pagina_04/tile_1086.png
1087,4,3,15,17392,EADFB485,0,,tiles/pagina_04/tile_1087.png
1088,4,4,0,17408,F7604BD3,0,,tiles/pagina_04/tile_1088.png
1089,4,4,1,17424,B0900A37,0,,tiles/pagina_04/tile_1089.png
1090,4,4,2,17440,41096F95,0,,tiles/pagina_04/tile_1090.png
1091,4,4,3,17456,32C17823,0,,tiles/pagina_04/tile_1091.png
1092,4,4,4,17472,FC859AC0,0,,tiles/pagina_04/tile_1092.png
1093,4,4,5,17488,35A266AD,0,,tiles/pagina_04/tile_1093.png
1094,4,4,6,17504,62A6599A,0,,tiles/pagina_04/tile_1094.png
1095,4,4,7,17520,E3F71D3D,0,,tiles/pagina_04/tile_1095.png
1096,4,4,8,17536,1CA0F2BD,0,,tiles/pagina_04/tile_1096.png
1097,4,4,9,17552,026DCE05,0,,tiles/pagina_04/tile_1097.png
1098,4,4,10,17568,6DAA20E0,0,,tiles/pagina_04/tile_1098.png
1099,4,4,11,17584,7E10069D,0,,tiles/pagina_04/tile_1099.png
1100,4,4,12,17600,B4E7769D,0,,tiles/pagina_04/tile_1100.png
1101,4,4,13,17616,6DAA20E0,0,1098,tiles/pagina_04/tile_1101.png
1102,4,4,14,17632,CA8A29F4,0,,tiles/pagina_04/tile_1102.png
1103,4,4,15,17648,C915482E,0,,tiles/pagina_04/tile_1103.png
1104,4,5,0,17664,881E15EF,0,,tiles/pagina_04/tile_1104.png
1105,4,5,1,17680,17586CC7,0,,tiles/pagina_04/tile_1105.png
1106,4,5,2,17696,15781CF9,0,,tiles/pagina_04/tile_1106.png
1107,4,5,3,17712,36EB18E2,0,,tiles/pagina_04/tile_1107.png
1108,4,5,4,17728,576DEBD0,0,,tiles/pagina_04/tile_1108.png
1109,4,5,5,17744,64BAB6DD,0,,tiles/pagina_04/tile_1109.png
1110,4,5,6,17760,FC6F7AAB,0,,tiles/pagina_04/tile_1110.png
1111,4,5,7,17776,606DC2D5,0,,tiles/pagina_04/tile_1111.png
1112,4,5,8,17792,E808A7E5,0,,tiles/pagina_04/tile_1112.png
1113,4,5,9,17808,6B37B905,0,,tiles/pagina_04/tile_1113.png
1114,4,5,10,17824,068DB6BD,0,,tiles/pagina_04/tile_1114.png
1115,4,5,11,17840,E1DE043D,0,,tiles/pagina_04/tile_1115.png
1116,4,5,12,17856,31FA408D,0,,tiles/pagina_04/tile_1116.png
1117,4,5,13,17872,BC743CB1,0,,tiles/pagina_04/tile_1117.png
1118,4,5,14,17888,61CB77BB,0,,tiles/pagina_04/tile_1118.png
1119,4,5,15,17904,F3423572,0,,tiles/pagina_04/tile_1119.png
1120,4,6,0,17920,026A876D,0,,tiles/pagina_04/tile_1120.png
1121,4,6,1,17936,385E5615,0,,tiles/pagina_04/tile_1121.png
1122,4,6,2,17952,044462DD,0,,tiles/pagina_04/tile_1122.png
1123,4,6,3,17968,CE754C99,0,,tiles/pagina_04/tile_1123.png
1124,4,6,4,17984,8CB53B85,0,,tiles/pagina_04/tile_1124.png
1125,4,6,5,18000,16ABC899,0,,tiles/pagina_04/tile_1125.png
1126,4,6,6,18016,BD3D2759,0,,tiles/pagina_04/tile_1126.png
1127,4,6,7,18032,744EB005,0,,tiles/pagina_04/tile_1127.png
1128,4,6,8,18048,FCA8DC99,0,,tiles/pagina_04/tile_1128.png
1129,4,6,9,18064,84DA9E71,0,1049,tiles/pagina_04/tile_1129.png
1130,4,6,10,18080,670359A2,0,,tiles/pagina_04/tile_1130.png
1131,4,6,11,18096,A9A27DE7,0,,tiles/pagina_04/tile_1131.png
1132,4,6,12,18112,75948A88,0,,tiles/pagina_04/tile_1132.png
1133,4,6,13,18128,8FE8A088,0,,tiles/pagina_04/tile_1133.png
1134,4,6,14,18144,C5A0FF1B,0,,tiles/pagina_04/tile_1134.png
1135,4,6,15,18160,DC42586F,0,,tiles/pagina_04/tile_1135.png
1136,4,7,0,18176,4E332297,0,,tiles/pagina_04/tile_1136.png
1137,4,7,1,18192,48553F1B,0,,tiles/pagina_04/tile_1137.png
1138,4,7,2,18208,4F07839E,0,,tiles/pagina_04/tile_1138.png
1139,4,7,3,18224,DC557DEC,0,,tiles/pagina_04/tile_1139.png
1140,4,7,4,18240,E6F3D0CF,0,,tiles/pagina_04/tile_1140.png
1141,4,7,5,18256,76D6D29A,0,,tiles/pagina_04/tile_1141.png
1142,4,7,6,18272,DEA77A54,0,,tiles/pagina_04/tile_1142.png
1143,4,7,7,18288,74653E65,0,,tiles/pagina_04/tile_1143.png
1144,4,7,8,18304,081DF02D,0,,tiles/pagina_04/tile_1144.png
1145,4,7,9,18320,46D27C89,0,,tiles/pagina_04/tile_1145.png
1146,4,7,10,18336,806437C1,0,,tiles/pagina_04/tile_1146.png
1147,4,7,11,18352,279E063D,0,,tiles/pagina_04/tile_1147.png
1148,4,7,12,18368,BBB56A65,0,,tiles/pagina_04/tile_1148.png
1149,4,7,13,18384,312EC415,0,,tiles/pagina_04/tile_1149.png
1150,4,7,14,18400,AC4DC739,0,,tiles/pagina_04/tile_1150.png
1151,4,7,15,18416,8B993D91,0,,tiles/pagina_04/tile_1151.png
1152,4,8,0,18432,486B06F5,0,,tiles/pagina_04/tile_1152.png
1153,4,8,1,18448,92A544F5,0,,tiles/pagina_04/tile_1153.png
1154,4,8,2,18464,F5DB13B5,0,,tiles/pagina_04/tile_1154.png
1155,4,8,3,18480,4A72B631,0,,tiles/pagina_04/tile_1155.png
1156,4,8,4,18496,7A4E4745,0,,tiles/pagina_04/tile_1156.png
1157,4,8,5,18512,66BDED89,0,,tiles/pagina_04/tile_1157.png
1158,4,8,6,18528,4FD6FAA9,0,,tiles/pagina_04/tile_1158.png
1159,4,8,7,18544,83A343BD,0,,tiles/pagina_04/tile_1159.png
1160,4,8,8,18560,FFE4C9C9,0,,tiles/pagina_04/tile_1160.png
1161,4,8,9,18576,88470999,0,,tiles/pagina_04/tile_1161.png
1162,4,8,10,18592,4FD6FAA9,0,1158,tiles/pagina_04/tile_1162.png
1163,4,8,11,18608,A6906999,0,,tiles/pagina_04/tile_1163.png
1164,4,8,12,18624,4E887E9B,0,,tiles/pagina_04/tile_1164.png
1165,4,8,13,18640,58476A05,0,,tiles/pagina_04/tile_1165.png
1166,4,8,14,18656,65D1154A,0,,tiles/pagina_04/tile_1166.png
1167,4,8,15,18672,6B66ED0C,0,,tiles/pagina_04/tile_1167.png
1168,4,9,0,18688,D2F302F8,0,860,tiles/pagina_04/tile_1168.png
1169,4,9,1,18704,AE875BBA,0,861,tiles/pagina_04/tile_1169.png
1170,4,9,2,18720,B353F37C,0,862,tiles/pagina_04/tile_1170.png
1171,4,9,3,18736,EE8197A0,0,863,tiles/pagina_04/tile_1171.png
1172,4,9,4,18752,E6179ADC,0,,tiles/pagina_04/tile_1172.png
1173,4,9,5,18768,A8826A6F,0,,tiles/pagina_04/tile_1173.png
1174,4,9,6,18784,936D2BE5,0,,tiles/pagina_04/tile_1174.png
1175,4,9,7,18800,27D6F612,0,,tiles/pagina_04/tile_1175.png
1176,4,9,8,18816,B44477B5,0,,tiles/pagina_04/tile_1176.png
1177,4,9,9,18832,890BCEBD,0,,tiles/pagina_04/tile_1177.png
1178,4,9,10,18848,8C17275B,0,,tiles/pagina_04/tile_1178.png
1179,4,9,11,18864,453A6EDF,0,,tiles/pagina_04/tile_1179.png
1180,4,9,12,18880,EFC365DD,0,,tiles/pagina_04/tile_1180.png
1181,4,9,13,18896,9EAF71C5,0,,tiles/pagina_04/tile_1181.png
1182,4,9,14,18912,16DE1DC8,0,,tiles/pagina_04/tile_1182.png
1183,4,9,15,18928,E3445B96,0,,tiles/pagina_04/tile_1183.png
1184,4,10,0,18944,69691905,1,22,tiles/pagina_04/tile_1184.png
1185,4,10,1,18960,9B003676,0,,tiles/pagina_04/tile_1185.png
1186,4,10,2,18976,69691905,1,22,tiles/pagina_04/tile_1186.png
1187,4,10,3,18992,60F8BDE0,0,,tiles/pagina_04/tile_1187.png
1188,4,10,4,19008,8290A65F,0,,tiles/pagina_04/tile_1188.png
1189,4,10,5,19024,5E8B97BD,0,,tiles/pagina_04/tile_1189.png
1190,4,10,6,19040,10E5199D,0,,tiles/pagina_04/tile_1190.png
1191,4,10,7,19056,683ECBF2,0,,tiles/pagina_04/tile_1191.png
1192,4,10,8,19072,E8536578,0,,tiles/pagina_04/tile_1192.png
1193,4,10,9,19088,3B150184,0,,tiles/pagina_04/tile_1193.png
1194,4,10,10,19104,8E510F3B,0,,tiles/pagina_04/tile_1194.png
1195,4,10,11,19120,76E3E5DF,0,,tiles/pagina_04/tile_1195.png
1196,4,10,12,19136,09185A22,0,,tiles/pagina_04/tile_1196.png
1197,4,10,13,19152,56303FD6,0,,tiles/pagina_04/tile_1197.png
1198,4,10,14,19168,3E5A4F85,0,,tiles/pagina_04/tile_1198.png
1199,4,10,15,19184,CA97724F,0,,tiles/pagina_04/tile_1199.png
1200,4,11,0,19200,5180C66E,0,,tiles/pagina_04/tile_1200.png
1201,4,11,1,19216,BECB2E46,0,,tiles/pagina_04/tile_1201.png
1202,4,11,2,19232,7DEF3A0E,0,,tiles/pagina_04/tile_1202.png
1203,4,11,3,19248,96A86699,0,,tiles/pagina_04/tile_1203.png
1204,4,11,4,19264,9A15A537,0,,tiles/pagina_04/tile_1204.png
1205,4,11,5,19280,36AD134A,0,,tiles/pagina_04/tile_1205.png
1206,4,11,6,19296,AC5C437F,0,,tiles/pagina_04/tile_1206.png
1207,4,11,7,19312,C5BB34FD,0,,tiles/pagina_04/tile_1207.png
1208,4,11,8,19328,09185A22,0,1196,tiles/pagina_04/tile_1208.png
1209,4,11,9,19344,001AF0AA,0,,tiles/pagina_04/tile_1209.png
1210,4,11,10,19360,F52F5954,0,,tiles/pagina_04/tile_1210.png
1211,4,11,11,19376,DBE6B054,0,,tiles/pagina_04/tile_1211.png
1212,4,11,12,19392,0ECFF4F4,0,,tiles/pagina_04/tile_1212.png
1213,4,11,13,19408,E3655850,0,,tiles/pagina_04/tile_1213.png
1214,4,11,14,19424,3E5A4F85,0,1198,tiles/pagina_04/tile_1214.png
1215,4,11,15,19440,4CB96AF2,0,,tiles/pagina_04/tile_1215.png
1216,4,12,0,19456,4E7E7279,0,,tiles/pagina_04/tile_1216.png
1217,4,12,1,19472,FD3E78D0,0,,tiles/pagina_04/tile_1217.png
1218,4,12,2,19488,535A6145,0,,tiles/pagina_04/tile_1218.png
1219,4,12,3,19504,9538E131,0,,tiles/pagina_04/tile_1219.png
1220,4,12,4,19520,0808C611,0,,tiles/pagina_04/tile_1220.png
1221,4,12,5,19536,649C5E10,0,,tiles/pagina_04/tile_1221.png
1222,4,12,6,19552,ED9524AD,0,,tiles/pagina_04/tile_1222.png
1223,4,12,7,19568,10A211C9,0,,tiles/pagina_04/tile_1223.png
1224,4,12,8,19584,823E752A,0,,tiles/pagina_04/tile_1224.png
1225,4,12,9,19600,D20CDE51,0,,tiles/pagina_04/tile_1225.png
1226,4,12,10,19616,0DC99285,0,,tiles/pagina_04/tile_1226.png
1227,4,12,11,19632,0677B96D,0,,tiles/pagina_04/tile_1227.png
1228,4,12,12,19648,9DBA9849,0,,tiles/pagina_04/tile_1228.png
1229,4,12,13,19664,CB962641,0,,tiles/pagina_04/tile_1229.png
1230,4,12,14,19680,C58CB43C,0,,tiles/pagina_04/tile_1230.png
1231,4,12,15,19696,CDAA2FF6,0,,tiles/pagina_04/tile_1231.png
1232,4,13,0,19712,41080100,0,,tiles/pagina_04/tile_1232.png
1233,4,13,1,19728,BBA2DB77,0,,tiles/pagina_04/tile_1233.png
1234,4,13,2,19744,AD6860A0,0,,tiles/pagina_04/tile_1234.png
1235,4,13,3,19760,721B41F0,0,,tiles/pagina_04/tile_1235.png
1236,4,13,4,19776,C09778BA,0,,tiles/pagina_04/tile_1236.png
1237,4,13,5,19792,5EEA7BBE,0,,tiles/pagina_04/tile_1237.png
1238,4,13,6,19808,B2419F2B,0,,tiles/pagina_04/tile_1238.png
1239,4,13,7,19824,1F5DA557,0,,tiles/pagina_04/tile_1239.png
1240,4,13,8,19840,45D1AC1E,0,,tiles/pagina_04/tile_1240.png
1241,4,13,9,19856,9FD062C8,0,,tiles/pagina_04/tile_1241.png
1242,4,13,10,19872,13951685,0,,tiles/pagina_04/tile_1242.png
1243,4,13,11,19888,54FCF56D,0,,tiles/pagina_04/tile_1243.png
1244,4,13,12,19904,4A9EFE45,0,,tiles/pagina_04/tile_1244.png
1245,4,13,13,19920,56111F28,0,,tiles/pagina_04/tile_1245.png
1246,4,13,14,19936,797BD925,0,,tiles/pagina_04/tile_1246.png
1247,4,13,15,19952,AE031BF9,0,,tiles/pagina_04/tile_1247.png
1248,4,14,0,19968,BBCCBE0B,0,,tiles/pagina_04/tile_1248.png
1249,4,14,1,19984,1586F787,0,,tiles/pagina_04/tile_1249.png
1250,4,14,2,20000,4F31BAD8,0,,tiles/pagina_04/tile_1250.png
1251,4,14,3,20016,2A66DFDE,0,,tiles/pagina_04/tile_1251.png
1252,4,14,4,20032,69691905,1,22,tiles/pagina_04/tile_1252.png
1253,4,14,5,20048,5DE09D8A,0,,tiles/pagina_04/tile_1253.png
1254,4,14,6,20064,69691905,1,22,tiles/pagina_04/tile_1254.png
1255,4,14,7,20080,FDD54A05,0,,tiles/pagina_04/tile_1255.png
1256,4,14,8,20096,89AB363E,0,,tiles/pagina_04/tile_1256.png
1257,4,14,9,20112,E4DAE83D,0,,tiles/pagina_04/tile_1257.png
1258,4,14,10,20128,AB465295,0,,tiles/pagina_04/tile_1258.png
1259,4,14,11,20144,AA47CBBB,0,,tiles/pagina_04/tile_1259.png
1260,4,14,12,20160,4A04A638,0,,tiles/pagina_04/tile_1260.png
1261,4,14,13,20176,3FB5C94C,0,,tiles/pagina_04/tile_1261.png
1262,4,14,14,20192,9156AA45,0,,tiles/pagina_04/tile_1262.png
1263,4,14,15,20208,55EEC2B5,0,,tiles/pagina_04/tile_1263.png
1264,4,15,0,20224,F25D9274,0,,tiles/pagina_04/tile_1264.png
1265,4,15,1,20240,64E91843,0,,tiles/pagina_04/tile_1265.png
1266,4,15,2,20256,A3122305,0,,tiles/pagina_04/tile_1266.png
1267,4,15,3,20272,A5B6C6C5,0,,tiles/pagina_04/tile_1267.png
1268,4,15,4,20288,95FCC4FC,0,,tiles/pagina_04/tile_1268.png
1269,4,15,5,20304,9C9E2911,0,,tiles/pagina_04/tile_1269.png
1270,4,15,6,20320,2F8C3855,0,,tiles/pagina_04/tile_1270.png
1271,4,15,7,20336,AE52089B,0,,tiles/pagina_04/tile_1271.png
1272,4,15,8,20352,A70D4695,0,,tiles/pagina_04/tile_1272.png
1273,4,15,9,20368,DDAB96BD,0,,tiles/pagina_04/tile_1273.png
1274,4,15,10,20384,4E84D8FD,0,766,tiles/pagina_04/tile_1274.png
1275,4,15,11,20400,4E84D8FD,0,766,tiles/pagina_04/tile_1275.png
1276,4,15,12,20416,684C1B8B,0,,tiles/pagina_04/tile_1276.png
1277,4,15,13,20432,E5B32399,0,,tiles/pagina_04/tile_1277.png
1278,4,15,14,20448,82819C4E,0,,tiles/pagina_04/tile_1278.png
1279,4,15,15,20464,3F51E590,0,,tiles/pagina_04/tile_1279.png
1280,5,0,0,20480,1F46C4BD,0,,tiles/pagina_05/tile_1280.png
1281,5,0,1,20496,CBEC8904,0,,tiles/pagina_05/tile_1281.png
1282,5,0,2,20512,15CCB2D5,0,,tiles/pagina_05/tile_1282.png
1283,5,0,3,20528,3920DDDD,0,,tiles/pagina_05/tile_1283.png
1284,5,0,4,20544,B5362EE5,0,,tiles/pagina_05/tile_1284.png
1285,5,0,5,20560,D8C3226A,0,,tiles/pagina_05/tile_1285.png
1286,5,0,6,20576,17C9BE1B,0,,tiles/pagina_05/tile_1286.png
1287,5,0,7,20592,D93561FF,0,,tiles/pagina_05/tile_1287.png
1288,5,0,8,20608,53EF556C,0,,tiles/pagina_05/tile_1288.png
1289,5,0,9,20624,08796CC9,0,,tiles/pagina_05/tile_1289.png
1290,5,0,10,20640,E6FBB637,0,,tiles/pagina_05/tile_1290.png
1291,5,0,11,20656,9210DFF5,0,,tiles/pagina_05/tile_1291.png
1292,5,0,12,20672,7387F881,0,,tiles/pagina_05/tile_1292.png
1293,5,0,13,20688,045AE88D,0,,tiles/pagina_05/tile_1293.png
1294,5,0,14,20704,622A913D,0,,tiles/pagina_05/tile_1294.png
1295,5,0,15,20720,2F0FD869,0,,tiles/pagina_05/tile_1295.png
1296,5,1,0,20736,FB7FD926,0,,tiles/pagina_05/tile_1296.png
1297,5,1,1,20752,6745F2B6,0,,tiles/pagina_05/tile_1297.png
1298,5,1,2,20768,BEA98AB6,0,,tiles/pagina_05/tile_1298.png
1299,5,1,3,20784,73E39241,0,,tiles/pagina_05/tile_1299.png
1300,5,1,4,20800,7E3B06E5,0,,tiles/pagina_05/tile_1300.png
1301,5,1,5,20816,92A7CBD3,0,,tiles/pagina_05/tile_1301.png
1302,5,1,6,20832,4473B789,0,,tiles/pagina_05/tile_1302.png
1303,5,1,7,20848,5780A700,0,,tiles/pagina_05/tile_1303.png
1304,5,1,8,20864,EB9B24C3,0,,tiles/pagina_05/tile_1304.png
1305,5,1,9,20880,F1FE5ED5,0,,tiles/pagina_05/tile_1305.png
1306,5,1,10,20896,71917585,0,,tiles/pagina_05/tile_1306.png
1307,5,1,11,20912,C9E4DB0B,0,,tiles/pagina_05/tile_1307.png
1308,5,1,12,20928,EB7A05A1,0,,tiles/pagina_05/tile_1308.png
1309,5,1,13,20944,F89DFDAD,0,,tiles/pagina_05/tile_1309.png
1310,5,1,14,20960,FB7FD926,0,1296,tiles/pagina_05/tile_1310.png
1311,5,1,15,20976,6745F2B6,0,1297,tiles/pagina_05/tile_1311.png
1312,5,2,0,20992,6EA2A29D,0,,tiles/pagina_05/tile_1312.png
1313,5,2,1,21008,4059E8AD,0,,tiles/pagina_05/tile_1313.png
1314,5,2,2,21024,6369990D,0,,tiles/pagina_05/tile_1314.png
1315,5,2,3,21040,2D1D6C1D,0,,tiles/pagina_05/tile_1315.png
1316,5,2,4,21056,614A7473,0,,tiles/pagina_05/tile_1316.png
1317,5,2,5,21072,95DCECF7,0,,tiles/pagina_05/tile_1317.png
1318,5,2,6,21088,974DF925,0,,tiles/pagina_05/tile_1318.png
1319,5,2,7,21104,B91E8415,0,,tiles/pagina_05/tile_1319.png
1320,5,2,8,21120,090D0859,0,,tiles/pagina_05/tile_1320.png
1321,5,2,9,21136,1B2782AD,0,,tiles/pagina_05/tile_1321.png
1322,5,2,10,21152,08BB797D,0,,tiles/pagina_05/tile_1322.png
1323,5,2,11,21168,27B7E8BB,0,,tiles/pagina_05/tile_1323.png
1324,5,2,12,21184,736F73B1,0,,tiles/pagina_05/tile_1324.png
1325,5,2,13,21200,3CFE3E31,0,,tiles/pagina_05/tile_1325.png
1326,5,2,14,21216,6740CD9A,0,,tiles/pagina_05/tile_1326.png
1327,5,2,15,21232,0D94B2B6,0,,tiles/pagina_05/tile_1327.png
1328,5,3,0,21248,9FF3413D,0,,tiles/pagina_05/tile_1328.png
1329,5,3,1,21264,BD673185,0,,tiles/pagina_05/tile_1329.png
1330,5,3,2,21280,334581FF,0,,tiles/pagina_05/tile_1330.png
1331,5,3,3,21296,078B848B,0,,tiles/pagina_05/tile_1331.png
1332,5,3,4,21312,6BA2A425,0,,tiles/pagina_05/tile_1332.png
1333,5,3,5,21328,22B3E689,0,,tiles/pagina_05/tile_1333.png
1334,5,3,6,21344,F25ABAF1,0,,tiles/pagina_05/tile_1334.png
1335,5,3,7,21360,3B77637B,0,,tiles/pagina_05/tile_1335.png
1336,5,3,8,21376,0CBFC9A9,0,,tiles/pagina_05/tile_1336.png
1337,5,3,9,21392,1376E26D,0,,tiles/pagina_05/tile_1337.png
1338,5,3,10,21408,E2D7DD69,0,,tiles/pagina_05/tile_1338.png
1339,5,3,11,21424,8247F342,0,,tiles/pagina_05/tile_1339.png
1340,5,3,12,21440,7B3E8FCD,0,,tiles/pagina_05/tile_1340.png
1341,5,3,13,21456,BFF06565,0,,tiles/pagina_05/tile_1341.png
1342,5,3,14,21472,499E7A26,0,,tiles/pagina_05/tile_1342.png
1343,5,3,15,21488,061D5E65,0,,tiles/pagina_05/tile_1343.png
1344,5,4,0,21504,3258BD55,0,,tiles/pagina_05/tile_1344.png
1345,5,4,1,21520,84021DA5,0,,tiles/pagina_05/tile_1345.png
1346,5,4,2,21536,47E95F63,0,,tiles/pagina_05/tile_1346.png
1347,5,4,3,21552,E4F55EF0,0,,tiles/pagina_05/tile_1347.png
1348,5,4,4,21568,69A1761B,0,,tiles/pagina_05/tile_1348.png
1349,5,4,5,21584,2427F531,0,,tiles/pagina_05/tile_1349.png
1350,5,4,6,21600,E770F68B,0,,tiles/pagina_05/tile_1350.png
1351,5,4,7,21616,9A3749F9,0,,tiles/pagina_05/tile_1351.png
1352,5,4,8,21632,4638C74F,0,,tiles/pagina_05/tile_1352.png
1353,5,4,9,21648,00FADD78,0,,tiles/pagina_05/tile_1353.png
1354,5,4,10,21664,87F86D65,0,,tiles/pagina_05/tile_1354.png
1355,5,4,11,21680,594D1CF5,0,,tiles/pagina_05/tile_1355.png
1356,5,4,12,21696,E7775A73,0,,tiles/pagina_05/tile_1356.png
1357,5,4,13,21712,111D15C3,0,,tiles/pagina_05/tile_1357.png
1358,5,4,14,21728,FD992B93,0,,tiles/pagina_05/tile_1358.png
1359,5,4,15,21744,522C9D6F,0,,tiles/pagina_05/tile_1359.png
1360,5,5,0,21760,8BB7555B,0,,tiles/pagina_05/tile_1360.png
1361,5,5,1,21776,DE177679,0,,tiles/pagina_05/tile_1361.png
1362,5,5,2,21792,BF249A9D,0,,tiles/pagina_05/tile_1362.png
1363,5,5,3,21808,2A33ADDD,0,,tiles/pagina_05/tile_1363.png
1364,5,5,4,21824,8ED72986,0,,tiles/pagina_05/tile_1364.png
1365,5,5,5,21840,A96C8EE1,0,,tiles/pagina_05/tile_1365.png
1366,5,5,6,21856,8A7DFBCD,0,,tiles/pagina_05/tile_1366.png
1367,5,5,7,21872,638516C5,0,,tiles/pagina_05/tile_1367.png
1368,5,5,8,21888,DE1FF9B9,0,,tiles/pagina_05/tile_1368.png
1369,5,5,9,21904,FD981A3D,0,,tiles/pagina_05/tile_1369.png
1370,5,5,10,21920,BA32E145,0,,tiles/pagina_05/tile_1370.png
1371,5,5,11,21936,1C71349D,0,,tiles/pagina_05/tile_1371.png
1372,5,5,12,21952,0BFA750C,0,,tiles/pagina_05/tile_1372.png
1373,5,5,13,21968,DDC88C94,0,,tiles/pagina_05/tile_1373.png
1374,5,5,14,21984,C129867D,0,,tiles/pagina_05/tile_1374.png
1375,5,5,15,22000,3CE49109,0,,tiles/pagina_05/tile_1375.png
1376,5,6,0,22016,31EB99C8,0,,tiles/pagina_05/tile_1376.png
1377,5,6,1,22032,7021E623,0,,tiles/pagina_05/tile_1377.png
1378,5,6,2,22048,2A24332D,0,,tiles/pagina_05/tile_1378.png
1379,5,6,3,22064,8268C233,0,,tiles/pagina_05/tile_1379.png
1380,5,6,4,22080,F32E4F33,0,,tiles/pagina_05/tile_1380.png
1381,5,6,5,22096,BB79C9EC,0,,tiles/pagina_05/tile_1381.png
1382,5,6,6,22112,5C96D6CF,0,,tiles/pagina_05/tile_1382.png
1383,5,6,7,22128,47343DC7,0,,tiles/pagina_05/tile_1383.png
1384,5,6,8,22144,61DF9CBF,0,,tiles/pagina_05/tile_1384.png
1385,5,6,9,22160,B9FC707D,0,,tiles/pagina_05/tile_1385.png
1386,5,6,10,22176,558CA5C4,0,,tiles/pagina_05/tile_1386.png
1387,5,6,11,22192,472E2C45,0,,tiles/pagina_05/tile_1387.png
1388,5,6,12,22208,BE412486,0,,tiles/pagina_05/tile_1388.png
1389,5,6,13,22224,2D5D6340,0,,tiles/pagina_05/tile_1389.png
1390,5,6,14,22240,B7B5C32D,0,,tiles/pagina_05/tile_1390.png
1391,5,6,15,22256,16E4459D,0,,tiles/pagina_05/tile_1391.png
1392,5,7,0,22272,09083133,0,,tiles/pagina_05/tile_1392.png
1393,5,7,1,22288,DEA85C18,0,,tiles/pagina_05/tile_1393.png
1394,5,7,2,22304,D2682628,0,,tiles/pagina_05/tile_1394.png
1395,5,7,3,22320,978CF83D,0,,tiles/pagina_05/tile_1395.png
1396,5,7,4,22336,AF12E92A,0,,tiles/pagina_05/tile_1396.png
1397,5,7,5,22352,C8B13D55,0,,tiles/pagina_05/tile_1397.png
1398,5,7,6,22368,0241CF37,0,,tiles/pagina_05/tile_1398.png
1399,5,7,7,22384,CFFD0D51,0,,tiles/pagina_05/tile_1399.png
1400,5,7,8,22400,8B94DFAB,0,,tiles/pagina_05/tile_1400.png
1401,5,7,9,22416,58517ECB,0,,tiles/pagina_05/tile_1401.png
1402,5,7,10,22432,370B0B78,0,,tiles/pagina_05/tile_1402.png
1403,5,7,11,22448,56FBD2DD,0,,tiles/pagina_05/tile_1403.png
1404,5,7,12,22464,8435ECDD,0,,tiles/pagina_05/tile_1404.png
1405,5,7,13,22480,7347B41E,0,,tiles/pagina_05/tile_1405.png
1406,5,7,14,22496,0CB953C5,0,,tiles/pagina_05/tile_1406.png
1407,5,7,15,22512,6486C1E9,0,,tiles/pagina_05/tile_1407.png
1408,5,8,0,22528,ED20B09F,0,,tiles/pagina_05/tile_1408.png
1409,5,8,1,22544,5CE36395,0,,tiles/pagina_05/tile_1409.png
1410,5,8,2,22560,D0A2906F,0,,tiles/pagina_05/tile_1410.png
1411,5,8,3,22576,92A18275,0,,tiles/pagina_05/tile_1411.png
1412,5,8,4,22592,4C01CF8F,0,,tiles/pagina_05/tile_1412.png
1413,5,8,5,22608,C7F2A0ED,0,,tiles/pagina_05/tile_1413.png
1414,5,8,6,22624,A2662023,0,,tiles/pagina_05/tile_1414.png
1415,5,8,7,22640,2790F3A4,0,,tiles/pagina_05/tile_1415.png
1416,5,8,8,22656,AC87E895,0,,tiles/pagina_05/tile_1416.png
1417,5,8,9,22672,F10C5C03,0,,tiles/pagina_05/tile_1417.png
1418,5,8,10,22688,653A2A93,0,,tiles/pagina_05/tile_1418.png
1419,5,8,11,22704,218CB523,0,,tiles/pagina_05/tile_1419.png
1420,5,8,12,22720,FA1E5E73,0,,tiles/pagina_05/tile_1420.png
1421,5,8,13,22736,D3A1920D,0,,tiles/pagina_05/tile_1421.png
1422,5,8,14,22752,C7D8A79B,0,,tiles/pagina_05/tile_1422.png
1423,5,8,15,22768,F3462E7D,0,,tiles/pagina_05/tile_1423.png
1424,5,9,0,22784,30F4BBF2,0,,tiles/pagina_05/tile_1424.png
1425,5,9,1,22800,ABD69723,0,,tiles/pagina_05/tile_1425.png
1426,5,9,2,22816,CB23F037,0,,tiles/pagina_05/tile_1426.png
1427,5,9,3,22832,447F5BE3,0,,tiles/pagina_05/tile_1427.png
1428,5,9,4,22848,35320C51,0,,tiles/pagina_05/tile_1428.png
1429,5,9,5,22864,B700CE09,0,,tiles/pagina_05/tile_1429.png
1430,5,9,6,22880,9AFBF208,0,,tiles/pagina_05/tile_1430.png
1431,5,9,7,22896,EE2E7EB5,0,,tiles/pagina_05/tile_1431.png
1432,5,9,8,22912,D1BF67CB,0,,tiles/pagina_05/tile_1432.png
1433,5,9,9,22928,85F5B11D,0,,tiles/pagina_05/tile_1433.png
1434,5,9,10,22944,D7B45D93,0,,tiles/pagina_05/tile_1434.png
1435,5,9,11,22960,B6A75EF5,0,,tiles/pagina_05/tile_1435.png
1436,5,9,12,22976,C6B56203,0,,tiles/pagina_05/tile_1436.png
1437,5,9,13,22992,F976F721,0,,tiles/pagina_05/tile_1437.png
1438,5,9,14,23008,8096DC69,0,,tiles/pagina_05/tile_1438.png
1439,5,9,15,23024,DF0C0C5D,0,,tiles/pagina_05/tile_1439.png
1440,5,10,0,23040,8B3C0E7B,0,,tiles/pagina_05/tile_1440.png
1441,5,10,1,23056,13072F77,0,,tiles/pagina_05/tile_1441.png
1442,5,10,2,23072,6E5DC97D,0,,tiles/pagina_05/tile_1442.png
1443,5,10,3,23088,0CB0F67B,0,,tiles/pagina_05/tile_1443.png
1444,5,10,4,23104,8C99FB8D,0,,tiles/pagina_05/tile_1444.png
1445,5,10,5,23120,6561E09D,0,,tiles/pagina_05/tile_1445.png
1446,5,10,6,23136,F2385F9D,0,,tiles/pagina_05/tile_1446.png
1447,5,10,7,23152,F2A04AED,0,,tiles/pagina_05/tile_1447.png
1448,5,10,8,23168,2655A72A,0,,tiles/pagina_05/tile_1448.png
1449,5,10,9,23184,9A2F3064,0,,tiles/pagina_05/tile_1449.png
1450,5,10,10,23200,75E7C873,0,,tiles/pagina_05/tile_1450.png
1451,5,10,11,23216,56828083,0,,tiles/pagina_05/tile_1451.png
1452,5,10,12,23232,98176364,0,,tiles/pagina_05/tile_1452.png
1453,5,10,13,23248,0190F8F7,0,,tiles/pagina_05/tile_1453.png
1454,5,10,14,23264,2564EA49,0,,tiles/pagina_05/tile_1454.png
1455,5,10,15,23280,EF988019,0,,tiles/pagina_05/tile_1455.png
1456,5,11,0,23296,6BAF5E89,0,,tiles/pagina_05/tile_1456.png
1457,5,11,1,23312,A42669C5,0,,tiles/pagina_05/tile_1457.png
1458,5,11,2,23328,B3C3B3FF,0,,tiles/pagina_05/tile_1458.png
1459,5,11,3,23344,4C67811A,0,,tiles/pagina_05/tile_1459.png
1460,5,11,4,23360,F8F2B085,0,,tiles/pagina_05/tile_1460.png
1461,5,11,5,23376,5FB77905,0,,tiles/pagina_05/tile_1461.png
1462,5,11,6,23392,18EC524C,0,,tiles/pagina_05/tile_1462.png
1463,5,11,7,23408,94157409,0,,tiles/pagina_05/tile_1463.png
1464,5,11,8,23424,BF215787,0,,tiles/pagina_05/tile_1464.png
1465,5,11,9,23440,B66CE9C7,0,,tiles/pagina_05/tile_1465.png
1466,5,11,10,23456,8D72D511,0,,tiles/pagina_05/tile_1466.png
1467,5,11,11,23472,9FECAFF1,0,,tiles/pagina_05/tile_1467.png
1468,5,11,12,23488,07EF1968,0,,tiles/pagina_05/tile_1468.png
1469,5,11,13,23504,032CCDE9,0,,tiles/pagina_05/tile_1469.png
1470,5,11,14,23520,6DEBB9FD,0,535,tiles/pagina_05/tile_1470.png
1471,5,11,15,23536,C6C68159,0,,tiles/pagina_05/tile_1471.png
1472,5,12,0,23552,8CCACDC5,0,,tiles/pagina_05/tile_1472.png
1473,5,12,1,23568,39BEBDBD,0,,tiles/pagina_05/tile_1473.png
1474,5,12,2,23584,A262D6D7,0,,tiles/pagina_05/tile_1474.png
1475,5,12,3,23600,3DB6E7E7,0,,tiles/pagina_05/tile_1475.png
1476,5,12,4,23616,4C568421,0,,tiles/pagina_05/tile_1476.png
1477,5,12,5,23632,4416BF7A,0,,tiles/pagina_05/tile_1477.png
1478,5,12,6,23648,BA8578DB,0,,tiles/pagina_05/tile_1478.png
1479,5,12,7,23664,D6863A03,0,,tiles/pagina_05/tile_1479.png
1480,5,12,8,23680,E9E03D6D,0,,tiles/pagina_05/tile_1480.png
1481,5,12,9,23696,B03803AD,0,,tiles/pagina_05/tile_1481.png
1482,5,12,10,23712,3CB5F41D,0,,tiles/pagina_05/tile_1482.png
1483,5,12,11,23728,A7B8F12D,0,,tiles/pagina_05/tile_1483.png
1484,5,12,12,23744,AF814705,0,,tiles/pagina_05/tile_1484.png
1485,5,12,13,23760,C5335189,0,,tiles/pagina_05/tile_1485.png
1486,5,12,14,23776,CFCF95F7,0,,tiles/pagina_05/tile_1486.png
1487,5,12,15,23792,339B80CB,0,,tiles/pagina_05/tile_1487.png
1488,5,13,0,23808,62A2F1BA,0,,tiles/pagina_05/tile_1488.png
1489,5,13,1,23824,3673E70E,0,,tiles/pagina_05/tile_1489.png
1490,5,13,2,23840,9F0A3EC4,0,,tiles/pagina_05/tile_1490.png
1491,5,13,3,23856,33EB0D14,0,,tiles/pagina_05/tile_1491.png
1492,5,13,4,23872,B2C9A45A,0,,tiles/pagina_05/tile_1492.png
1493,5,13,5,23888,5F8CD810,0,,tiles/pagina_05/tile_1493.png
1494,5,13,6,23904,C827F171,0,,tiles/pagina_05/tile_1494.png
1495,5,13,7,23920,4C9D1AB1,0,,tiles/pagina_05/tile_1495.png
1496,5,13,8,23936,BACCF61D,0,,tiles/pagina_05/tile_1496.png
1497,5,13,9,23952,7CC321C5,0,,tiles/pagina_05/tile_1497.png
1498,5,13,10,23968,22741896,0,,tiles/pagina_05/tile_1498.png
1499,5,13,11,23984,D251E045,0,,tiles/pagina_05/tile_1499.png
1500,5,13,12,24000,038291D0,0,,tiles/pagina_05/tile_1500.png
1501,5,13,13,24016,9BBF028A,0,,tiles/pagina_05/tile_1501.png
1502,5,13,14,24032,08DD2FFB,0,,tiles/pagina_05/tile_1502.png
1503,5,13,15,24048,EFD980DB,0,,tiles/pagina_05/tile_1503.png
1504,5,14,0,24064,80E6E3E6,0,,tiles/pagina_05/tile_1504.png
1505,5,14,1,24080,C379F065,0,,tiles/pagina_05/tile_1505.png
1506,5,14,2,24096,5FDD51CB,0,,tiles/pagina_05/tile_1506.png
1507,5,14,3,24112,61A1C9BB,0,,tiles/pagina_05/tile_1507.png
1508,5,14,4,24128,6DF5C0C7,0,,tiles/pagina_05/tile_1508.png
1509,5,14,5,24144,48C7EB7D,0,,tiles/pagina_05/tile_1509.png
1510,5,14,6,24160,981A4995,0,,tiles/pagina_05/tile_1510.png
1511,5,14,7,24176,728D344B,0,,tiles/pagina_05/tile_1511.png
1512,5,14,8,24192,E6C7B856,0,,tiles/pagina_05/tile_1512.png
1513,5,14,9,24208,D5701334,0,,tiles/pagina_05/tile_1513.png
1514,5,14,10,24224,39A3211C,0,,tiles/pagina_05/tile_1514.png
1515,5,14,11,24240,A23194F3,0,,tiles/pagina_05/tile_1515.png
1516,5,14,12,24256,36F417DA,0,,tiles/pagina_05/tile_1516.png
1517,5,14,13,24272,231085B3,0,,tiles/pagina_05/tile_1517.png
1518,5,14,14,24288,3176281E,0,,tiles/pagina_05/tile_1518.png
1519,5,14,15,24304,62A09557,0,,tiles/pagina_05/tile_1519.png
1520,5,15,0,24320,8A248187,0,,tiles/pagina_05/tile_1520.png
1521,5,15,1,24336,B1FA1C9B,0,,tiles/pagina_05/tile_1521.png
1522,5,15,2,24352,85D089E9,0,,tiles/pagina_05/tile_1522.png
1523,5,15,3,24368,D7962C59,0,,tiles/pagina_05/tile_1523.png
1524,5,15,4,24384,A9EDF16A,0,,tiles/pagina_05/tile_1524.png
1525,5,15,5,24400,25E3ACA1,0,,tiles/pagina_05/tile_1525.png
1526,5,15,6,24416,822459E1,0,,tiles/pagina_05/tile_1526.png
1527,5,15,7,24432,C55BDF8C,0,,tiles/pagina_05/tile_1527.png
1528,5,15,8,24448,0CEA7D33,0,,tiles/pagina_05/tile_1528.png
1529,5,15,9,24464,86461D07,0,,tiles/pagina_05/tile_1529.png
1530,5,15,10,24480,03308E1D,0,,tiles/pagina_05/tile_1530.png
1531,5,15,11,24496,7834D92D,0,,tiles/pagina_05/tile_1531.png
1532,5,15,12,24512,568B596D,0,,tiles/pagina_05/tile_1532.png
1533,5,15,13,24528,C9D1B8D1,0,,tiles/pagina_05/tile_1533.png
1534,5,15,14,24544,360779F5,0,112,tiles/pagina_05/tile_1534.png
1535,5,15,15,24560,69691905,1,22,tiles/pagina_05/tile_1535.png
1536,6,0,0,24576,53288177,0,,tiles/pagina_06/tile_1536.png
1537,6,0,1,24592,5F27A2E5,0,,tiles/pagina_06/tile_1537.png
1538,6,0,2,24608,F31248FD,0,,tiles/pagina_06/tile_1538.png
1539,6,0,3,24624,08874D7E,0,,tiles/pagina_06/tile_1539.png
1540,6,0,4,24640,5004228B,0,,tiles/pagina_06/tile_1540.png
1541,6,0,5,24656,62384529,0,,tiles/pagina_06/tile_1541.png
1542,6,0,6,24672,62384529,0,1541,tiles/pagina_06/tile_1542.png
1543,6,0,7,24688,62384529,0,1541,tiles/pagina_06/tile_1543.png
1544,6,0,8,24704,62384529,0,1541,tiles/pagina_06/tile_1544.png
1545,6,0,9,24720,4E84D8FD,0,766,tiles/pagina_06/tile_1545.png
1546,6,0,10,24736,3D60CED9,0,,tiles/pagina_06/tile_1546.png
1547,6,0,11,24752,202A3EFA,0,,tiles/pagina_06/tile_1547.png
1548,6,0,12,24768,64C744D0,0,,tiles/pagina_06/tile_1548.png
1549,6,0,13,24784,F08D5CF2,0,,tiles/pagina_06/tile_1549.png
1550,6,0,14,24800,FF729233,0,,tiles/pagina_06/tile_1550.png
1551,6,0,15,24816,1DC76C73,0,,tiles/pagina_06/tile_1551.png
1552,6,1,0,24832,FCF25FC7,0,,tiles/pagina_06/tile_1552.png
1553,6,1,1,24848,B376E1C7,0,,tiles/pagina_06/tile_1553.png
1554,6,1,2,24864,7FBA52CA,0,,tiles/pagina_06/tile_1554.png
1555,6,1,3,24880,09E860A1,0,568,tiles/pagina_06/tile_1555.png
1556,6,1,4,24896,B0EC6557,0,,tiles/pagina_06/tile_1556.png
1557,6,1,5,24912,37A176C7,0,,tiles/pagina_06/tile_1557.png
1558,6,1,6,24928,2F75F82B,0,,tiles/pagina_06/tile_1558.png
1559,6,1,7,24944,48F5DFAB,0,,tiles/pagina_06/tile_1559.png
1560,6,1,8,24960,FFAC59BF,0,,tiles/pagina_06/tile_1560.png
1561,6,1,9,24976,C6874EE7,0,,tiles/pagina_06/tile_1561.png
1562,6,1,10,24992,75BD383F,0,,tiles/pagina_06/tile_1562.png
1563,6,1,11,25008,D5E1D028,0,,tiles/pagina_06/tile_1563.png
1564,6,1,12,25024,7BCC5D5F,0,,tiles/pagina_06/tile_1564.png
1565,6,1,13,25040,2EEC7F6C,0,,tiles/pagina_06/tile_1565.png
1566,6,1,14,25056,A4366FD2,0,,tiles/pagina_06/tile_1566.png
1567,6,1,15,25072,BCAD6FFE,0,,tiles/pagina_06/tile_1567.png
1568,6,2,0,25088,FACE7520,0,,tiles/pagina_06/tile_1568.png
1569,6,2,1,25104,E848655A,0,,tiles/pagina_06/tile_1569.png
1570,6,2,2,25120,5EF135B0,0,,tiles/pagina_06/tile_1570.png
1571,6,2,3,25136,C309620D,0,546,tiles/pagina_06/tile_1571.png
1572,6,2,4,25152,4E3F42C8,0,,tiles/pagina_06/tile_1572.png
1573,6,2,5,25168,BA114D4B,0,,tiles/pagina_06/tile_1573.png
1574,6,2,6,25184,94D4FB2A,0,,tiles/pagina_06/tile_1574.png
1575,6,2,7,25200,F328CC2C,0,,tiles/pagina_06/tile_1575.png
1576,6,2,8,25216,D77F8D27,0,,tiles/pagina_06/tile_1576.png
1577,6,2,9,25232,54C91C1D,0,,tiles/pagina_06/tile_1577.png
1578,6,2,10,25248,B4AF3DC2,0,,tiles/pagina_06/tile_1578.png
1579,6,2,11,25264,B6E6513D,0,,tiles/pagina_06/tile_1579.png
1580,6,2,12,25280,6AF0CB12,0,,tiles/pagina_06/tile_1580.png
1581,6,2,13,25296,3361DCAD,0,,tiles/pagina_06/tile_1581.png
1582,6,2,14,25312,3587C5EC,0,,tiles/pagina_06/tile_1582.png
1583,6,2,15,25328,33A49A7B,0,,tiles/pagina_06/tile_1583.png
1584,6,3,0,25344,3D9B92A3,0,,tiles/pagina_06/tile_1584.png
1585,6,3,1,25360,27678767,0,,tiles/pagina_06/tile_1585.png
1586,6,3,2,25376,0D2DB7E3,0,,tiles/pagina_06/tile_1586.png
1587,6,3,3,25392,9AA268F2,0,819,tiles/pagina_06/tile_1587.png
1588,6,3,4,25408,BA8603FA,0,820,tiles/pagina_06/tile_1588.png
1589,6,3,5,25424,AD71A929,0,,tiles/pagina_06/tile_1589.png
1590,6,3,6,25440,9B01905D,0,,tiles/pagina_06/tile_1590.png
1591,6,3,7,25456,4CA8066F,0,,tiles/pagina_06/tile_1591.png
1592,6,3,8,25472,AB463549,0,,tiles/pagina_06/tile_1592.png
1593,6,3,9,25488,AF7D562D,0,1070,tiles/pagina_06/tile_1593.png
1594,6,3,10,25504,33FA3B5F,0,,tiles/pagina_06/tile_1594.png
1595,6,3,11,25520,6ECBA85F,0,,tiles/pagina_06/tile_1595.png
1596,6,3,12,25536,B18FE7BC,0,,tiles/pagina_06/tile_1596.png
1597,6,3,13,25552,7802F9F9,0,,tiles/pagina_06/tile_1597.png
1598,6,3,14,25568,5C6024BC,0,513,tiles/pagina_06/tile_1598.png
1599,6,3,15,25584,1B420279,0,608,tiles/pagina_06/tile_1599.png
1600,6,4,0,25600,62384529,0,1541,tiles/pagina_06/tile_1600.png
1601,6,4,1,25616,62384529,0,1541,tiles/pagina_06/tile_1601.png
1602,6,4,2,25632,62384529,0,1541,tiles/pagina_06/tile_1602.png
1603,6,4,3,25648,62384529,0,1541,tiles/pagina_06/tile_1603.png
1604,6,4,4,25664,69880D6A,0,,tiles/pagina_06/tile_1604.png
1605,6,4,5,25680,714AB10D,0,,tiles/pagina_06/tile_1605.png
1606,6,4,6,25696,1FB11A5F,0,,tiles/pagina_06/tile_1606.png
1607,6,4,7,25712,D7566282,0,,tiles/pagina_06/tile_1607.png
1608,6,4,8,25728,49197CC1,0,,tiles/pagina_06/tile_1608.png
1609,6,4,9,25744,985148B6,0,,tiles/pagina_06/tile_1609.png
1610,6,4,10,25760,7DAD311B,0,,tiles/pagina_06/tile_1610.png
1611,6,4,11,25776,8DE8AA3B,0,,tiles/pagina_06/tile_1611.png
1612,6,4,12,25792,8E69C1EB,0,,tiles/pagina_06/tile_1612.png
1613,6,4,13,25808,6AF0CB12,0,1580,tiles/pagina_06/tile_1613.png
1614,6,4,14,25824,0594B83C,0,,tiles/pagina_06/tile_1614.png
1615,6,4,15,25840,995C2ED5,0,,tiles/pagina_06/tile_1615.png
1616,6,5,0,25856,62384529,0,1541,tiles/pagina_06/tile_1616.png
1617,6,5,1,25872,C681AACA,0,,tiles/pagina_06/tile_1617.png
1618,6,5,2,25888,62384529,0,1541,tiles/pagina_06/tile_1618.png
1619,6,5,3,25904,01D9DE8A,0,,tiles/pagina_06/tile_1619.png
1620,6,5,4,25920,03ECB39D,0,,tiles/pagina_06/tile_1620.png
1621,6,5,5,25936,E71007E0,0,,tiles/pagina_06/tile_1621.png
1622,6,5,6,25952,52FC7A84,0,,tiles/pagina_06/tile_1622.png
1623,6,5,7,25968,EA82A1AE,0,,tiles/pagina_06/tile_1623.png
1624,6,5,8,25984,9D6FCCC9,0,,tiles/pagina_06/tile_1624.png
1625,6,5,9,26000,E40453F9,0,,tiles/pagina_06/tile_1625.png
1626,6,5,10,26016,EA679ED8,0,,tiles/pagina_06/tile_1626.png
1627,6,5,11,26032,C2704AA6,0,,tiles/pagina_06/tile_1627.png
1628,6,5,12,26048,D2F302F8,0,860,tiles/pagina_06/tile_1628.png
1629,6,5,13,26064,AE875BBA,0,861,tiles/pagina_06/tile_1629.png
1630,6,5,14,26080,B353F37C,0,862,tiles/pagina_06/tile_1630.png
1631,6,5,15,26096,EE8197A0,0,863,tiles/pagina_06/tile_1631.png
1632,6,6,0,26112,5E7AEA2D,0,,tiles/pagina_06/tile_1632.png
1633,6,6,1,26128,AF7D562D,0,1070,tiles/pagina_06/tile_1633.png
1634,6,6,2,26144,AF7D562D,0,1070,tiles/pagina_06/tile_1634.png
1635,6,6,3,26160,63ECC785,0,,tiles/pagina_06/tile_1635.png
1636,6,6,4,26176,D8F3D3FD,0,606,tiles/pagina_06/tile_1636.png
1637,6,6,5,26192,4E84D8FD,0,766,tiles/pagina_06/tile_1637.png
1638,6,6,6,26208,4E84D8FD,0,766,tiles/pagina_06/tile_1638.png
1639,6,6,7,26224,58F9095D,0,,tiles/pagina_06/tile_1639.png
1640,6,6,8,26240,770935B1,0,574,tiles/pagina_06/tile_1640.png
1641,6,6,9,26256,532AE15D,0,575,tiles/pagina_06/tile_1641.png
1642,6,6,10,26272,239DE901,0,544,tiles/pagina_06/tile_1642.png
1643,6,6,11,26288,72BF982D,0,545,tiles/pagina_06/tile_1643.png
1644,6,6,12,26304,96B1575C,0,,tiles/pagina_06/tile_1644.png
1645,6,6,13,26320,2AF11E3D,0,,tiles/pagina_06/tile_1645.png
1646,6,6,14,26336,435DE68C,0,,tiles/pagina_06/tile_1646.png
1647,6,6,15,26352,EFB1AF60,0,,tiles/pagina_06/tile_1647.png
1648,6,7,0,26368,B09CB091,0,624,tiles/pagina_06/tile_1648.png
1649,6,7,1,26384,27DA335B,0,625,tiles/pagina_06/tile_1649.png
1650,6,7,2,26400,A1B82622,0,626,tiles/pagina_06/tile_1650.png
1651,6,7,3,26416,C1A0E4DF,0,627,tiles/pagina_06/tile_1651.png
1652,6,7,4,26432,494AE044,0,628,tiles/pagina_06/tile_1652.png
1653,6,7,5,26448,F3B3BD46,0,629,tiles/pagina_06/tile_1653.png
1654,6,7,6,26464,65090DDC,0,630,tiles/pagina_06/tile_1654.png
1655,6,7,7,26480,8D3B3653,0,631,tiles/pagina_06/tile_1655.png
1656,6,7,8,26496,CEE60921,0,632,tiles/pagina_06/tile_1656.png
1657,6,7,9,26512,C0285EB9,0,633,tiles/pagina_06/tile_1657.png
1658,6,7,10,26528,38C77781,0,634,tiles/pagina_06/tile_1658.png
1659,6,7,11,26544,671A7DD5,0,635,tiles/pagina_06/tile_1659.png
1660,6,7,12,26560,0DEA3AE6,0,,tiles/pagina_06/tile_1660.png
1661,6,7,13,26576,57C36853,0,,tiles/pagina_06/tile_1661.png
1662,6,7,14,26592,438E58EF,0,,tiles/pagina_06/tile_1662.png
1663,6,7,15,26608,A89D3927,0,,tiles/pagina_06/tile_1663.png
1664,6,8,0,26624,FDD420F7,0,,tiles/pagina_06/tile_1664.png
1665,6,8,1,26640,B1FCB319,0,,tiles/pagina_06/tile_1665.png
1666,6,8,2,26656,31F4AE1A,0,,tiles/pagina_06/tile_1666.png
1667,6,8,3,26672,C3E6C805,0,,tiles/pagina_06/tile_1667.png
1668,6,8,4,26688,DC6C192D,0,,tiles/pagina_06/tile_1668.png
1669,6,8,5,26704,4EC512ED,0,,tiles/pagina_06/tile_1669.png
1670,6,8,6,26720,6B538201,0,,tiles/pagina_06/tile_1670.png
1671,6,8,7,26736,42CD55D1,0,,tiles/pagina_06/tile_1671.png
1672,6,8,8,26752,AB235537,0,,tiles/pagina_06/tile_1672.png
1673,6,8,9,26768,7A9C7DDE,0,,tiles/pagina_06/tile_1673.png
1674,6,8,10,26784,ADDDED36,0,,tiles/pagina_06/tile_1674.png
1675,6,8,11,26800,2245CDDB,0,,tiles/pagina_06/tile_1675.png
1676,6,8,12,26816,A0F3E9EE,0,,tiles/pagina_06/tile_1676.png
1677,6,8,13,26832,BA620F92,0,,tiles/pagina_06/tile_1677.png
1678,6,8,14,26848,445CA69F,0,828,tiles/pagina_06/tile_1678.png
1679,6,8,15,26864,7944D2B3,0,829,tiles/pagina_06/tile_1679.png
1680,6,9,0,26880,D29FFFF4,0,,tiles/pagina_06/tile_1680.png
1681,6,9,1,26896,017DFCD9,0,,tiles/pagina_06/tile_1681.png
1682,6,9,2,26912,5E21734F,0,,tiles/pagina_06/tile_1682.png
1683,6,9,3,26928,EA83459B,0,,tiles/pagina_06/tile_1683.png
1684,6,9,4,26944,0DC9479D,0,,tiles/pagina_06/tile_1684.png
1685,6,9,5,26960,B9FB7EA5,0,,tiles/pagina_06/tile_1685.png
1686,6,9,6,26976,A7E2807F,0,,tiles/pagina_06/tile_1686.png
1687,6,9,7,26992,8FBA57FF,0,,tiles/pagina_06/tile_1687.png
1688,6,9,8,27008,683827F8,0,,tiles/pagina_06/tile_1688.png
1689,6,9,9,27024,56048806,0,,tiles/pagina_06/tile_1689.png
1690,6,9,10,27040,A4F8BDED,0,,tiles/pagina_06/tile_1690.png
1691,6,9,11,27056,6B84916E,0,,tiles/pagina_06/tile_1691.png
1692,6,9,12,27072,71220FC9,0,830,tiles/pagina_06/tile_1692.png
1693,6,9,13,27088,96259537,0,831,tiles/pagina_06/tile_1693.png
1694,6,9,14,27104,7F91D172,0,814,tiles/pagina_06/tile_1694.png
1695,6,9,15,27120,5CFF097A,0,639,tiles/pagina_06/tile_1695.png
1696,6,10,0,27136,AD7AB9D7,0,,tiles/pagina_06/tile_1696.png
1697,6,10,1,27152,57D9D84E,0,,tiles/pagina_06/tile_1697.png
1698,6,10,2,27168,B5AB67F9,0,,tiles/pagina_06/tile_1698.png
1699,6,10,3,27184,A5ACC316,0,,tiles/pagina_06/tile_1699.png
1700,6,10,4,27200,143B2041,0,,tiles/pagina_06/tile_1700.png
1701,6,10,5,27216,BFCE275E,0,,tiles/pagina_06/tile_1701.png
1702,6,10,6,27232,F08A0257,0,,tiles/pagina_06/tile_1702.png
1703,6,10,7,27248,A15DDC21,0,,tiles/pagina_06/tile_1703.png
1704,6,10,8,27264,473DE74E,0,,tiles/pagina_06/tile_1704.png
1705,6,10,9,27280,40FD2BFC,0,,tiles/pagina_06/tile_1705.png
1706,6,10,10,27296,CBB247ED,0,,tiles/pagina_06/tile_1706.png
1707,6,10,11,27312,DF865D91,0,,tiles/pagina_06/tile_1707.png
1708,6,10,12,27328,F08A0257,0,1702,tiles/pagina_06/tile_1708.png
1709,6,10,13,27344,A15DDC21,0,1703,tiles/pagina_06/tile_1709.png
1710,6,10,14,27360,473DE74E,0,1704,tiles/pagina_06/tile_1710.png
1711,6,10,15,27376,40FD2BFC,0,1705,tiles/pagina_06/tile_1711.png
1712,6,11,0,27392,710B2183,0,,tiles/pagina_06/tile_1712.png
1713,6,11,1,27408,830FBCA5,0,,tiles/pagina_06/tile_1713.png
1714,6,11,2,27424,BC54FDD3,0,,tiles/pagina_06/tile_1714.png
1715,6,11,3,27440,5990BD1C,0,,tiles/pagina_06/tile_1715.png
1716,6,11,4,27456,25C42241,0,,tiles/pagina_06/tile_1716.png
1717,6,11,5,27472,4AB56EEA,0,,tiles/pagina_06/tile_1717.png
1718,6,11,6,27488,25C42241,0,1716,tiles/pagina_06/tile_1718.png
1719,6,11,7,27504,10EDB3FF,0,,tiles/pagina_06/tile_1719.png
1720,6,11,8,27520,F08A0257,0,1702,tiles/pagina_06/tile_1720.png
1721,6,11,9,27536,A15DDC21,0,1703,tiles/pagina_06/tile_1721.png
1722,6,11,10,27552,CBB247ED,0,1706,tiles/pagina_06/tile_1722.png
1723,6,11,11,27568,DF865D91,0,1707,tiles/pagina_06/tile_1723.png
1724,6,11,12,27584,10A18450,0,,tiles/pagina_06/tile_1724.png
1725,6,11,13,27600,893AF636,0,,tiles/pagina_06/tile_1725.png
1726,6,11,14,27616,0944ED6D,0,,tiles/pagina_06/tile_1726.png
1727,6,11,15,27632,0944ED6D,0,1726,tiles/pagina_06/tile_1727.png
1728,6,12,0,27648,5DF06634,0,,tiles/pagina_06/tile_1728.png
1729,6,12,1,27664,E99CA3DE,0,,tiles/pagina_06/tile_1729.png
1730,6,12,2,27680,7D473A49,0,,tiles/pagina_06/tile_1730.png
1731,6,12,3,27696,0D9C779F,0,,tiles/pagina_06/tile_1731.png
1732,6,12,4,27712,B567D4C0,0,,tiles/pagina_06/tile_1732.png
1733,6,12,5,27728,5EED7E99,0,,tiles/pagina_06/tile_1733.png
1734,6,12,6,27744,E181D7F0,0,,tiles/pagina_06/tile_1734.png
1735,6,12,7,27760,B6F46C68,0,,tiles/pagina_06/tile_1735.png
1736,6,12,8,27776,1C565636,0,,tiles/pagina_06/tile_1736.png
1737,6,12,9,27792,6E5542C6,0,,tiles/pagina_06/tile_1737.png
1738,6,12,10,27808,650C4219,0,,tiles/pagina_06/tile_1738.png
1739,6,12,11,27824,BDB18DA3,0,,tiles/pagina_06/tile_1739.png
1740,6,12,12,27840,2530E70D,0,,tiles/pagina_06/tile_1740.png
1741,6,12,13,27856,484C9793,0,,tiles/pagina_06/tile_1741.png
1742,6,12,14,27872,0780D304,0,,tiles/pagina_06/tile_1742.png
1743,6,12,15,27888,A3F25972,0,,tiles/pagina_06/tile_1743.png
1744,6,13,0,27904,7A9673BB,0,,tiles/pagina_06/tile_1744.png
1745,6,13,1,27920,EBA99F66,0,,tiles/pagina_06/tile_1745.png
1746,6,13,2,27936,F3D2DBA7,0,,tiles/pagina_06/tile_1746.png
1747,6,13,3,27952,46A00562,0,,tiles/pagina_06/tile_1747.png
1748,6,13,4,27968,AA90DF79,0,,tiles/pagina_06/tile_1748.png
1749,6,13,5,27984,64CE135C,0,,tiles/pagina_06/tile_1749.png
1750,6,13,6,28000,B2419F2B,0,1238,tiles/pagina_06/tile_1750.png
1751,6,13,7,28016,1F5DA557,0,1239,tiles/pagina_06/tile_1751.png
1752,6,13,8,28032,2CD15B5F,0,,tiles/pagina_06/tile_1752.png
1753,6,13,9,28048,6812E5B4,0,,tiles/pagina_06/tile_1753.png
1754,6,13,10,28064,1464C01F,0,,tiles/pagina_06/tile_1754.png
1755,6,13,11,28080,A44C2773,0,,tiles/pagina_06/tile_1755.png
1756,6,13,12,28096,F08A0257,0,1702,tiles/pagina_06/tile_1756.png
1757,6,13,13,28112,473DE74E,0,1704,tiles/pagina_06/tile_1757.png
1758,6,13,14,28128,F08A0257,0,1702,tiles/pagina_06/tile_1758.png
1759,6,13,15,28144,CBB247ED,0,1706,tiles/pagina_06/tile_1759.png
1760,6,14,0,28160,29EB2528,0,,tiles/pagina_06/tile_1760.png
1761,6,14,1,28176,D8D2136E,0,,tiles/pagina_06/tile_1761.png
1762,6,14,2,28192,88A3BD23,0,,tiles/pagina_06/tile_1762.png
1763,6,14,3,28208,4677FE8E,0,,tiles/pagina_06/tile_1763.png
1764,6,14,4,28224,965D414D,0,,tiles/pagina_06/tile_1764.png
1765,6,14,5,28240,D8D2136E,0,1761,tiles/pagina_06/tile_1765.png
1766,6,14,6,28256,AF73919A,0,,tiles/pagina_06/tile_1766.png
1767,6,14,7,28272,A49CBA37,0,,tiles/pagina_06/tile_1767.png
1768,6,14,8,28288,DAA00D7F,0,,tiles/pagina_06/tile_1768.png
1769,6,14,9,28304,D8D2136E,0,1761,tiles/pagina_06/tile_1769.png
1770,6,14,10,28320,85A3B86A,0,,tiles/pagina_06/tile_1770.png
1771,6,14,11,28336,52767E72,0,,tiles/pagina_06/tile_1771.png
1772,6,14,12,28352,A15DDC21,0,1703,tiles/pagina_06/tile_1772.png
1773,6,14,13,28368,40FD2BFC,0,1705,tiles/pagina_06/tile_1773.png
1774,6,14,14,28384,A15DDC21,0,1703,tiles/pagina_06/tile_1774.png
1775,6,14,15,28400,DF865D91,0,1707,tiles/pagina_06/tile_1775.png
1776,6,15,0,28416,540318D5,0,,tiles/pagina_06/tile_1776.png
1777,6,15,1,28432,A23D0F0E,0,,tiles/pagina_06/tile_1777.png
1778,6,15,2,28448,A8DF1339,0,,tiles/pagina_06/tile_1778.png
1779,6,15,3,28464,A678E45E,0,,tiles/pagina_06/tile_1779.png
1780,6,15,4,28480,ACC53EE4,0,,tiles/pagina_06/tile_1780.png
1781,6,15,5,28496,27ED497E,0,,tiles/pagina_06/tile_1781.png
1782,6,15,6,28512,121656AD,0,,tiles/pagina_06/tile_1782.png
1783,6,15,7,28528,FFBDE34D,0,,tiles/pagina_06/tile_1783.png
1784,6,15,8,28544,4F8B9CFA,0,,tiles/pagina_06/tile_1784.png
1785,6,15,9,28560,741CB7EE,0,,tiles/pagina_06/tile_1785.png
1786,6,15,10,28576,69878E0F,0,,tiles/pagina_06/tile_1786.png
1787,6,15,11,28592,97A0D78F,0,,tiles/pagina_06/tile_1787.png
1788,6,15,12,28608,ADF31E08,0,,tiles/pagina_06/tile_1788.png
1789,6,15,13,28624,EABC5FEA,0,,tiles/pagina_06/tile_1789.png
1790,6,15,14,28640,D4FEE620,0,,tiles/pagina_06/tile_1790.png
1791,6,15,15,28656,B6F6E036,0,,tiles/pagina_06/tile_1791.png
1792,7,0,0,28672,832B1D91,0,,tiles/pagina_07/tile_1792.png
1793,7,0,1,28688,E511AE09,0,,tiles/pagina_07/tile_1793.png
1794,7,0,2,28704,8030FC09,0,,tiles/pagina_07/tile_1794.png
1795,7,0,3,28720,3CBCC42B,0,,tiles/pagina_07/tile_1795.png
1796,7,0,4,28736,2B8E7491,0,,tiles/pagina_07/tile_1796.png
1797,7,0,5,28752,86B9593D,0,,tiles/pagina_07/tile_1797.png
1798,7,0,6,28768,DAF71F25,0,,tiles/pagina_07/tile_1798.png
1799,7,0,7,28784,33E18BAD,0,,tiles/pagina_07/tile_1799.png
1800,7,0,8,28800,53EB1AC5,0,,tiles/pagina_07/tile_1800.png
1801,7,0,9,28816,66F446E9,0,,tiles/pagina_07/tile_1801.png
1802,7,0,10,28832,74338C99,0,,tiles/pagina_07/tile_1802.png
1803,7,0,11,28848,6F72F110,0,,tiles/pagina_07/tile_1803.png
1804,7,0,12,28864,DDB5D65D,0,,tiles/pagina_07/tile_1804.png
1805,7,0,13,28880,C3AE7681,0,,tiles/pagina_07/tile_1805.png
1806,7,0,14,28896,76AEE6A1,0,,tiles/pagina_07/tile_1806.png
1807,7,0,15,28912,78C2B5C9,0,,tiles/pagina_07/tile_1807.png
1808,7,1,0,28928,C8FC96F9,0,,tiles/pagina_07/tile_1808.png
1809,7,1,1,28944,D5FE5B6D,0,,tiles/pagina_07/tile_1809.png
1810,7,1,2,28960,14D04ED5,0,,tiles/pagina_07/tile_1810.png
1811,7,1,3,28976,C0F54A95,0,,tiles/pagina_07/tile_1811.png
1812,7,1,4,28992,C30D4A62,0,,tiles/pagina_07/tile_1812.png
1813,7,1,5,29008,B84AD248,0,,tiles/pagina_07/tile_1813.png
1814,7,1,6,29024,44A02B95,0,,tiles/pagina_07/tile_1814.png
1815,7,1,7,29040,0234487D,0,,tiles/pagina_07/tile_1815.png
1816,7,1,8,29056,3739EDF5,0,,tiles/pagina_07/tile_1816.png
1817,7,1,9,29072,330609C9,0,,tiles/pagina_07/tile_1817.png
1818,7,1,10,29088,03F6CB30,0,,tiles/pagina_07/tile_1818.png
1819,7,1,11,29104,F623C6AC,0,,tiles/pagina_07/tile_1819.png
1820,7,1,12,29120,00723ADB,0,,tiles/pagina_07/tile_1820.png
1821,7,1,13,29136,C16A9A01,0,,tiles/pagina_07/tile_1821.png
1822,7,1,14,29152,FC949A1E,0,,tiles/pagina_07/tile_1822.png
1823,7,1,15,29168,33F729C0,0,,tiles/pagina_07/tile_1823.png
1824,7,2,0,29184,90366713,0,,tiles/pagina_07/tile_1824.png
1825,7,2,1,29200,E0D7A227,0,,tiles/pagina_07/tile_1825.png
1826,7,2,2,29216,BC66EC64,0,,tiles/pagina_07/tile_1826.png
1827,7,2,3,29232,BE352DA4,0,,tiles/pagina_07/tile_1827.png
1828,7,2,4,29248,3B1FB027,0,,tiles/pagina_07/tile_1828.png
1829,7,2,5,29264,F0E6DAE8,0,,tiles/pagina_07/tile_1829.png
1830,7,2,6,29280,2E03189C,0,,tiles/pagina_07/tile_1830.png
1831,7,2,7,29296,3A54CCAD,0,,tiles/pagina_07/tile_1831.png
1832,7,2,8,29312,AE884ECD,0,,tiles/pagina_07/tile_1832.png
1833,7,2,9,29328,AE664CB6,0,,tiles/pagina_07/tile_1833.png
1834,7,2,10,29344,53B17D9C,0,,tiles/pagina_07/tile_1834.png
1835,7,2,11,29360,AC0993FD,0,,tiles/pagina_07/tile_1835.png
1836,7,2,12,29376,3A17F1AD,0,,tiles/pagina_07/tile_1836.png
1837,7,2,13,29392,A593B0C4,0,,tiles/pagina_07/tile_1837.png
1838,7,2,14,29408,B1BF7E91,0,,tiles/pagina_07/tile_1838.png
1839,7,2,15,29424,998EA30F,0,,tiles/pagina_07/tile_1839.png
1840,7,3,0,29440,D7021932,0,,tiles/pagina_07/tile_1840.png
1841,7,3,1,29456,29AEBC36,0,,tiles/pagina_07/tile_1841.png
1842,7,3,2,29472,338C5C79,0,,tiles/pagina_07/tile_1842.png
1843,7,3,3,29488,E9C5BF6D,0,,tiles/pagina_07/tile_1843.png
1844,7,3,4,29504,7F9D8BB8,0,,tiles/pagina_07/tile_1844.png
1845,7,3,5,29520,D045055D,0,,tiles/pagina_07/tile_1845.png
1846,7,3,6,29536,A88A8429,0,,tiles/pagina_07/tile_1846.png
1847,7,3,7,29552,0C6BE775,0,,tiles/pagina_07/tile_1847.png
1848,7,3,8,29568,7D9E9C95,0,,tiles/pagina_07/tile_1848.png
1849,7,3,9,29584,959FD89D,0,,tiles/pagina_07/tile_1849.png
1850,7,3,10,29600,DE8C6BD5,0,,tiles/pagina_07/tile_1850.png
1851,7,3,11,29616,B49F3705,0,,tiles/pagina_07/tile_1851.png
1852,7,3,12,29632,ECAFDB83,0,,tiles/pagina_07/tile_1852.png
1853,7,3,13,29648,4553964A,0,,tiles/pagina_07/tile_1853.png
1854,7,3,14,29664,081DF02D,0,1144,tiles/pagina_07/tile_1854.png
1855,7,3,15,29680,46D27C89,0,1145,tiles/pagina_07/tile_1855.png
1856,7,4,0,29696,B0803538,0,,tiles/pagina_07/tile_1856.png
1857,7,4,1,29712,CA6CA825,0,,tiles/pagina_07/tile_1857.png
1858,7,4,2,29728,0F29032A,0,,tiles/pagina_07/tile_1858.png
1859,7,4,3,29744,99FCEE35,0,,tiles/pagina_07/tile_1859.png
1860,7,4,4,29760,9988E674,0,,tiles/pagina_07/tile_1860.png
1861,7,4,5,29776,C8BF3DF3,0,,tiles/pagina_07/tile_1861.png
1862,7,4,6,29792,D16E4BF9,0,,tiles/pagina_07/tile_1862.png
1863,7,4,7,29808,6A0505E1,0,,tiles/pagina_07/tile_1863.png
1864,7,4,8,29824,6E6526E4,0,,tiles/pagina_07/tile_1864.png
1865,7,4,9,29840,2CBFB4FC,0,,tiles/pagina_07/tile_1865.png
1866,7,4,10,29856,B58DCD5A,0,,tiles/pagina_07/tile_1866.png
1867,7,4,11,29872,F2F74C96,0,,tiles/pagina_07/tile_1867.png
1868,7,4,12,29888,9677CC38,0,,tiles/pagina_07/tile_1868.png
1869,7,4,13,29904,4E332297,0,1136,tiles/pagina_07/tile_1869.png
1870,7,4,14,29920,2EBA431C,0,,tiles/pagina_07/tile_1870.png
1871,7,4,15,29936,7E667514,0,,tiles/pagina_07/tile_1871.png
1872,7,5,0,29952,EAC10F49,0,,tiles/pagina_07/tile_1872.png
1873,7,5,1,29968,75EB32F5,0,,tiles/pagina_07/tile_1873.png
1874,7,5,2,29984,AC0C9FAA,0,,tiles/pagina_07/tile_1874.png
1875,7,5,3,30000,857A62C5,0,,tiles/pagina_07/tile_1875.png
1876,7,5,4,30016,ED7CE0D9,0,,tiles/pagina_07/tile_1876.png
1877,7,5,5,30032,A3D93C91,0,,tiles/pagina_07/tile_1877.png
1878,7,5,6,30048,608850A9,0,,tiles/pagina_07/tile_1878.png
1879,7,5,7,30064,11659B05,0,,tiles/pagina_07/tile_1879.png
1880,7,5,8,30080,6598AF12,0,,tiles/pagina_07/tile_1880.png
1881,7,5,9,30096,B1166B0B,0,,tiles/pagina_07/tile_1881.png
1882,7,5,10,30112,85F1361F,0,,tiles/pagina_07/tile_1882.png
1883,7,5,11,30128,5DE9C616,0,,tiles/pagina_07/tile_1883.png
1884,7,5,12,30144,2138D4D6,0,,tiles/pagina_07/tile_1884.png
1885,7,5,13,30160,0B879EE2,0,,tiles/pagina_07/tile_1885.png
1886,7,5,14,30176,B02BBC7F,0,,tiles/pagina_07/tile_1886.png
1887,7,5,15,30192,703E9D8F,0,,tiles/pagina_07/tile_1887.png
1888,7,6,0,30208,6EB37DFD,0,,tiles/pagina_07/tile_1888.png
1889,7,6,1,30224,07ED18CD,0,,tiles/pagina_07/tile_1889.png
1890,7,6,2,30240,DEDBF319,0,,tiles/pagina_07/tile_1890.png
1891,7,6,3,30256,9A6171E1,0,,tiles/pagina_07/tile_1891.png
1892,7,6,4,30272,48553F1B,0,1137,tiles/pagina_07/tile_1892.png
1893,7,6,5,30288,7793EAD9,0,,tiles/pagina_07/tile_1893.png
1894,7,6,6,30304,874634E6,0,,tiles/pagina_07/tile_1894.png
1895,7,6,7,30320,E6F3D0CF,0,1140,tiles/pagina_07/tile_1895.png
1896,7,6,8,30336,C808B42D,0,,tiles/pagina_07/tile_1896.png
1897,7,6,9,30352,AE4C3425,0,,tiles/pagina_07/tile_1897.png
1898,7,6,10,30368,3670ED01,0,,tiles/pagina_07/tile_1898.png
1899,7,6,11,30384,E2FA2D55,0,,tiles/pagina_07/tile_1899.png
1900,7,6,12,30400,939E3B35,0,,tiles/pagina_07/tile_1900.png
1901,7,6,13,30416,643A5AE1,0,,tiles/pagina_07/tile_1901.png
1902,7,6,14,30432,75EB32F5,0,1873,tiles/pagina_07/tile_1902.png
1903,7,6,15,30448,11659B05,0,1879,tiles/pagina_07/tile_1903.png
1904,7,7,0,30464,C8A0BB1B,0,,tiles/pagina_07/tile_1904.png
1905,7,7,1,30480,E2578CA5,0,,tiles/pagina_07/tile_1905.png
1906,7,7,2,30496,6569283E,0,,tiles/pagina_07/tile_1906.png
1907,7,7,3,30512,E167E6F3,0,,tiles/pagina_07/tile_1907.png
1908,7,7,4,30528,76D6D29A,0,1141,tiles/pagina_07/tile_1908.png
1909,7,7,5,30544,2ADB98E1,0,,tiles/pagina_07/tile_1909.png
1910,7,7,6,30560,8FE00C4F,0,,tiles/pagina_07/tile_1910.png
1911,7,7,7,30576,E52D66D5,0,,tiles/pagina_07/tile_1911.png
1912,7,7,8,30592,1E37B141,0,,tiles/pagina_07/tile_1912.png
1913,7,7,9,30608,093A0935,0,,tiles/pagina_07/tile_1913.png
1914,7,7,10,30624,0C511F21,0,,tiles/pagina_07/tile_1914.png
1915,7,7,11,30640,30A13845,0,,tiles/pagina_07/tile_1915.png
1916,7,7,12,30656,4BCEBC95,0,,tiles/pagina_07/tile_1916.png
1917,7,7,13,30672,DE5BC335,0,,tiles/pagina_07/tile_1917.png
1918,7,7,14,30688,86457EEC,0,,tiles/pagina_07/tile_1918.png
1919,7,7,15,30704,B77FEAC7,0,,tiles/pagina_07/tile_1919.png
1920,7,8,0,30720,689A4932,0,,tiles/pagina_07/tile_1920.png
1921,7,8,1,30736,00B92F55,0,,tiles/pagina_07/tile_1921.png
1922,7,8,2,30752,5C87130C,0,,tiles/pagina_07/tile_1922.png
1923,7,8,3,30768,54BFCF7B,0,,tiles/pagina_07/tile_1923.png
1924,7,8,4,30784,EA46753F,0,,tiles/pagina_07/tile_1924.png
1925,7,8,5,30800,7CA10FAF,0,,tiles/pagina_07/tile_1925.png
1926,7,8,6,30816,5BEC47AD,0,,tiles/pagina_07/tile_1926.png
1927,7,8,7,30832,E75F9327,0,,tiles/pagina_07/tile_1927.png
1928,7,8,8,30848,58BC53F3,0,,tiles/pagina_07/tile_1928.png
1929,7,8,9,30864,13274E1B,0,,tiles/pagina_07/tile_1929.png
1930,7,8,10,30880,AA79BCEA,0,,tiles/pagina_07/tile_1930.png
1931,7,8,11,30896,DD07AB94,0,,tiles/pagina_07/tile_1931.png
1932,7,8,12,30912,689A4932,0,1920,tiles/pagina_07/tile_1932.png
1933,7,8,13,30928,E785D85B,0,,tiles/pagina_07/tile_1933.png
1934,7,8,14,30944,5C87130C,0,1922,tiles/pagina_07/tile_1934.png
1935,7,8,15,30960,2C2F6FFB,0,,tiles/pagina_07/tile_1935.png
1936,7,9,0,30976,AC0DEED9,0,,tiles/pagina_07/tile_1936.png
1937,7,9,1,30992,E75F9327,0,1927,tiles/pagina_07/tile_1937.png
1938,7,9,2,31008,E61792F3,0,,tiles/pagina_07/tile_1938.png
1939,7,9,3,31024,13274E1B,0,1929,tiles/pagina_07/tile_1939.png
1940,7,9,4,31040,5274C9F3,0,,tiles/pagina_07/tile_1940.png
1941,7,9,5,31056,5274C9F3,0,1940,tiles/pagina_07/tile_1941.png
1942,7,9,6,31072,95A31DE7,0,,tiles/pagina_07/tile_1942.png
1943,7,9,7,31088,63C69B0D,0,,tiles/pagina_07/tile_1943.png
1944,7,9,8,31104,4690351E,0,,tiles/pagina_07/tile_1944.png
1945,7,9,9,31120,2A458CFC,0,,tiles/pagina_07/tile_1945.png
1946,7,9,10,31136,236C90D4,0,,tiles/pagina_07/tile_1946.png
1947,7,9,11,31152,6C00D03E,0,,tiles/pagina_07/tile_1947.png
1948,7,9,12,31168,71A6EACF,0,,tiles/pagina_07/tile_1948.png
1949,7,9,13,31184,8CB7B3B1,0,,tiles/pagina_07/tile_1949.png
1950,7,9,14,31200,825C3C60,0,,tiles/pagina_07/tile_1950.png
1951,7,9,15,31216,F3B37A87,0,,tiles/pagina_07/tile_1951.png
1952,7,10,0,31232,519AD42F,0,,tiles/pagina_07/tile_1952.png
1953,7,10,1,31248,24696F21,0,,tiles/pagina_07/tile_1953.png
1954,7,10,2,31264,5274C9F3,0,1940,tiles/pagina_07/tile_1954.png
1955,7,10,3,31280,5274C9F3,0,1940,tiles/pagina_07/tile_1955.png
1956,7,10,4,31296,95A31DE7,0,1942,tiles/pagina_07/tile_1956.png
1957,7,10,5,31312,C97DFEF1,0,,tiles/pagina_07/tile_1957.png
1958,7,10,6,31328,4690351E,0,1944,tiles/pagina_07/tile_1958.png
1959,7,10,7,31344,E792F33C,0,,tiles/pagina_07/tile_1959.png
1960,7,10,8,31360,C6B786B1,0,,tiles/pagina_07/tile_1960.png
1961,7,10,9,31376,69691905,1,22,tiles/pagina_07/tile_1961.png
1962,7,10,10,31392,251C4E74,0,,tiles/pagina_07/tile_1962.png
1963,7,10,11,31408,74E854F9,0,,tiles/pagina_07/tile_1963.png
1964,7,10,12,31424,2E9D9A04,0,,tiles/pagina_07/tile_1964.png
1965,7,10,13,31440,B1BD6300,0,,tiles/pagina_07/tile_1965.png
1966,7,10,14,31456,F1C2E62E,0,,tiles/pagina_07/tile_1966.png
1967,7,10,15,31472,69691905,1,22,tiles/pagina_07/tile_1967.png
1968,7,11,0,31488,0C2861C7,0,,tiles/pagina_07/tile_1968.png
1969,7,11,1,31504,565CDE59,0,,tiles/pagina_07/tile_1969.png
1970,7,11,2,31520,C40696F0,0,,tiles/pagina_07/tile_1970.png
1971,7,11,3,31536,679988C5,0,,tiles/pagina_07/tile_1971.png
1972,7,11,4,31552,5274C9F3,0,1940,tiles/pagina_07/tile_1972.png
1973,7,11,5,31568,5274C9F3,0,1940,tiles/pagina_07/tile_1973.png
1974,7,11,6,31584,251C4E74,0,1962,tiles/pagina_07/tile_1974.png
1975,7,11,7,31600,BD837159,0,,tiles/pagina_07/tile_1975.png
1976,7,11,8,31616,2E9D9A04,0,1964,tiles/pagina_07/tile_1976.png
1977,7,11,9,31632,286E3560,0,,tiles/pagina_07/tile_1977.png
1978,7,11,10,31648,CFB73283,0,,tiles/pagina_07/tile_1978.png
1979,7,11,11,31664,565CDE59,0,1969,tiles/pagina_07/tile_1979.png
1980,7,11,12,31680,3740D630,0,,tiles/pagina_07/tile_1980.png
1981,7,11,13,31696,679988C5,0,1971,tiles/pagina_07/tile_1981.png
1982,7,11,14,31712,8F956B73,0,,tiles/pagina_07/tile_1982.png
1983,7,11,15,31728,70013C25,0,,tiles/pagina_07/tile_1983.png
1984,7,12,0,31744,1ED90FB8,0,,tiles/pagina_07/tile_1984.png
1985,7,12,1,31760,AABC5013,0,,tiles/pagina_07/tile_1985.png
1986,7,12,2,31776,0504725D,0,,tiles/pagina_07/tile_1986.png
1987,7,12,3,31792,7A3548FF,0,,tiles/pagina_07/tile_1987.png
1988,7,12,4,31808,26C0B105,0,,tiles/pagina_07/tile_1988.png
1989,7,12,5,31824,130D4A63,0,,tiles/pagina_07/tile_1989.png
1990,7,12,6,31840,32F21CCB,0,,tiles/pagina_07/tile_1990.png
1991,7,12,7,31856,CEEA4DF4,0,,tiles/pagina_07/tile_1991.png
1992,7,12,8,31872,B05BD659,0,,tiles/pagina_07/tile_1992.png
1993,7,12,9,31888,BFFA373B,0,,tiles/pagina_07/tile_1993.png
1994,7,12,10,31904,AA79BCEA,0,1930,tiles/pagina_07/tile_1994.png
1995,7,12,11,31920,DD07AB94,0,1931,tiles/pagina_07/tile_1995.png
1996,7,12,12,31936,DB418955,0,,tiles/pagina_07/tile_1996.png
1997,7,12,13,31952,0AD2087F,0,,tiles/pagina_07/tile_1997.png
1998,7,12,14,31968,2DF6D08B,0,,tiles/pagina_07/tile_1998.png
1999,7,12,15,31984,69691905,1,22,tiles/pagina_07/tile_1999.png
2000,7,13,0,32000,834828C0,0,,tiles/pagina_07/tile_2000.png
2001,7,13,1,32016,F9ACC798,0,,tiles/pagina_07/tile_2001.png
2002,7,13,2,32032,E8960BD1,0,,tiles/pagina_07/tile_2002.png
2003,7,13,3,32048,05A795F4,0,,tiles/pagina_07/tile_2003.png
2004,7,13,4,32064,96085875,0,,tiles/pagina_07/tile_2004.png
2005,7,13,5,32080,B03869AA,0,,tiles/pagina_07/tile_2005.png
2006,7,13,6,32096,392C91AB,0,,tiles/pagina_07/tile_2006.png
2007,7,13,7,32112,F9846069,0,,tiles/pagina_07/tile_2007.png
2008,7,13,8,32128,6834A3C3,0,,tiles/pagina_07/tile_2008.png
2009,7,13,9,32144,32D41CFD,0,,tiles/pagina_07/tile_2009.png
2010,7,13,10,32160,236C90D4,0,1946,tiles/pagina_07/tile_2010.png
2011,7,13,11,32176,6C00D03E,0,1947,tiles/pagina_07/tile_2011.png
2012,7,13,12,32192,EDE9AD0A,0,,tiles/pagina_07/tile_2012.png
2013,7,13,13,32208,B848DF9D,0,,tiles/pagina_07/tile_2013.png
2014,7,13,14,32224,5472DDF5,0,,tiles/pagina_07/tile_2014.png
2015,7,13,15,32240,B44A93C9,0,,tiles/pagina_07/tile_2015.png
2016,7,14,0,32256,FD915881,0,,tiles/pagina_07/tile_2016.png
2017,7,14,1,32272,0C45051B,0,,tiles/pagina_07/tile_2017.png
2018,7,14,2,32288,797BD925,0,1246,tiles/pagina_07/tile_2018.png
2019,7,14,3,32304,6DCF9845,0,,tiles/pagina_07/tile_2019.png
2020,7,14,4,32320,A5D0A1A2,0,,tiles/pagina_07/tile_2020.png
2021,7,14,5,32336,18B447D6,0,,tiles/pagina_07/tile_2021.png
2022,7,14,6,32352,7CB81005,0,,tiles/pagina_07/tile_2022.png
2023,7,14,7,32368,9FF90CBB,0,,tiles/pagina_07/tile_2023.png
2024,7,14,8,32384,60E5DA72,0,,tiles/pagina_07/tile_2024.png
2025,7,14,9,32400,E61AA2E5,0,,tiles/pagina_07/tile_2025.png
2026,7,14,10,32416,47BC3315,0,,tiles/pagina_07/tile_2026.png
2027,7,14,11,32432,DC4CEEFF,0,,tiles/pagina_07/tile_2027.png
2028,7,14,12,32448,B5EFD533,0,,tiles/pagina_07/tile_2028.png
2029,7,14,13,32464,9EE9DB7D,0,,tiles/pagina_07/tile_2029.png
2030,7,14,14,32480,66DEBF09,0,,tiles/pagina_07/tile_2030.png
2031,7,14,15,32496,F7A91309,0,,tiles/pagina_07/tile_2031.png
2032,7,15,0,32512,6AE38155,0,,tiles/pagina_07/tile_2032.png
2033,7,15,1,32528,C81B31DD,0,,tiles/pagina_07/tile_2033.png
2034,7,15,2,32544,8C8F481A,0,,tiles/pagina_07/tile_2034.png
2035,7,15,3,32560,A99898E0,0,,tiles/pagina_07/tile_2035.png
2036,7,15,4,32576,5BF65BBD,0,,tiles/pagina_07/tile_2036.png
2037,7,15,5,32592,BDA19AC3,0,,tiles/pagina_07/tile_2037.png
2038,7,15,6,32608,92E12BAB,0,,tiles/pagina_07/tile_2038.png
2039,7,15,7,32624,EE525085,0,,tiles/pagina_07/tile_2039.png
2040,7,15,8,32640,8C8F481A,0,2034,tiles/pagina_07/tile_2040.png
2041,7,15,9,32656,039193F5,0,,tiles/pagina_07/tile_2041.png
2042,7,15,10,32672,5BF65BBD,0,2036,tiles/pagina_07/tile_2042.png
2043,7,15,11,32688,49C2774E,0,,tiles/pagina_07/tile_2043.png
2044,7,15,12,32704,92E12BAB,0,2038,tiles/pagina_07/tile_2044.png
2045,7,15,13,32720,F7A13C25,0,,tiles/pagina_07/tile_2045.png
2046,7,15,14,32736,8F956B73,0,1982,tiles/pagina_07/tile_2046.png
2047,7,15,15,32752,70013C25,0,1983,tiles/pagina_07/tile_2047.png
2048,8,0,0,32768,42DE6F05,0,,tiles/pagina_08/tile_2048.png
2049,8,0,1,32784,42DE6F05,0,2048,tiles/pagina_08/tile_2049.png
2050,8,0,2,32800,360779F5,0,112,tiles/pagina_08/tile_2050.png
2051,8,0,3,32816,40171D3F,0,,tiles/pagina_08/tile_2051.png
2052,8,0,4,32832,360779F5,0,112,tiles/pagina_08/tile_2052.png
2053,8,0,5,32848,2E1EC865,0,,tiles/pagina_08/tile_2053.png
2054,8,0,6,32864,42DE6F05,0,2048,tiles/pagina_08/tile_2054.png
2055,8,0,7,32880,A3562E55,0,,tiles/pagina_08/tile_2055.png
2056,8,0,8,32896,42DE6F05,0,2048,tiles/pagina_08/tile_2056.png
2057,8,0,9,32912,C929D87F,0,,tiles/pagina_08/tile_2057.png
2058,8,0,10,32928,360779F5,0,112,tiles/pagina_08/tile_2058.png
2059,8,0,11,32944,360779F5,0,112,tiles/pagina_08/tile_2059.png
2060,8,0,12,32960,7331E9F2,0,,tiles/pagina_08/tile_2060.png
2061,8,0,13,32976,442BB65F,0,,tiles/pagina_08/tile_2061.png
2062,8,0,14,32992,14B27A55,0,62,tiles/pagina_08/tile_2062.png
2063,8,0,15,33008,E97C9DB5,0,,tiles/pagina_08/tile_2063.png
2064,8,1,0,33024,9AEEF70D,0,,tiles/pagina_08/tile_2064.png
2065,8,1,1,33040,13F7860F,0,,tiles/pagina_08/tile_2065.png
2066,8,1,2,33056,CAC3CBA2,0,,tiles/pagina_08/tile_2066.png
2067,8,1,3,33072,A62FBE9B,0,,tiles/pagina_08/tile_2067.png
2068,8,1,4,33088,726D264F,0,,tiles/pagina_08/tile_2068.png
2069,8,1,5,33104,E433F4B5,0,,tiles/pagina_08/tile_2069.png
2070,8,1,6,33120,6D1E0743,0,,tiles/pagina_08/tile_2070.png
2071,8,1,7,33136,1948FBBF,0,,tiles/pagina_08/tile_2071.png
2072,8,1,8,33152,7E5C68D5,0,,tiles/pagina_08/tile_2072.png
2073,8,1,9,33168,AC4F0F57,0,,tiles/pagina_08/tile_2073.png
2074,8,1,10,33184,DB7D1B9C,0,,tiles/pagina_08/tile_2074.png
2075,8,1,11,33200,B4E6C06B,0,,tiles/pagina_08/tile_2075.png
2076,8,1,12,33216,E646C189,0,,tiles/pagina_08/tile_2076.png
2077,8,1,13,33232,178071AC,0,,tiles/pagina_08/tile_2077.png
2078,8,1,14,33248,4E725C25,0,,tiles/pagina_08/tile_2078.png
2079,8,1,15,33264,973DEE49,0,,tiles/pagina_08/tile_2079.png
2080,8,2,0,33280,2FF42C9D,0,,tiles/pagina_08/tile_2080.png
2081,8,2,1,33296,46B97871,0,,tiles/pagina_08/tile_2081.png
2082,8,2,2,33312,441A8445,0,,tiles/pagina_08/tile_2082.png
2083,8,2,3,33328,441A8445,0,2082,tiles/pagina_08/tile_2083.png
2084,8,2,4,33344,441A8445,0,2082,tiles/pagina_08/tile_2084.png
2085,8,2,5,33360,441A8445,0,2082,tiles/pagina_08/tile_2085.png
2086,8,2,6,33376,360779F5,0,112,tiles/pagina_08/tile_2086.png
2087,8,2,7,33392,360779F5,0,112,tiles/pagina_08/tile_2087.png
2088,8,2,8,33408,0571D181,0,,tiles/pagina_08/tile_2088.png
2089,8,2,9,33424,8342AA11,0,,tiles/pagina_08/tile_2089.png
2090,8,2,10,33440,1045C3EB,0,,tiles/pagina_08/tile_2090.png
2091,8,2,11,33456,FA642EEB,0,,tiles/pagina_08/tile_2091.png
2092,8,2,12,33472,5AA0036D,0,,tiles/pagina_08/tile_2092.png
2093,8,2,13,33488,5C0DF514,0,,tiles/pagina_08/tile_2093.png
2094,8,2,14,33504,5275FC9D,0,,tiles/pagina_08/tile_2094.png
2095,8,2,15,33520,02114DB5,0,,tiles/pagina_08/tile_2095.png
2096,8,3,0,33536,69691905,1,22,tiles/pagina_08/tile_2096.png
2097,8,3,1,33552,0F861055,0,,tiles/pagina_08/tile_2097.png
2098,8,3,2,33568,DB1A8F0D,0,,tiles/pagina_08/tile_2098.png
2099,8,3,3,33584,69691905,1,22,tiles/pagina_08/tile_2099.png
2100,8,3,4,33600,69691905,1,22,tiles/pagina_08/tile_2100.png
2101,8,3,5,33616,B2EE1DEB,0,,tiles/pagina_08/tile_2101.png
2102,8,3,6,33632,7732E8DD,0,,tiles/pagina_08/tile_2102.png
2103,8,3,7,33648,69691905,1,22,tiles/pagina_08/tile_2103.png
2104,8,3,8,33664,69691905,1,22,tiles/pagina_08/tile_2104.png
2105,8,3,9,33680,C6DAF4C1,0,,tiles/pagina_08/tile_2105.png
2106,8,3,10,33696,BF2ED75B,0,,tiles/pagina_08/tile_2106.png
2107,8,3,11,33712,69691905,1,22,tiles/pagina_08/tile_2107.png
2108,8,3,12,33728,DDEAB21D,0,,tiles/pagina_08/tile_2108.png
2109,8,3,13,33744,A18CB369,0,,tiles/pagina_08/tile_2109.png
2110,8,3,14,33760,CEFDD06D,0,,tiles/pagina_08/tile_2110.png
2111,8,3,15,33776,B4076E05,0,,tiles/pagina_08/tile_2111.png
2112,8,4,0,33792,69691905,1,22,tiles/pagina_08/tile_2112.png
2113,8,4,1,33808,BFE21751,0,,tiles/pagina_08/tile_2113.png
2114,8,4,2,33824,B913763D,0,,tiles/pagina_08/tile_2114.png
2115,8,4,3,33840,69691905,1,22,tiles/pagina_08/tile_2115.png
2116,8,4,4,33856,74BB9D55,0,,tiles/pagina_08/tile_2116.png
2117,8,4,5,33872,DAA2D745,0,,tiles/pagina_08/tile_2117.png
2118,8,4,6,33888,3021756C,0,,tiles/pagina_08/tile_2118.png
2119,8,4,7,33904,4E84D8FD,0,766,tiles/pagina_08/tile_2119.png
2120,8,4,8,33920,69691905,1,22,tiles/pagina_08/tile_2120.png
2121,8,4,9,33936,69691905,1,22,tiles/pagina_08/tile_2121.png
2122,8,4,10,33952,E5EB73A6,0,,tiles/pagina_08/tile_2122.png
2123,8,4,11,33968,26755CD5,0,,tiles/pagina_08/tile_2123.png
2124,8,4,12,33984,311BCBB1,0,,tiles/pagina_08/tile_2124.png
2125,8,4,13,34000,F4370B05,0,,tiles/pagina_08/tile_2125.png
2126,8,4,14,34016,A56BA679,0,,tiles/pagina_08/tile_2126.png
2127,8,4,15,34032,0278D73F,0,,tiles/pagina_08/tile_2127.png
2128,8,5,0,34048,26D0AB12,0,,tiles/pagina_08/tile_2128.png
2129,8,5,1,34064,D0ACD25C,0,,tiles/pagina_08/tile_2129.png
2130,8,5,2,34080,F7CCD1AF,0,,tiles/pagina_08/tile_2130.png
2131,8,5,3,34096,1CA7C403,0,,tiles/pagina_08/tile_2131.png
2132,8,5,4,34112,B1BD3C62,0,,tiles/pagina_08/tile_2132.png
2133,8,5,5,34128,C6458825,0,,tiles/pagina_08/tile_2133.png
2134,8,5,6,34144,499DF3E8,0,,tiles/pagina_08/tile_2134.png
2135,8,5,7,34160,B79B85E1,0,,tiles/pagina_08/tile_2135.png
2136,8,5,8,34176,C92C5A06,0,,tiles/pagina_08/tile_2136.png
2137,8,5,9,34192,2739A9E8,0,,tiles/pagina_08/tile_2137.png
2138,8,5,10,34208,5177885B,0,,tiles/pagina_08/tile_2138.png
2139,8,5,11,34224,38426D0D,0,,tiles/pagina_08/tile_2139.png
2140,8,5,12,34240,DAE091AC,0,,tiles/pagina_08/tile_2140.png
2141,8,5,13,34256,0894BCA8,0,,tiles/pagina_08/tile_2141.png
2142,8,5,14,34272,0512535D,0,,tiles/pagina_08/tile_2142.png
2143,8,5,15,34288,38426D0D,0,2139,tiles/pagina_08/tile_2143.png
2144,8,6,0,34304,4D4C073F,0,,tiles/pagina_08/tile_2144.png
2145,8,6,1,34320,D8C78D48,0,,tiles/pagina_08/tile_2145.png
2146,8,6,2,34336,EDA9064D,0,,tiles/pagina_08/tile_2146.png
2147,8,6,3,34352,25D1358F,0,,tiles/pagina_08/tile_2147.png
2148,8,6,4,34368,F095F247,0,,tiles/pagina_08/tile_2148.png
2149,8,6,5,34384,778DDF22,0,,tiles/pagina_08/tile_2149.png
2150,8,6,6,34400,53B8C20A,0,,tiles/pagina_08/tile_2150.png
2151,8,6,7,34416,C2655664,0,,tiles/pagina_08/tile_2151.png
2152,8,6,8,34432,57B564A0,0,,tiles/pagina_08/tile_2152.png
2153,8,6,9,34448,B8ACC4EA,0,,tiles/pagina_08/tile_2153.png
2154,8,6,10,34464,2474574C,0,,tiles/pagina_08/tile_2154.png
2155,8,6,11,34480,088D6573,0,,tiles/pagina_08/tile_2155.png
2156,8,6,12,34496,C9552D6B,0,,tiles/pagina_08/tile_2156.png
2157,8,6,13,34512,29D58939,0,,tiles/pagina_08/tile_2157.png
2158,8,6,14,34528,69691905,1,22,tiles/pagina_08/tile_2158.png
2159,8,6,15,34544,B329736D,0,,tiles/pagina_08/tile_2159.png
2160,8,7,0,34560,E77ECEA7,0,,tiles/pagina_08/tile_2160.png
2161,8,7,1,34576,6975F82B,0,,tiles/pagina_08/tile_2161.png
2162,8,7,2,34592,B7941B0B,0,,tiles/pagina_08/tile_2162.png
2163,8,7,3,34608,ECB02939,0,,tiles/pagina_08/tile_2163.png
2164,8,7,4,34624,97A07C89,0,,tiles/pagina_08/tile_2164.png
2165,8,7,5,34640,201AC91F,0,,tiles/pagina_08/tile_2165.png
2166,8,7,6,34656,725922A9,0,,tiles/pagina_08/tile_2166.png
2167,8,7,7,34672,6BF5B92B,0,,tiles/pagina_08/tile_2167.png
2168,8,7,8,34688,2196EC2B,0,,tiles/pagina_08/tile_2168.png
2169,8,7,9,34704,CD7C813A,0,,tiles/pagina_08/tile_2169.png
2170,8,7,10,34720,89ECD395,0,,tiles/pagina_08/tile_2170.png
2171,8,7,11,34736,C781E675,0,,tiles/pagina_08/tile_2171.png
2172,8,7,12,34752,160FCEF1,0,,tiles/pagina_08/tile_2172.png
2173,8,7,13,34768,F7A6E2C6,0,,tiles/pagina_08/tile_2173.png
2174,8,7,14,34784,78056A77,0,,tiles/pagina_08/tile_2174.png
2175,8,7,15,34800,9AB6A079,0,,tiles/pagina_08/tile_2175.png
2176,8,8,0,34816,F01FF865,0,,tiles/pagina_08/tile_2176.png
2177,8,8,1,34832,4F346A45,0,,tiles/pagina_08/tile_2177.png
2178,8,8,2,34848,CE4E4115,0,,tiles/pagina_08/tile_2178.png
2179,8,8,3,34864,8AF86805,0,,tiles/pagina_08/tile_2179.png
2180,8,8,4,34880,360779F5,0,112,tiles/pagina_08/tile_2180.png
2181,8,8,5,34896,95F11D21,0,,tiles/pagina_08/tile_2181.png
2182,8,8,6,34912,69691905,1,22,tiles/pagina_08/tile_2182.png
2183,8,8,7,34928,360779F5,0,112,tiles/pagina_08/tile_2183.png
2184,8,8,8,34944,7C45E278,0,,tiles/pagina_08/tile_2184.png
2185,8,8,9,34960,61706E2E,0,,tiles/pagina_08/tile_2185.png
2186,8,8,10,34976,48ED9251,0,,tiles/pagina_08/tile_2186.png
2187,8,8,11,34992,AB83941B,0,,tiles/pagina_08/tile_2187.png
2188,8,8,12,35008,5853489D,0,,tiles/pagina_08/tile_2188.png
2189,8,8,13,35024,90167330,0,,tiles/pagina_08/tile_2189.png
2190,8,8,14,35040,C6D87DBB,0,,tiles/pagina_08/tile_2190.png
2191,8,8,15,35056,DBD0F0CB,0,,tiles/pagina_08/tile_2191.png
2192,8,9,0,35072,69691905,1,22,tiles/pagina_08/tile_2192.png
2193,8,9,1,35088,A009D939,0,,tiles/pagina_08/tile_2193.png
2194,8,9,2,35104,69691905,1,22,tiles/pagina_08/tile_2194.png
2195,8,9,3,35120,CEAA3881,0,,tiles/pagina_08/tile_2195.png
2196,8,9,4,35136,69691905,1,22,tiles/pagina_08/tile_2196.png
2197,8,9,5,35152,E4005CCB,0,,tiles/pagina_08/tile_2197.png
2198,8,9,6,35168,69691905,1,22,tiles/pagina_08/tile_2198.png
2199,8,9,7,35184,9821AA07,0,,tiles/pagina_08/tile_2199.png
2200,8,9,8,35200,69691905,1,22,tiles/pagina_08/tile_2200.png
2201,8,9,9,35216,A9065FA7,0,,tiles/pagina_08/tile_2201.png
2202,8,9,10,35232,69691905,1,22,tiles/pagina_08/tile_2202.png
2203,8,9,11,35248,3758C271,0,,tiles/pagina_08/tile_2203.png
2204,8,9,12,35264,69691905,1,22,tiles/pagina_08/tile_2204.png
2205,8,9,13,35280,EFA38D95,0,,tiles/pagina_08/tile_2205.png
2206,8,9,14,35296,256553D8,0,372,tiles/pagina_08/tile_2206.png
2207,8,9,15,35312,12C396F8,0,,tiles/pagina_08/tile_2207.png
2208,8,10,0,35328,9246C1CC,0,,tiles/pagina_08/tile_2208.png
2209,8,10,1,35344,8158D36A,0,,tiles/pagina_08/tile_2209.png
2210,8,10,2,35360,4D3CA320,0,,tiles/pagina_08/tile_2210.png
2211,8,10,3,35376,D3FD097E,0,,tiles/pagina_08/tile_2211.png
2212,8,10,4,35392,485DBC9D,0,,tiles/pagina_08/tile_2212.png
2213,8,10,5,35408,1D6894F7,0,,tiles/pagina_08/tile_2213.png
2214,8,10,6,35424,B853DFBD,0,,tiles/pagina_08/tile_2214.png
2215,8,10,7,35440,0C463B65,0,,tiles/pagina_08/tile_2215.png
2216,8,10,8,35456,BCD86DFD,0,,tiles/pagina_08/tile_2216.png
2217,8,10,9,35472,17ED2F4B,0,,tiles/pagina_08/tile_2217.png
2218,8,10,10,35488,69691905,1,22,tiles/pagina_08/tile_2218.png
2219,8,10,11,35504,D20F7FAE,0,,tiles/pagina_08/tile_2219.png
2220,8,10,12,35520,69691905,1,22,tiles/pagina_08/tile_2220.png
2221,8,10,13,35536,BA4EF2A1,0,,tiles/pagina_08/tile_2221.png
2222,8,10,14,35552,69691905,1,22,tiles/pagina_08/tile_2222.png
2223,8,10,15,35568,01CF546A,0,,tiles/pagina_08/tile_2223.png
2224,8,11,0,35584,69691905,1,22,tiles/pagina_08/tile_2224.png
2225,8,11,1,35600,068C6CE6,0,,tiles/pagina_08/tile_2225.png
2226,8,11,2,35616,4F8302B9,0,,tiles/pagina_08/tile_2226.png
2227,8,11,3,35632,E81E2B68,0,,tiles/pagina_08/tile_2227.png
2228,8,11,4,35648,6DED4512,0,,tiles/pagina_08/tile_2228.png
2229,8,11,5,35664,F6A891E0,0,,tiles/pagina_08/tile_2229.png
2230,8,11,6,35680,74FD443B,0,,tiles/pagina_08/tile_2230.png
2231,8,11,7,35696,D0296FCB,0,,tiles/pagina_08/tile_2231.png
2232,8,11,8,35712,69691905,1,22,tiles/pagina_08/tile_2232.png
2233,8,11,9,35728,21009D36,0,,tiles/pagina_08/tile_2233.png
2234,8,11,10,35744,B756CAFF,0,,tiles/pagina_08/tile_2234.png
2235,8,11,11,35760,106485CD,0,,tiles/pagina_08/tile_2235.png
2236,8,11,12,35776,69691905,1,22,tiles/pagina_08/tile_2236.png
2237,8,11,13,35792,ABBC0E0A,0,,tiles/pagina_08/tile_2237.png
2238,8,11,14,35808,69691905,1,22,tiles/pagina_08/tile_2238.png
2239,8,11,15,35824,E457EA35,0,,tiles/pagina_08/tile_2239.png
2240,8,12,0,35840,992FC935,0,,tiles/pagina_08/tile_2240.png
2241,8,12,1,35856,9A3CC4A5,0,,tiles/pagina_08/tile_2241.png
2242,8,12,2,35872,760A531F,0,,tiles/pagina_08/tile_2242.png
2243,8,12,3,35888,508BBDFD,0,,tiles/pagina_08/tile_2243.png
2244,8,12,4,35904,34EB6593,0,,tiles/pagina_08/tile_2244.png
2245,8,12,5,35920,02C3585B,0,,tiles/pagina_08/tile_2245.png
2246,8,12,6,35936,9D6AB37B,0,,tiles/pagina_08/tile_2246.png
2247,8,12,7,35952,F1CB5CD5,0,,tiles/pagina_08/tile_2247.png
2248,8,12,8,35968,B15202D0,0,,tiles/pagina_08/tile_2248.png
2249,8,12,9,35984,AF657B60,0,,tiles/pagina_08/tile_2249.png
2250,8,12,10,36000,70295B3F,0,,tiles/pagina_08/tile_2250.png
2251,8,12,11,36016,488E0755,0,,tiles/pagina_08/tile_2251.png
2252,8,12,12,36032,7C1DF1E9,0,,tiles/pagina_08/tile_2252.png
2253,8,12,13,36048,E81E2B68,0,2227,tiles/pagina_08/tile_2253.png
2254,8,12,14,36064,5DF283FD,0,,tiles/pagina_08/tile_2254.png
2255,8,12,15,36080,D0296FCB,0,2231,tiles/pagina_08/tile_2255.png
2256,8,13,0,36096,AADDBD7E,0,,tiles/pagina_08/tile_2256.png
2257,8,13,1,36112,FE70A8D3,0,,tiles/pagina_08/tile_2257.png
2258,8,13,2,36128,3C3CA99C,0,,tiles/pagina_08/tile_2258.png
2259,8,13,3,36144,133B0EA0,0,,tiles/pagina_08/tile_2259.png
2260,8,13,4,36160,4FAD497F,0,,tiles/pagina_08/tile_2260.png
2261,8,13,5,36176,6F693C44,0,,tiles/pagina_08/tile_2261.png
2262,8,13,6,36192,8614D45B,0,,tiles/pagina_08/tile_2262.png
2263,8,13,7,36208,66E04C37,0,,tiles/pagina_08/tile_2263.png
2264,8,13,8,36224,FFAE93D3,0,,tiles/pagina_08/tile_2264.png
2265,8,13,9,36240,7DFF42FB,0,,tiles/pagina_08/tile_2265.png
2266,8,13,10,36256,1DE1D8B7,0,,tiles/pagina_08/tile_2266.png
2267,8,13,11,36272,DFD95F55,0,,tiles/pagina_08/tile_2267.png
2268,8,13,12,36288,2EDAF08B,0,,tiles/pagina_08/tile_2268.png
2269,8,13,13,36304,EB24BACC,0,,tiles/pagina_08/tile_2269.png
2270,8,13,14,36320,5EF9FB9D,0,,tiles/pagina_08/tile_2270.png
2271,8,13,15,36336,A543E895,0,,tiles/pagina_08/tile_2271.png
2272,8,14,0,36352,2F5A6E19,0,,tiles/pagina_08/tile_2272.png
2273,8,14,1,36368,E8170048,0,,tiles/pagina_08/tile_2273.png
2274,8,14,2,36384,25A14B8D,0,,tiles/pagina_08/tile_2274.png
2275,8,14,3,36400,99117C8D,0,,tiles/pagina_08/tile_2275.png
2276,8,14,4,36416,C4963755,0,,tiles/pagina_08/tile_2276.png
2277,8,14,5,36432,860510ED,0,,tiles/pagina_08/tile_2277.png
2278,8,14,6,36448,82F63549,0,,tiles/pagina_08/tile_2278.png
2279,8,14,7,36464,BF04EB29,0,,tiles/pagina_08/tile_2279.png
2280,8,14,8,36480,C4963755,0,2276,tiles/pagina_08/tile_2280.png
2281,8,14,9,36496,B01B24D9,0,,tiles/pagina_08/tile_2281.png
2282,8,14,10,36512,82F63549,0,2278,tiles/pagina_08/tile_2282.png
2283,8,14,11,36528,FB289951,0,,tiles/pagina_08/tile_2283.png
2284,8,14,12,36544,9991648F,0,,tiles/pagina_08/tile_2284.png
2285,8,14,13,36560,8A26D42D,0,,tiles/pagina_08/tile_2285.png
2286,8,14,14,36576,E7B8C87D,0,,tiles/pagina_08/tile_2286.png
2287,8,14,15,36592,0B653125,0,,tiles/pagina_08/tile_2287.png
2288,8,15,0,36608,1CDA0B33,0,,tiles/pagina_08/tile_2288.png
2289,8,15,1,36624,07681FBC,0,,tiles/pagina_08/tile_2289.png
2290,8,15,2,36640,0DCF6DD5,0,,tiles/pagina_08/tile_2290.png
2291,8,15,3,36656,FCD86B2D,0,,tiles/pagina_08/tile_2291.png
2292,8,15,4,36672,3B73C31D,0,,tiles/pagina_08/tile_2292.png
2293,8,15,5,36688,2B824DD1,0,,tiles/pagina_08/tile_2293.png
2294,8,15,6,36704,9A13478B,0,,tiles/pagina_08/tile_2294.png
2295,8,15,7,36720,5D428BE5,0,,tiles/pagina_08/tile_2295.png
2296,8,15,8,36736,62038D01,0,,tiles/pagina_08/tile_2296.png
2297,8,15,9,36752,CD53AD65,0,,tiles/pagina_08/tile_2297.png
2298,8,15,10,36768,37F3C475,0,,tiles/pagina_08/tile_2298.png
2299,8,15,11,36784,1BB0F215,0,,tiles/pagina_08/tile_2299.png
2300,8,15,12,36800,4DAFFEE6,0,,tiles/pagina_08/tile_2300.png
2301,8,15,13,36816,5F25E8D0,0,,tiles/pagina_08/tile_2301.png
2302,8,15,14,36832,C3BF4595,0,,tiles/pagina_08/tile_2302.png
2303,8,15,15,36848,DE1FBF43,0,,tiles/pagina_08/tile_2303.png
2304,9,0,0,36864,E1C8A2EF,0,,tiles/pagina_09/tile_2304.png
2305,9,0,1,36880,04389F7F,0,,tiles/pagina_09/tile_2305.png
2306,9,0,2,36896,BA4CEE45,0,,tiles/pagina_09/tile_2306.png
2307,9,0,3,36912,61878FB7,0,,tiles/pagina_09/tile_2307.png
2308,9,0,4,36928,B5D594CF,0,,tiles/pagina_09/tile_2308.png
2309,9,0,5,36944,2099E345,0,,tiles/pagina_09/tile_2309.png
2310,9,0,6,36960,9A3765FD,0,,tiles/pagina_09/tile_2310.png
2311,9,0,7,36976,8C1F3605,0,,tiles/pagina_09/tile_2311.png
2312,9,0,8,36992,8B181890,0,,tiles/pagina_09/tile_2312.png
2313,9,0,9,37008,0333BE9B,0,,tiles/pagina_09/tile_2313.png
2314,9,0,10,37024,0AB149EF,0,,tiles/pagina_09/tile_2314.png
2315,9,0,11,37040,74ABBF26,0,,tiles/pagina_09/tile_2315.png
2316,9,0,12,37056,050BADE5,0,,tiles/pagina_09/tile_2316.png
2317,9,0,13,37072,34015AF5,0,,tiles/pagina_09/tile_2317.png
2318,9,0,14,37088,33B6A6A4,0,,tiles/pagina_09/tile_2318.png
2319,9,0,15,37104,39737E4C,0,,tiles/pagina_09/tile_2319.png
2320,9,1,0,37120,1F0B1CC0,0,,tiles/pagina_09/tile_2320.png
2321,9,1,1,37136,476585C4,0,,tiles/pagina_09/tile_2321.png
2322,9,1,2,37152,4A4370C0,0,,tiles/pagina_09/tile_2322.png
2323,9,1,3,37168,F7628307,0,,tiles/pagina_09/tile_2323.png
2324,9,1,4,37184,F7FE5784,0,,tiles/pagina_09/tile_2324.png
2325,9,1,5,37200,6FA2C2F0,0,,tiles/pagina_09/tile_2325.png
2326,9,1,6,37216,33B2E80B,0,,tiles/pagina_09/tile_2326.png
2327,9,1,7,37232,A8D072CB,0,,tiles/pagina_09/tile_2327.png
2328,9,1,8,37248,85F2603A,0,,tiles/pagina_09/tile_2328.png
2329,9,1,9,37264,CC823745,0,,tiles/pagina_09/tile_2329.png
2330,9,1,10,37280,BE83A6EA,0,,tiles/pagina_09/tile_2330.png
2331,9,1,11,37296,4EF7F769,0,,tiles/pagina_09/tile_2331.png
2332,9,1,12,37312,0F88D8D2,0,,tiles/pagina_09/tile_2332.png
2333,9,1,13,37328,0A8FC22D,0,,tiles/pagina_09/tile_2333.png
2334,9,1,14,37344,D58A11CD,0,,tiles/pagina_09/tile_2334.png
2335,9,1,15,37360,82D88DF1,0,,tiles/pagina_09/tile_2335.png
2336,9,2,0,37376,9F91507C,0,,tiles/pagina_09/tile_2336.png
2337,9,2,1,37392,7543A075,0,,tiles/pagina_09/tile_2337.png
2338,9,2,2,37408,4A4370C0,0,2322,tiles/pagina_09/tile_2338.png
2339,9,2,3,37424,42053BE1,0,,tiles/pagina_09/tile_2339.png
2340,9,2,4,37440,1AB7EDC5,0,,tiles/pagina_09/tile_2340.png
2341,9,2,5,37456,9E35F0CD,0,,tiles/pagina_09/tile_2341.png
2342,9,2,6,37472,1F5F9E30,0,,tiles/pagina_09/tile_2342.png
2343,9,2,7,37488,C2325C1B,0,,tiles/pagina_09/tile_2343.png
2344,9,2,8,37504,AE03A3EB,0,,tiles/pagina_09/tile_2344.png
2345,9,2,9,37520,780DCAD2,0,,tiles/pagina_09/tile_2345.png
2346,9,2,10,37536,73F96223,0,,tiles/pagina_09/tile_2346.png
2347,9,2,11,37552,644634F3,0,,tiles/pagina_09/tile_2347.png
2348,9,2,12,37568,04D8A9FF,0,,tiles/pagina_09/tile_2348.png
2349,9,2,13,37584,3BC731E9,0,,tiles/pagina_09/tile_2349.png
2350,9,2,14,37600,740E9FF9,0,,tiles/pagina_09/tile_2350.png
2351,9,2,15,37616,CAF8294D,0,,tiles/pagina_09/tile_2351.png
2352,9,3,0,37632,4F477FDC,0,,tiles/pagina_09/tile_2352.png
2353,9,3,1,37648,7543A075,0,2337,tiles/pagina_09/tile_2353.png
2354,9,3,2,37664,4A4370C0,0,2322,tiles/pagina_09/tile_2354.png
2355,9,3,3,37680,AF82E214,0,,tiles/pagina_09/tile_2355.png
2356,9,3,4,37696,0B8DD8F1,0,,tiles/pagina_09/tile_2356.png
2357,9,3,5,37712,88D006F3,0,,tiles/pagina_09/tile_2357.png
2358,9,3,6,37728,AFD6AC9E,0,,tiles/pagina_09/tile_2358.png
2359,9,3,7,37744,2A479500,0,,tiles/pagina_09/tile_2359.png
2360,9,3,8,37760,F29F2D32,0,,tiles/pagina_09/tile_2360.png
2361,9,3,9,37776,E7A6459F,0,,tiles/pagina_09/tile_2361.png
2362,9,3,10,37792,9ABE10D3,0,,tiles/pagina_09/tile_2362.png
2363,9,3,11,37808,D12FFD65,0,,tiles/pagina_09/tile_2363.png
2364,9,3,12,37824,0AB149EF,0,2314,tiles/pagina_09/tile_2364.png
2365,9,3,13,37840,BBD062BB,0,,tiles/pagina_09/tile_2365.png
2366,9,3,14,37856,0AB149EF,0,2314,tiles/pagina_09/tile_2366.png
2367,9,3,15,37872,9D62E79A,0,,tiles/pagina_09/tile_2367.png
2368,9,4,0,37888,A3CB954A,0,,tiles/pagina_09/tile_2368.png
2369,9,4,1,37904,EBA53775,0,,tiles/pagina_09/tile_2369.png
2370,9,4,2,37920,EFE440CE,0,,tiles/pagina_09/tile_2370.png
2371,9,4,3,37936,A5EEE04C,0,,tiles/pagina_09/tile_2371.png
2372,9,4,4,37952,E000697D,0,,tiles/pagina_09/tile_2372.png
2373,9,4,5,37968,3A40729B,0,,tiles/pagina_09/tile_2373.png
2374,9,4,6,37984,18BA5657,0,,tiles/pagina_09/tile_2374.png
2375,9,4,7,38000,BE423E47,0,,tiles/pagina_09/tile_2375.png
2376,9,4,8,38016,89F375DA,0,,tiles/pagina_09/tile_2376.png
2377,9,4,9,38032,225DE9A5,0,,tiles/pagina_09/tile_2377.png
2378,9,4,10,38048,A6D14885,0,,tiles/pagina_09/tile_2378.png
2379,9,4,11,38064,69691905,1,22,tiles/pagina_09/tile_2379.png
2380,9,4,12,38080,0CE0E41D,0,,tiles/pagina_09/tile_2380.png
2381,9,4,13,38096,1FC77F04,0,,tiles/pagina_09/tile_2381.png
2382,9,4,14,38112,4FD2EDB5,0,,tiles/pagina_09/tile_2382.png
2383,9,4,15,38128,F1ED8431,0,,tiles/pagina_09/tile_2383.png
2384,9,5,0,38144,DA4F3C71,0,,tiles/pagina_09/tile_2384.png
2385,9,5,1,38160,AFE042C0,0,,tiles/pagina_09/tile_2385.png
2386,9,5,2,38176,C9EE6AEE,0,,tiles/pagina_09/tile_2386.png
2387,9,5,3,38192,FCF1FE4C,0,,tiles/pagina_09/tile_2387.png
2388,9,5,4,38208,4658FDDD,0,,tiles/pagina_09/tile_2388.png
2389,9,5,5,38224,B7ACF53D,0,,tiles/pagina_09/tile_2389.png
2390,9,5,6,38240,5715A536,0,,tiles/pagina_09/tile_2390.png
2391,9,5,7,38256,97C04E19,0,,tiles/pagina_09/tile_2391.png
2392,9,5,8,38272,1E410994,0,,tiles/pagina_09/tile_2392.png
2393,9,5,9,38288,A09803B5,0,,tiles/pagina_09/tile_2393.png
2394,9,5,10,38304,C05C69E1,0,,tiles/pagina_09/tile_2394.png
2395,9,5,11,38320,006CBBD5,0,,tiles/pagina_09/tile_2395.png
2396,9,5,12,38336,8D291F0C,0,,tiles/pagina_09/tile_2396.png
2397,9,5,13,38352,4DDCE998,0,,tiles/pagina_09/tile_2397.png
2398,9,5,14,38368,806F1BF2,0,,tiles/pagina_09/tile_2398.png
2399,9,5,15,38384,7A4B38D6,0,,tiles/pagina_09/tile_2399.png
2400,9,6,0,38400,D2E24ECF,0,,tiles/pagina_09/tile_2400.png
2401,9,6,1,38416,3C8815DE,0,,tiles/pagina_09/tile_2401.png
2402,9,6,2,38432,77230AFC,0,,tiles/pagina_09/tile_2402.png
2403,9,6,3,38448,024C3C5D,0,,tiles/pagina_09/tile_2403.png
2404,9,6,4,38464,899063A3,0,,tiles/pagina_09/tile_2404.png
2405,9,6,5,38480,912AFFB2,0,,tiles/pagina_09/tile_2405.png
2406,9,6,6,38496,843214A9,0,,tiles/pagina_09/tile_2406.png
2407,9,6,7,38512,0A9F5DA8,0,,tiles/pagina_09/tile_2407.png
2408,9,6,8,38528,5DD2D4D7,0,,tiles/pagina_09/tile_2408.png
2409,9,6,9,38544,811ACC05,0,,tiles/pagina_09/tile_2409.png
2410,9,6,10,38560,020030F5,0,,tiles/pagina_09/tile_2410.png
2411,9,6,11,38576,AE2A0B4C,0,,tiles/pagina_09/tile_2411.png
2412,9,6,12,38592,044D1FE1,0,,tiles/pagina_09/tile_2412.png
2413,9,6,13,38608,D56247CD,0,,tiles/pagina_09/tile_2413.png
2414,9,6,14,38624,69691905,1,22,tiles/pagina_09/tile_2414.png
2415,9,6,15,38640,F1BF8B53,0,,tiles/pagina_09/tile_2415.png
2416,9,7,0,38656,62F7722D,0,,tiles/pagina_09/tile_2416.png
2417,9,7,1,38672,AE89E607,0,,tiles/pagina_09/tile_2417.png
2418,9,7,2,38688,571D6800,0,,tiles/pagina_09/tile_2418.png
2419,9,7,3,38704,B10C95B1,0,,tiles/pagina_09/tile_2419.png
2420,9,7,4,38720,AB9EBF65,0,,tiles/pagina_09/tile_2420.png
2421,9,7,5,38736,4BFE379D,0,,tiles/pagina_09/tile_2421.png
2422,9,7,6,38752,B02EA23E,0,,tiles/pagina_09/tile_2422.png
2423,9,7,7,38768,75E348C2,0,,tiles/pagina_09/tile_2423.png
2424,9,7,8,38784,2ACFEE4F,0,,tiles/pagina_09/tile_2424.png
2425,9,7,9,38800,FE583B74,0,,tiles/pagina_09/tile_2425.png
2426,9,7,10,38816,F96557D1,0,,tiles/pagina_09/tile_2426.png
2427,9,7,11,38832,300EA31F,0,,tiles/pagina_09/tile_2427.png
2428,9,7,12,38848,69691905,1,22,tiles/pagina_09/tile_2428.png
2429,9,7,13,38864,69691905,1,22,tiles/pagina_09/tile_2429.png
2430,9,7,14,38880,69691905,1,22,tiles/pagina_09/tile_2430.png
2431,9,7,15,38896,69691905,1,22,tiles/pagina_09/tile_2431.png
2432,9,8,0,38912,938C2420,0,,tiles/pagina_09/tile_2432.png
2433,9,8,1,38928,440EE1ED,0,,tiles/pagina_09/tile_2433.png
2434,9,8,2,38944,67668400,0,,tiles/pagina_09/tile_2434.png
2435,9,8,3,38960,3C231B8A,0,,tiles/pagina_09/tile_2435.png
2436,9,8,4,38976,8CD93CCA,0,,tiles/pagina_09/tile_2436.png
2437,9,8,5,38992,440EE1ED,0,2433,tiles/pagina_09/tile_2437.png
2438,9,8,6,39008,60A53C88,0,,tiles/pagina_09/tile_2438.png
2439,9,8,7,39024,3C231B8A,0,2435,tiles/pagina_09/tile_2439.png
2440,9,8,8,39040,E4461539,0,,tiles/pagina_09/tile_2440.png
2441,9,8,9,39056,1E774937,0,,tiles/pagina_09/tile_2441.png
2442,9,8,10,39072,36E1B0E5,0,378,tiles/pagina_09/tile_2442.png
2443,9,8,11,39088,D86BC455,0,,tiles/pagina_09/tile_2443.png
2444,9,8,12,39104,69691905,1,22,tiles/pagina_09/tile_2444.png
2445,9,8,13,39120,AA21AC85,0,,tiles/pagina_09/tile_2445.png
2446,9,8,14,39136,911CFA6D,0,,tiles/pagina_09/tile_2446.png
2447,9,8,15,39152,82D50144,0,,tiles/pagina_09/tile_2447.png
2448,9,9,0,39168,6A69BA9D,0,,tiles/pagina_09/tile_2448.png
2449,9,9,1,39184,E6F67BC1,0,,tiles/pagina_09/tile_2449.png
2450,9,9,2,39200,CD12FEA5,0,,tiles/pagina_09/tile_2450.png
2451,9,9,3,39216,ED084AA7,0,,tiles/pagina_09/tile_2451.png
2452,9,9,4,39232,E4461539,0,2440,tiles/pagina_09/tile_2452.png
2453,9,9,5,39248,81D730D7,0,,tiles/pagina_09/tile_2453.png
2454,9,9,6,39264,8A346789,0,,tiles/pagina_09/tile_2454.png
2455,9,9,7,39280,A9C5FCB2,0,,tiles/pagina_09/tile_2455.png
2456,9,9,8,39296,6A69BA9D,0,2448,tiles/pagina_09/tile_2456.png
2457,9,9,9,39312,E6F67BC1,0,2449,tiles/pagina_09/tile_2457.png
2458,9,9,10,39328,69691905,1,22,tiles/pagina_09/tile_2458.png
2459,9,9,11,39344,E1DCCA20,0,,tiles/pagina_09/tile_2459.png
2460,9,9,12,39360,69691905,1,22,tiles/pagina_09/tile_2460.png
2461,9,9,13,39376,1C08BCFB,0,,tiles/pagina_09/tile_2461.png
2462,9,9,14,39392,69691905,1,22,tiles/pagina_09/tile_2462.png
2463,9,9,15,39408,379213CE,0,,tiles/pagina_09/tile_2463.png
2464,9,10,0,39424,00CBD309,0,,tiles/pagina_09/tile_2464.png
2465,9,10,1,39440,69691905,1,22,tiles/pagina_09/tile_2465.png
2466,9,10,2,39456,807DFB22,0,,tiles/pagina_09/tile_2466.png
2467,9,10,3,39472,643C3D38,0,,tiles/pagina_09/tile_2467.png
2468,9,10,4,39488,1BFB3196,0,,tiles/pagina_09/tile_2468.png
2469,9,10,5,39504,7429AC6D,0,,tiles/pagina_09/tile_2469.png
2470,9,10,6,39520,1E688FBD,0,,tiles/pagina_09/tile_2470.png
2471,9,10,7,39536,A70CE5F9,0,,tiles/pagina_09/tile_2471.png
2472,9,10,8,39552,B4BFF846,0,,tiles/pagina_09/tile_2472.png
2473,9,10,9,39568,6B767947,0,,tiles/pagina_09/tile_2473.png
2474,9,10,10,39584,97B87C2C,0,,tiles/pagina_09/tile_2474.png
2475,9,10,11,39600,69691905,1,22,tiles/pagina_09/tile_2475.png
2476,9,10,12,39616,300E3FCE,0,,tiles/pagina_09/tile_2476.png
2477,9,10,13,39632,69691905,1,22,tiles/pagina_09/tile_2477.png
2478,9,10,14,39648,69691905,1,22,tiles/pagina_09/tile_2478.png
2479,9,10,15,39664,69691905,1,22,tiles/pagina_09/tile_2479.png
2480,9,11,0,39680,69691905,1,22,tiles/pagina_09/tile_2480.png
2481,9,11,1,39696,69691905,1,22,tiles/pagina_09/tile_2481.png
2482,9,11,2,39712,69691905,1,22,tiles/pagina_09/tile_2482.png
2483,9,11,3,39728,69691905,1,22,tiles/pagina_09/tile_2483.png
2484,9,11,4,39744,69691905,1,22,tiles/pagina_09/tile_2484.png
2485,9,11,5,39760,69691905,1,22,tiles/pagina_09/tile_2485.png
2486,9,11,6,39776,69691905,1,22,tiles/pagina_09/tile_2486.png
2487,9,11,7,39792,69691905,1,22,tiles/pagina_09/tile_2487.png
2488,9,11,8,39808,69691905,1,22,tiles/pagina_09/tile_2488.png
2489,9,11,9,39824,69691905,1,22,tiles/pagina_09/tile_2489.png
2490,9,11,10,39840,69691905,1,22,tiles/pagina_09/tile_2490.png
2491,9,11,11,39856,51675BCB,0,,tiles/pagina_09/tile_2491.png
2492,9,11,12,39872,69691905,1,22,tiles/pagina_09/tile_2492.png
2493,9,11,13,39888,27FF4DFA,0,,tiles/pagina_09/tile_2493.png
2494,9,11,14,39904,69691905,1,22,tiles/pagina_09/tile_2494.png
2495,9,11,15,39920,69691905,1,22,tiles/pagina_09/tile_2495.png
2496,9,12,0,39936,69691905,1,22,tiles/pagina_09/tile_2496.png
2497,9,12,1,39952,8F14CDA5,0,,tiles/pagina_09/tile_2497.png
2498,9,12,2,39968,69691905,1,22,tiles/pagina_09/tile_2498.png
2499,9,12,3,39984,5400D2ED,0,,tiles/pagina_09/tile_2499.png
2500,9,12,4,40000,F0221BB8,0,,tiles/pagina_09/tile_2500.png
2501,9,12,5,40016,762F061F,0,,tiles/pagina_09/tile_2501.png
2502,9,12,6,40032,CB749C14,0,,tiles/pagina_09/tile_2502.png
2503,9,12,7,40048,2FA68DAA,0,,tiles/pagina_09/tile_2503.png
2504,9,12,8,40064,C1F1FA5D,0,,tiles/pagina_09/tile_2504.png
2505,9,12,9,40080,A8508C9D,0,,tiles/pagina_09/tile_2505.png
2506,9,12,10,40096,69691905,1,22,tiles/pagina_09/tile_2506.png
2507,9,12,11,40112,A3E9605C,0,,tiles/pagina_09/tile_2507.png
2508,9,12,12,40128,69691905,1,22,tiles/pagina_09/tile_2508.png
2509,9,12,13,40144,31AC3895,0,,tiles/pagina_09/tile_2509.png
2510,9,12,14,40160,EB52D717,0,,tiles/pagina_09/tile_2510.png
2511,9,12,15,40176,6AE87298,0,,tiles/pagina_09/tile_2511.png
2512,9,13,0,40192,C1D5F929,0,,tiles/pagina_09/tile_2512.png
2513,9,13,1,40208,8B8B5F26,0,,tiles/pagina_09/tile_2513.png
2514,9,13,2,40224,3C5C0B55,0,,tiles/pagina_09/tile_2514.png
2515,9,13,3,40240,6C755195,0,,tiles/pagina_09/tile_2515.png
2516,9,13,4,40256,9255D0B2,0,,tiles/pagina_09/tile_2516.png
2517,9,13,5,40272,3A18DD4A,0,,tiles/pagina_09/tile_2517.png
2518,9,13,6,40288,A1DD8D05,0,,tiles/pagina_09/tile_2518.png
2519,9,13,7,40304,A1DD8D05,0,2518,tiles/pagina_09/tile_2519.png
2520,9,13,8,40320,3C2A0B4D,0,,tiles/pagina_09/tile_2520.png
2521,9,13,9,40336,9AA88D89,0,,tiles/pagina_09/tile_2521.png
2522,9,13,10,40352,6A3F9219,0,,tiles/pagina_09/tile_2522.png
2523,9,13,11,40368,AC8BCB25,0,,tiles/pagina_09/tile_2523.png
2524,9,13,12,40384,3C2A0B4D,0,2520,tiles/pagina_09/tile_2524.png
2525,9,13,13,40400,74B09009,0,,tiles/pagina_09/tile_2525.png
2526,9,13,14,40416,6A3F9219,0,2522,tiles/pagina_09/tile_2526.png
2527,9,13,15,40432,86065519,0,,tiles/pagina_09/tile_2527.png
2528,9,14,0,40448,69691905,1,22,tiles/pagina_09/tile_2528.png
2529,9,14,1,40464,F47DE7DE,0,,tiles/pagina_09/tile_2529.png
2530,9,14,2,40480,69691905,1,22,tiles/pagina_09/tile_2530.png
2531,9,14,3,40496,DA713E2D,0,,tiles/pagina_09/tile_2531.png
2532,9,14,4,40512,883B2FCD,0,,tiles/pagina_09/tile_2532.png
2533,9,14,5,40528,A7F25E9A,0,,tiles/pagina_09/tile_2533.png
2534,9,14,6,40544,3A42C85F,0,,tiles/pagina_09/tile_2534.png
2535,9,14,7,40560,345837EE,0,,tiles/pagina_09/tile_2535.png
2536,9,14,8,40576,E43776E0,0,,tiles/pagina_09/tile_2536.png
2537,9,14,9,40592,39E5157B,0,,tiles/pagina_09/tile_2537.png
2538,9,14,10,40608,29E45DA1,0,,tiles/pagina_09/tile_2538.png
2539,9,14,11,40624,1691A115,0,,tiles/pagina_09/tile_2539.png
2540,9,14,12,40640,69691905,1,22,tiles/pagina_09/tile_2540.png
2541,9,14,13,40656,6F98DF1D,0,,tiles/pagina_09/tile_2541.png
2542,9,14,14,40672,68ECBF00,0,,tiles/pagina_09/tile_2542.png
2543,9,14,15,40688,E5EBE7AB,0,,tiles/pagina_09/tile_2543.png
2544,9,15,0,40704,F293CBF8,0,,tiles/pagina_09/tile_2544.png
2545,9,15,1,40720,8EFFA144,0,,tiles/pagina_09/tile_2545.png
2546,9,15,2,40736,D186B1BF,0,,tiles/pagina_09/tile_2546.png
2547,9,15,3,40752,16D94553,0,,tiles/pagina_09/tile_2547.png
2548,9,15,4,40768,426B16F9,0,,tiles/pagina_09/tile_2548.png
2549,9,15,5,40784,D9541B63,0,,tiles/pagina_09/tile_2549.png
2550,9,15,6,40800,BFB45F57,0,,tiles/pagina_09/tile_2550.png
2551,9,15,7,40816,6CC1B2C5,0,,tiles/pagina_09/tile_2551.png
2552,9,15,8,40832,6B00EAB8,0,,tiles/pagina_09/tile_2552.png
2553,9,15,9,40848,0AA0F736,0,,tiles/pagina_09/tile_2553.png
2554,9,15,10,40864,69691905,1,22,tiles/pagina_09/tile_2554.png
2555,9,15,11,40880,51675BCB,0,2491,tiles/pagina_09/tile_2555.png
2556,9,15,12,40896,20151274,0,,tiles/pagina_09/tile_2556.png
2557,9,15,13,40912,D9541B63,0,2549,tiles/pagina_09/tile_2557.png
2558,9,15,14,40928,7EA13AB0,0,,tiles/pagina_09/tile_2558.png
2559,9,15,15,40944,6CC1B2C5,0,2551,tiles/pagina_09/tile_2559.png
2560,10,0,0,40960,76883BF0,0,,tiles/pagina_10/tile_2560.png
2561,10,0,1,40976,E74FC3CA,0,,tiles/pagina_10/tile_2561.png
2562,10,0,2,40992,E74FC3CA,0,2561,tiles/pagina_10/tile_2562.png
2563,10,0,3,41008,76883BF0,0,2560,tiles/pagina_10/tile_2563.png
2564,10,0,4,41024,2965995C,0,,tiles/pagina_10/tile_2564.png
2565,10,0,5,41040,9D8B7513,0,,tiles/pagina_10/tile_2565.png
2566,10,0,6,41056,C58ECF84,0,,tiles/pagina_10/tile_2566.png
2567,10,0,7,41072,459D34AA,0,,tiles/pagina_10/tile_2567.png
2568,10,0,8,41088,A33E60D3,0,,tiles/pagina_10/tile_2568.png
2569,10,0,9,41104,02BE8A37,0,527,tiles/pagina_10/tile_2569.png
2570,10,0,10,41120,7A722CB9,0,,tiles/pagina_10/tile_2570.png
2571,10,0,11,41136,7A7707B9,0,,tiles/pagina_10/tile_2571.png
2572,10,0,12,41152,BDD74CA5,0,1036,tiles/pagina_10/tile_2572.png
2573,10,0,13,41168,066A9EF9,0,1037,tiles/pagina_10/tile_2573.png
2574,10,0,14,41184,0D27F7A1,0,,tiles/pagina_10/tile_2574.png
2575,10,0,15,41200,DDA91CA4,0,,tiles/pagina_10/tile_2575.png
2576,10,1,0,41216,2950CDFA,0,,tiles/pagina_10/tile_2576.png
2577,10,1,1,41232,C3680A68,0,,tiles/pagina_10/tile_2577.png
2578,10,1,2,41248,F5160A60,0,,tiles/pagina_10/tile_2578.png
2579,10,1,3,41264,56EB5302,0,,tiles/pagina_10/tile_2579.png
2580,10,1,4,41280,94EE5EBA,0,,tiles/pagina_10/tile_2580.png
2581,10,1,5,41296,6484B7EB,0,,tiles/pagina_10/tile_2581.png
2582,10,1,6,41312,3CBC9CB3,0,,tiles/pagina_10/tile_2582.png
2583,10,1,7,41328,4647F6B6,0,,tiles/pagina_10/tile_2583.png
2584,10,1,8,41344,E2D9A123,0,,tiles/pagina_10/tile_2584.png
2585,10,1,9,41360,CF9CC67D,0,,tiles/pagina_10/tile_2585.png
2586,10,1,10,41376,CE5E8585,0,,tiles/pagina_10/tile_2586.png
2587,10,1,11,41392,3F8A4888,0,,tiles/pagina_10/tile_2587.png
2588,10,1,12,41408,BEA216B7,0,,tiles/pagina_10/tile_2588.png
2589,10,1,13,41424,93D489F1,0,,tiles/pagina_10/tile_2589.png
2590,10,1,14,41440,441A8445,0,2082,tiles/pagina_10/tile_2590.png
2591,10,1,15,41456,441A8445,0,2082,tiles/pagina_10/tile_2591.png
2592,10,2,0,41472,9B0E365B,0,,tiles/pagina_10/tile_2592.png
2593,10,2,1,41488,9B34A2B3,0,,tiles/pagina_10/tile_2593.png
2594,10,2,2,41504,242C7929,0,,tiles/pagina_10/tile_2594.png
2595,10,2,3,41520,015F303C,0,,tiles/pagina_10/tile_2595.png
2596,10,2,4,41536,E478A9A3,0,,tiles/pagina_10/tile_2596.png
2597,10,2,5,41552,CF9CC67D,0,2585,tiles/pagina_10/tile_2597.png
2598,10,2,6,41568,CE5E8585,0,2586,tiles/pagina_10/tile_2598.png
2599,10,2,7,41584,4322EA0A,0,,tiles/pagina_10/tile_2599.png
2600,10,2,8,41600,DD202B01,0,,tiles/pagina_10/tile_2600.png
2601,10,2,9,41616,9AF16CA2,0,,tiles/pagina_10/tile_2601.png
2602,10,2,10,41632,F1E8419D,0,,tiles/pagina_10/tile_2602.png
2603,10,2,11,41648,CAE28AB0,0,,tiles/pagina_10/tile_2603.png
2604,10,2,12,41664,DF22ED32,0,,tiles/pagina_10/tile_2604.png
2605,10,2,13,41680,441A8445,0,2082,tiles/pagina_10/tile_2605.png
2606,10,2,14,41696,AF7D562D,0,1070,tiles/pagina_10/tile_2606.png
2607,10,2,15,41712,346A271D,0,530,tiles/pagina_10/tile_2607.png
2608,10,3,0,41728,0D54A474,0,,tiles/pagina_10/tile_2608.png
2609,10,3,1,41744,843B46EA,0,,tiles/pagina_10/tile_2609.png
2610,10,3,2,41760,93095D6A,0,,tiles/pagina_10/tile_2610.png
2611,10,3,3,41776,A0613D04,0,,tiles/pagina_10/tile_2611.png
2612,10,3,4,41792,08500CD2,0,,tiles/pagina_10/tile_2612.png
2613,10,3,5,41808,87D756D5,0,,tiles/pagina_10/tile_2613.png
2614,10,3,6,41824,A0613D04,0,2611,tiles/pagina_10/tile_2614.png
2615,10,3,7,41840,E3A63924,0,,tiles/pagina_10/tile_2615.png
2616,10,3,8,41856,2B2D2C5B,0,,tiles/pagina_10/tile_2616.png
2617,10,3,9,41872,ACA0F995,0,,tiles/pagina_10/tile_2617.png
2618,10,3,10,41888,C36D3E21,0,,tiles/pagina_10/tile_2618.png
2619,10,3,11,41904,64816570,0,,tiles/pagina_10/tile_2619.png
2620,10,3,12,41920,D1A5FC08,0,,tiles/pagina_10/tile_2620.png
2621,10,3,13,41936,2B981EB1,0,,tiles/pagina_10/tile_2621.png
2622,10,3,14,41952,CB6D9940,0,,tiles/pagina_10/tile_2622.png
2623,10,3,15,41968,2EE4DBEB,0,,tiles/pagina_10/tile_2623.png
2624,10,4,0,41984,FC89DF84,0,1044,tiles/pagina_10/tile_2624.png
2625,10,4,1,42000,851835FB,0,1045,tiles/pagina_10/tile_2625.png
2626,10,4,2,42016,A57EB963,0,1046,tiles/pagina_10/tile_2626.png
2627,10,4,3,42032,F972E618,0,1047,tiles/pagina_10/tile_2627.png
2628,10,4,4,42048,FC859AC0,0,1092,tiles/pagina_10/tile_2628.png
2629,10,4,5,42064,35A266AD,0,1093,tiles/pagina_10/tile_2629.png
2630,10,4,6,42080,441A8445,0,2082,tiles/pagina_10/tile_2630.png
2631,10,4,7,42096,441A8445,0,2082,tiles/pagina_10/tile_2631.png
2632,10,4,8,42112,441A8445,0,2082,tiles/pagina_10/tile_2632.png
2633,10,4,9,42128,441A8445,0,2082,tiles/pagina_10/tile_2633.png
2634,10,4,10,42144,441A8445,0,2082,tiles/pagina_10/tile_2634.png
2635,10,4,11,42160,441A8445,0,2082,tiles/pagina_10/tile_2635.png
2636,10,4,12,42176,441A8445,0,2082,tiles/pagina_10/tile_2636.png
2637,10,4,13,42192,441A8445,0,2082,tiles/pagina_10/tile_2637.png
2638,10,4,14,42208,441A8445,0,2082,tiles/pagina_10/tile_2638.png
2639,10,4,15,42224,441A8445,0,2082,tiles/pagina_10/tile_2639.png
2640,10,5,0,42240,441A8445,0,2082,tiles/pagina_10/tile_2640.png
2641,10,5,1,42256,441A8445,0,2082,tiles/pagina_10/tile_2641.png
2642,10,5,2,42272,441A8445,0,2082,tiles/pagina_10/tile_2642.png
2643,10,5,3,42288,441A8445,0,2082,tiles/pagina_10/tile_2643.png
2644,10,5,4,42304,441A8445,0,2082,tiles/pagina_10/tile_2644.png
2645,10,5,5,42320,441A8445,0,2082,tiles/pagina_10/tile_2645.png
2646,10,5,6,42336,FC6F7AAB,0,1110,tiles/pagina_10/tile_2646.png
2647,10,5,7,42352,606DC2D5,0,1111,tiles/pagina_10/tile_2647.png
2648,10,5,8,42368,E808A7E5,0,1112,tiles/pagina_10/tile_2648.png
2649,10,5,9,42384,6B37B905,0,1113,tiles/pagina_10/tile_2649.png
2650,10,5,10,42400,1586ACBF,0,,tiles/pagina_10/tile_2650.png
2651,10,5,11,42416,A859D44D,0,,tiles/pagina_10/tile_2651.png
2652,10,5,12,42432,81B87B5B,0,,tiles/pagina_10/tile_2652.png
2653,10,5,13,42448,A2288369,0,,tiles/pagina_10/tile_2653.png
2654,10,5,14,42464,A8F58EF0,0,,tiles/pagina_10/tile_2654.png
2655,10,5,15,42480,62CB75F9,0,,tiles/pagina_10/tile_2655.png
2656,10,6,0,42496,5EA2903F,0,,tiles/pagina_10/tile_2656.png
2657,10,6,1,42512,EAFEBDA9,0,,tiles/pagina_10/tile_2657.png
2658,10,6,2,42528,96C8E45F,0,,tiles/pagina_10/tile_2658.png
2659,10,6,3,42544,5EC9A785,0,,tiles/pagina_10/tile_2659.png
2660,10,6,4,42560,354F30BF,0,,tiles/pagina_10/tile_2660.png
2661,10,6,5,42576,AAEE0A1F,0,,tiles/pagina_10/tile_2661.png
2662,10,6,6,42592,ED3AE295,0,,tiles/pagina_10/tile_2662.png
2663,10,6,7,42608,C9247985,0,,tiles/pagina_10/tile_2663.png
2664,10,6,8,42624,714AA359,0,,tiles/pagina_10/tile_2664.png
2665,10,6,9,42640,A7A638B3,0,,tiles/pagina_10/tile_2665.png
2666,10,6,10,42656,5F878280,0,,tiles/pagina_10/tile_2666.png
2667,10,6,11,42672,47294E77,0,,tiles/pagina_10/tile_2667.png
2668,10,6,12,42688,4C7E2493,0,,tiles/pagina_10/tile_2668.png
2669,10,6,13,42704,CA913D8B,0,,tiles/pagina_10/tile_2669.png
2670,10,6,14,42720,438794F8,0,,tiles/pagina_10/tile_2670.png
2671,10,6,15,42736,182CD674,0,,tiles/pagina_10/tile_2671.png
2672,10,7,0,42752,441A8445,0,2082,tiles/pagina_10/tile_2672.png
2673,10,7,1,42768,441A8445,0,2082,tiles/pagina_10/tile_2673.png
2674,10,7,2,42784,441A8445,0,2082,tiles/pagina_10/tile_2674.png
2675,10,7,3,42800,441A8445,0,2082,tiles/pagina_10/tile_2675.png
2676,10,7,4,42816,441A8445,0,2082,tiles/pagina_10/tile_2676.png
2677,10,7,5,42832,441A8445,0,2082,tiles/pagina_10/tile_2677.png
2678,10,7,6,42848,441A8445,0,2082,tiles/pagina_10/tile_2678.png
2679,10,7,7,42864,441A8445,0,2082,tiles/pagina_10/tile_2679.png
2680,10,7,8,42880,441A8445,0,2082,tiles/pagina_10/tile_2680.png
2681,10,7,9,42896,441A8445,0,2082,tiles/pagina_10/tile_2681.png
2682,10,7,10,42912,441A8445,0,2082,tiles/pagina_10/tile_2682.png
2683,10,7,11,42928,441A8445,0,2082,tiles/pagina_10/tile_2683.png
2684,10,7,12,42944,2C036112,0,,tiles/pagina_10/tile_2684.png
2685,10,7,13,42960,00CA9B59,0,,tiles/pagina_10/tile_2685.png
2686,10,7,14,42976,37EB7205,0,,tiles/pagina_10/tile_2686.png
2687,10,7,15,42992,D86473A5,0,,tiles/pagina_10/tile_2687.png
2688,10,8,0,43008,69691905,1,22,tiles/pagina_10/tile_2688.png
2689,10,8,1,43024,F64897AF,0,,tiles/pagina_10/tile_2689.png
2690,10,8,2,43040,69691905,1,22,tiles/pagina_10/tile_2690.png
2691,10,8,3,43056,1E143090,0,,tiles/pagina_10/tile_2691.png
2692,10,8,4,43072,64E167A4,0,,tiles/pagina_10/tile_2692.png
2693,10,8,5,43088,C800FCB6,0,,tiles/pagina_10/tile_2693.png
2694,10,8,6,43104,3487693B,0,,tiles/pagina_10/tile_2694.png
2695,10,8,7,43120,B17C8E4B,0,,tiles/pagina_10/tile_2695.png
2696,10,8,8,43136,69691905,1,22,tiles/pagina_10/tile_2696.png
2697,10,8,9,43152,CB2E7615,0,,tiles/pagina_10/tile_2697.png
2698,10,8,10,43168,69691905,1,22,tiles/pagina_10/tile_2698.png
2699,10,8,11,43184,43DEA1B2,0,,tiles/pagina_10/tile_2699.png
2700,10,8,12,43200,FF86C4A7,0,,tiles/pagina_10/tile_2700.png
2701,10,8,13,43216,E96BF4AB,0,,tiles/pagina_10/tile_2701.png
2702,10,8,14,43232,34D22031,0,,tiles/pagina_10/tile_2702.png
2703,10,8,15,43248,501BD113,0,,tiles/pagina_10/tile_2703.png
2704,10,9,0,43264,69691905,1,22,tiles/pagina_10/tile_2704.png
2705,10,9,1,43280,01599F62,0,,tiles/pagina_10/tile_2705.png
2706,10,9,2,43296,69691905,1,22,tiles/pagina_10/tile_2706.png
2707,10,9,3,43312,8416E6E2,0,,tiles/pagina_10/tile_2707.png
2708,10,9,4,43328,DC7D3756,0,,tiles/pagina_10/tile_2708.png
2709,10,9,5,43344,A417B16D,0,,tiles/pagina_10/tile_2709.png
2710,10,9,6,43360,4DB6AAB0,0,,tiles/pagina_10/tile_2710.png
2711,10,9,7,43376,90091A23,0,,tiles/pagina_10/tile_2711.png
2712,10,9,8,43392,806BD260,0,376,tiles/pagina_10/tile_2712.png
2713,10,9,9,43408,C44AFB00,0,,tiles/pagina_10/tile_2713.png
2714,10,9,10,43424,36E1B0E5,0,378,tiles/pagina_10/tile_2714.png
2715,10,9,11,43440,1DA14FF4,0,,tiles/pagina_10/tile_2715.png
2716,10,9,12,43456,30125BE2,0,,tiles/pagina_10/tile_2716.png
2717,10,9,13,43472,1C051671,0,,tiles/pagina_10/tile_2717.png
2718,10,9,14,43488,4C5C79B8,0,,tiles/pagina_10/tile_2718.png
2719,10,9,15,43504,15476C9E,0,,tiles/pagina_10/tile_2719.png
2720,10,10,0,43520,6DB745B9,0,,tiles/pagina_10/tile_2720.png
2721,10,10,1,43536,6C169FF8,0,,tiles/pagina_10/tile_2721.png
2722,10,10,2,43552,08D59CAF,0,,tiles/pagina_10/tile_2722.png
2723,10,10,3,43568,5D57B0C3,0,,tiles/pagina_10/tile_2723.png
2724,10,10,4,43584,0DC99285,0,1226,tiles/pagina_10/tile_2724.png
2725,10,10,5,43600,E7B736B5,0,,tiles/pagina_10/tile_2725.png
2726,10,10,6,43616,3709579C,0,,tiles/pagina_10/tile_2726.png
2727,10,10,7,43632,9A726384,0,,tiles/pagina_10/tile_2727.png
2728,10,10,8,43648,1CDEF7A0,0,,tiles/pagina_10/tile_2728.png
2729,10,10,9,43664,22FEBD0A,0,,tiles/pagina_10/tile_2729.png
2730,10,10,10,43680,D9736A25,0,,tiles/pagina_10/tile_2730.png
2731,10,10,11,43696,86E64B45,0,,tiles/pagina_10/tile_2731.png
2732,10,10,12,43712,95A37817,0,,tiles/pagina_10/tile_2732.png
2733,10,10,13,43728,7D75A594,0,,tiles/pagina_10/tile_2733.png
2734,10,10,14,43744,70E3B1DC,0,,tiles/pagina_10/tile_2734.png
2735,10,10,15,43760,C8AE92EB,0,,tiles/pagina_10/tile_2735.png
2736,10,11,0,43776,69691905,1,22,tiles/pagina_10/tile_2736.png
2737,10,11,1,43792,14FF8765,0,,tiles/pagina_10/tile_2737.png
2738,10,11,2,43808,02E1A42B,0,,tiles/pagina_10/tile_2738.png
2739,10,11,3,43824,D48FF62F,0,,tiles/pagina_10/tile_2739.png
2740,10,11,4,43840,3684BDD9,0,,tiles/pagina_10/tile_2740.png
2741,10,11,5,43856,B5CEA544,0,,tiles/pagina_10/tile_2741.png
2742,10,11,6,43872,2BB03895,0,,tiles/pagina_10/tile_2742.png
2743,10,11,7,43888,EB813AC5,0,,tiles/pagina_10/tile_2743.png
2744,10,11,8,43904,69691905,1,22,tiles/pagina_10/tile_2744.png
2745,10,11,9,43920,9C4E3849,0,,tiles/pagina_10/tile_2745.png
2746,10,11,10,43936,69691905,1,22,tiles/pagina_10/tile_2746.png
2747,10,11,11,43952,0CB7DCBA,0,,tiles/pagina_10/tile_2747.png
2748,10,11,12,43968,6C5EF7BB,0,,tiles/pagina_10/tile_2748.png
2749,10,11,13,43984,79AFFFF3,0,,tiles/pagina_10/tile_2749.png
2750,10,11,14,44000,3E975B7E,0,,tiles/pagina_10/tile_2750.png
2751,10,11,15,44016,2801EC5F,0,,tiles/pagina_10/tile_2751.png
2752,10,12,0,44032,AD2685A2,0,,tiles/pagina_10/tile_2752.png
2753,10,12,1,44048,6A4F05F5,0,,tiles/pagina_10/tile_2753.png
2754,10,12,2,44064,F66789A3,0,,tiles/pagina_10/tile_2754.png
2755,10,12,3,44080,64C4EF4E,0,,tiles/pagina_10/tile_2755.png
2756,10,12,4,44096,61C485D5,0,,tiles/pagina_10/tile_2756.png
2757,10,12,5,44112,542AE59C,0,,tiles/pagina_10/tile_2757.png
2758,10,12,6,44128,E3F9CBE5,0,,tiles/pagina_10/tile_2758.png
2759,10,12,7,44144,07897345,0,,tiles/pagina_10/tile_2759.png
2760,10,12,8,44160,FC0C6B8B,0,,tiles/pagina_10/tile_2760.png
2761,10,12,9,44176,AED34A3D,0,,tiles/pagina_10/tile_2761.png
2762,10,12,10,44192,FBDCE939,0,,tiles/pagina_10/tile_2762.png
2763,10,12,11,44208,8775CF35,0,,tiles/pagina_10/tile_2763.png
2764,10,12,12,44224,92274C52,0,,tiles/pagina_10/tile_2764.png
2765,10,12,13,44240,D99DDB4B,0,,tiles/pagina_10/tile_2765.png
2766,10,12,14,44256,8723992D,0,,tiles/pagina_10/tile_2766.png
2767,10,12,15,44272,E87A5765,0,,tiles/pagina_10/tile_2767.png
2768,10,13,0,44288,9C799461,0,,tiles/pagina_10/tile_2768.png
2769,10,13,1,44304,637E54BD,0,,tiles/pagina_10/tile_2769.png
2770,10,13,2,44320,7B1ADCC0,0,,tiles/pagina_10/tile_2770.png
2771,10,13,3,44336,D4DDA85D,0,,tiles/pagina_10/tile_2771.png
2772,10,13,4,44352,0598A595,0,,tiles/pagina_10/tile_2772.png
2773,10,13,5,44368,754009D5,0,,tiles/pagina_10/tile_2773.png
2774,10,13,6,44384,F98E7F91,0,,tiles/pagina_10/tile_2774.png
2775,10,13,7,44400,026504E8,0,,tiles/pagina_10/tile_2775.png
2776,10,13,8,44416,67F9B2CE,0,,tiles/pagina_10/tile_2776.png
2777,10,13,9,44432,70B4DB81,0,,tiles/pagina_10/tile_2777.png
2778,10,13,10,44448,FDF4AE85,0,,tiles/pagina_10/tile_2778.png
2779,10,13,11,44464,04A5CEE5,0,,tiles/pagina_10/tile_2779.png
2780,10,13,12,44480,2AA02B30,0,,tiles/pagina_10/tile_2780.png
2781,10,13,13,44496,E4714EFC,0,,tiles/pagina_10/tile_2781.png
2782,10,13,14,44512,36E3987D,0,,tiles/pagina_10/tile_2782.png
2783,10,13,15,44528,79197D7E,0,,tiles/pagina_10/tile_2783.png
2784,10,14,0,44544,D8AE9D12,0,,tiles/pagina_10/tile_2784.png
2785,10,14,1,44560,67FE4DE7,0,,tiles/pagina_10/tile_2785.png
2786,10,14,2,44576,1F0778AD,0,,tiles/pagina_10/tile_2786.png
2787,10,14,3,44592,2A099BE3,0,,tiles/pagina_10/tile_2787.png
2788,10,14,4,44608,232AA980,0,,tiles/pagina_10/tile_2788.png
2789,10,14,5,44624,C2EBBB72,0,,tiles/pagina_10/tile_2789.png
2790,10,14,6,44640,FFE86FBC,0,,tiles/pagina_10/tile_2790.png
2791,10,14,7,44656,C1DAC2FE,0,,tiles/pagina_10/tile_2791.png
2792,10,14,8,44672,8B976DD9,0,,tiles/pagina_10/tile_2792.png
2793,10,14,9,44688,0230840F,0,,tiles/pagina_10/tile_2793.png
2794,10,14,10,44704,68C5EE05,0,,tiles/pagina_10/tile_2794.png
2795,10,14,11,44720,B4304D56,0,,tiles/pagina_10/tile_2795.png
2796,10,14,12,44736,9BBE452F,0,,tiles/pagina_10/tile_2796.png
2797,10,14,13,44752,05F318FD,0,,tiles/pagina_10/tile_2797.png
2798,10,14,14,44768,E14FD6D5,0,,tiles/pagina_10/tile_2798.png
2799,10,14,15,44784,602DB469,0,,tiles/pagina_10/tile_2799.png
2800,10,15,0,44800,EABA5CD9,0,,tiles/pagina_10/tile_2800.png
2801,10,15,1,44816,8AD027B1,0,,tiles/pagina_10/tile_2801.png
2802,10,15,2,44832,92D5BC36,0,,tiles/pagina_10/tile_2802.png
2803,10,15,3,44848,3441CC96,0,,tiles/pagina_10/tile_2803.png
2804,10,15,4,44864,6D1AD189,0,,tiles/pagina_10/tile_2804.png
2805,10,15,5,44880,61052DB5,0,,tiles/pagina_10/tile_2805.png
2806,10,15,6,44896,E403D531,0,,tiles/pagina_10/tile_2806.png
2807,10,15,7,44912,6A7DBBDF,0,,tiles/pagina_10/tile_2807.png
2808,10,15,8,44928,58995425,0,,tiles/pagina_10/tile_2808.png
2809,10,15,9,44944,69691905,1,22,tiles/pagina_10/tile_2809.png
2810,10,15,10,44960,46DB65D3,0,,tiles/pagina_10/tile_2810.png
2811,10,15,11,44976,0D27A299,0,,tiles/pagina_10/tile_2811.png
2812,10,15,12,44992,3418E270,0,,tiles/pagina_10/tile_2812.png
2813,10,15,13,45008,95FF355D,0,,tiles/pagina_10/tile_2813.png
2814,10,15,14,45024,6E59C22F,0,,tiles/pagina_10/tile_2814.png
2815,10,15,15,45040,0C165A57,0,,tiles/pagina_10/tile_2815.png
2816,11,0,0,45056,5288326D,0,,tiles/pagina_11/tile_2816.png
2817,11,0,1,45072,429ACD55,0,,tiles/pagina_11/tile_2817.png
2818,11,0,2,45088,307AEBFE,0,,tiles/pagina_11/tile_2818.png
2819,11,0,3,45104,FF749698,0,,tiles/pagina_11/tile_2819.png
2820,11,0,4,45120,86705CA6,0,,tiles/pagina_11/tile_2820.png
2821,11,0,5,45136,DA01C5D2,0,,tiles/pagina_11/tile_2821.png
2822,11,0,6,45152,067DAA3D,0,,tiles/pagina_11/tile_2822.png
2823,11,0,7,45168,3EF407D4,0,,tiles/pagina_11/tile_2823.png
2824,11,0,8,45184,1D19A151,0,,tiles/pagina_11/tile_2824.png
2825,11,0,9,45200,00E24EB9,0,,tiles/pagina_11/tile_2825.png
2826,11,0,10,45216,FFF6171A,0,,tiles/pagina_11/tile_2826.png
2827,11,0,11,45232,A36A0C6A,0,,tiles/pagina_11/tile_2827.png
2828,11,0,12,45248,5A1DD502,0,,tiles/pagina_11/tile_2828.png
2829,11,0,13,45264,A755E9B6,0,,tiles/pagina_11/tile_2829.png
2830,11,0,14,45280,77DEE12D,0,,tiles/pagina_11/tile_2830.png
2831,11,0,15,45296,EC31EDD5,0,,tiles/pagina_11/tile_2831.png
2832,11,1,0,45312,0AD33E95,0,,tiles/pagina_11/tile_2832.png
2833,11,1,1,45328,C807FC50,0,,tiles/pagina_11/tile_2833.png
2834,11,1,2,45344,D13A631D,0,,tiles/pagina_11/tile_2834.png
2835,11,1,3,45360,BDBDA955,0,,tiles/pagina_11/tile_2835.png
2836,11,1,4,45376,623A101B,0,,tiles/pagina_11/tile_2836.png
2837,11,1,5,45392,FC2105B0,0,,tiles/pagina_11/tile_2837.png
2838,11,1,6,45408,C94472F6,0,,tiles/pagina_11/tile_2838.png
2839,11,1,7,45424,D70BCD37,0,,tiles/pagina_11/tile_2839.png
2840,11,1,8,45440,C4CE3E7A,0,,tiles/pagina_11/tile_2840.png
2841,11,1,9,45456,1F0F351E,0,,tiles/pagina_11/tile_2841.png
2842,11,1,10,45472,4870A1CF,0,,tiles/pagina_11/tile_2842.png
2843,11,1,11,45488,A54FD0F5,0,,tiles/pagina_11/tile_2843.png
2844,11,1,12,45504,DD5BC6BD,0,,tiles/pagina_11/tile_2844.png
2845,11,1,13,45520,9741F405,0,,tiles/pagina_11/tile_2845.png
2846,11,1,14,45536,0D883216,0,,tiles/pagina_11/tile_2846.png
2847,11,1,15,45552,43453717,0,,tiles/pagina_11/tile_2847.png
2848,11,2,0,45568,51A9E887,0,,tiles/pagina_11/tile_2848.png
2849,11,2,1,45584,548249FD,0,,tiles/pagina_11/tile_2849.png
2850,11,2,2,45600,A3CB954A,0,2368,tiles/pagina_11/tile_2850.png
2851,11,2,3,45616,790923E6,0,,tiles/pagina_11/tile_2851.png
2852,11,2,4,45632,27555C80,0,,tiles/pagina_11/tile_2852.png
2853,11,2,5,45648,D6384DB2,0,,tiles/pagina_11/tile_2853.png
2854,11,2,6,45664,B8DBF8CE,0,,tiles/pagina_11/tile_2854.png
2855,11,2,7,45680,A5ABC774,0,,tiles/pagina_11/tile_2855.png
2856,11,2,8,45696,6FDE2B51,0,,tiles/pagina_11/tile_2856.png
2857,11,2,9,45712,E2D61EAD,0,,tiles/pagina_11/tile_2857.png
2858,11,2,10,45728,ABA4DF3B,0,,tiles/pagina_11/tile_2858.png
2859,11,2,11,45744,1B976CB5,0,,tiles/pagina_11/tile_2859.png
2860,11,2,12,45760,BB7B189D,0,,tiles/pagina_11/tile_2860.png
2861,11,2,13,45776,006183C6,0,,tiles/pagina_11/tile_2861.png
2862,11,2,14,45792,B54EA6BD,0,,tiles/pagina_11/tile_2862.png
2863,11,2,15,45808,67097F0D,0,,tiles/pagina_11/tile_2863.png
2864,11,3,0,45824,2EE2391D,0,,tiles/pagina_11/tile_2864.png
2865,11,3,1,45840,A9EFB235,0,,tiles/pagina_11/tile_2865.png
2866,11,3,2,45856,D6ACCFA5,0,,tiles/pagina_11/tile_2866.png
2867,11,3,3,45872,EF934D7D,0,,tiles/pagina_11/tile_2867.png
2868,11,3,4,45888,15E52580,0,,tiles/pagina_11/tile_2868.png
2869,11,3,5,45904,F6F8A491,0,,tiles/pagina_11/tile_2869.png
2870,11,3,6,45920,8ABB076D,0,,tiles/pagina_11/tile_2870.png
2871,11,3,7,45936,70300D9D,0,,tiles/pagina_11/tile_2871.png
2872,11,3,8,45952,CE5B2D3D,0,,tiles/pagina_11/tile_2872.png
2873,11,3,9,45968,74FCB3E7,0,,tiles/pagina_11/tile_2873.png
2874,11,3,10,45984,862D3C43,0,,tiles/pagina_11/tile_2874.png
2875,11,3,11,46000,76510C8D,0,,tiles/pagina_11/tile_2875.png
2876,11,3,12,46016,AA42E0E5,0,,tiles/pagina_11/tile_2876.png
2877,11,3,13,46032,89147AFA,0,,tiles/pagina_11/tile_2877.png
2878,11,3,14,46048,B2B4815C,0,,tiles/pagina_11/tile_2878.png
2879,11,3,15,46064,40780435,0,,tiles/pagina_11/tile_2879.png
2880,11,4,0,46080,86C584DD,0,,tiles/pagina_11/tile_2880.png
2881,11,4,1,46096,887F30BF,0,,tiles/pagina_11/tile_2881.png
2882,11,4,2,46112,B3BC7E05,0,,tiles/pagina_11/tile_2882.png
2883,11,4,3,46128,4D80A5BD,0,,tiles/pagina_11/tile_2883.png
2884,11,4,4,46144,A87E46C6,0,,tiles/pagina_11/tile_2884.png
2885,11,4,5,46160,3576EB0B,0,,tiles/pagina_11/tile_2885.png
2886,11,4,6,46176,ABAE3466,0,,tiles/pagina_11/tile_2886.png
2887,11,4,7,46192,DFF97DDD,0,,tiles/pagina_11/tile_2887.png
2888,11,4,8,46208,40F1E152,0,,tiles/pagina_11/tile_2888.png
2889,11,4,9,46224,E8FB19C7,0,,tiles/pagina_11/tile_2889.png
2890,11,4,10,46240,6CA41FF5,0,,tiles/pagina_11/tile_2890.png
2891,11,4,11,46256,E979C58D,0,,tiles/pagina_11/tile_2891.png
2892,11,4,12,46272,CC47D373,0,,tiles/pagina_11/tile_2892.png
2893,11,4,13,46288,8CD4944E,0,,tiles/pagina_11/tile_2893.png
2894,11,4,14,46304,2F70641D,0,,tiles/pagina_11/tile_2894.png
2895,11,4,15,46320,63A90F89,0,,tiles/pagina_11/tile_2895.png
2896,11,5,0,46336,BFA0D0EF,0,,tiles/pagina_11/tile_2896.png
2897,11,5,1,46352,84513365,0,,tiles/pagina_11/tile_2897.png
2898,11,5,2,46368,16419F44,0,,tiles/pagina_11/tile_2898.png
2899,11,5,3,46384,17149D50,0,,tiles/pagina_11/tile_2899.png
2900,11,5,4,46400,DB009762,0,,tiles/pagina_11/tile_2900.png
2901,11,5,5,46416,EB15F510,0,,tiles/pagina_11/tile_2901.png
2902,11,5,6,46432,A721E12D,0,,tiles/pagina_11/tile_2902.png
2903,11,5,7,46448,9F28C5B2,0,,tiles/pagina_11/tile_2903.png
2904,11,5,8,46464,C535171D,0,,tiles/pagina_11/tile_2904.png
2905,11,5,9,46480,0CBF108D,0,,tiles/pagina_11/tile_2905.png
2906,11,5,10,46496,F795B955,0,,tiles/pagina_11/tile_2906.png
2907,11,5,11,46512,A9E26575,0,,tiles/pagina_11/tile_2907.png
2908,11,5,12,46528,973342FD,0,,tiles/pagina_11/tile_2908.png
2909,11,5,13,46544,4673B4F5,0,,tiles/pagina_11/tile_2909.png
2910,11,5,14,46560,E5C1A9E5,0,,tiles/pagina_11/tile_2910.png
2911,11,5,15,46576,5838D938,0,,tiles/pagina_11/tile_2911.png
2912,11,6,0,46592,29BDDFAD,0,,tiles/pagina_11/tile_2912.png
2913,11,6,1,46608,201E911E,0,,tiles/pagina_11/tile_2913.png
2914,11,6,2,46624,354D338A,0,,tiles/pagina_11/tile_2914.png
2915,11,6,3,46640,FD4ECA1F,0,,tiles/pagina_11/tile_2915.png
2916,11,6,4,46656,BF4673DF,0,,tiles/pagina_11/tile_2916.png
2917,11,6,5,46672,8FCE75FE,0,,tiles/pagina_11/tile_2917.png
2918,11,6,6,46688,A9A68EAD,0,,tiles/pagina_11/tile_2918.png
2919,11,6,7,46704,EBD9DA42,0,,tiles/pagina_11/tile_2919.png
2920,11,6,8,46720,1A042FCD,0,,tiles/pagina_11/tile_2920.png
2921,11,6,9,46736,6AEBB544,0,,tiles/pagina_11/tile_2921.png
2922,11,6,10,46752,D7046673,0,,tiles/pagina_11/tile_2922.png
2923,11,6,11,46768,C2912EF5,0,,tiles/pagina_11/tile_2923.png
2924,11,6,12,46784,947B9DDD,0,,tiles/pagina_11/tile_2924.png
2925,11,6,13,46800,8C53BFB1,0,,tiles/pagina_11/tile_2925.png
2926,11,6,14,46816,D2397265,0,,tiles/pagina_11/tile_2926.png
2927,11,6,15,46832,E42CAE83,0,,tiles/pagina_11/tile_2927.png
2928,11,7,0,46848,1D1FEA7D,0,,tiles/pagina_11/tile_2928.png
2929,11,7,1,46864,4507B3F4,0,,tiles/pagina_11/tile_2929.png
2930,11,7,2,46880,4944BCC8,0,,tiles/pagina_11/tile_2930.png
2931,11,7,3,46896,9419F65E,0,,tiles/pagina_11/tile_2931.png
2932,11,7,4,46912,BE4F9E6C,0,,tiles/pagina_11/tile_2932.png
2933,11,7,5,46928,0EECB770,0,,tiles/pagina_11/tile_2933.png
2934,11,7,6,46944,993A4E0E,0,,tiles/pagina_11/tile_2934.png
2935,11,7,7,46960,F851A8C2,0,,tiles/pagina_11/tile_2935.png
2936,11,7,8,46976,FD434689,0,,tiles/pagina_11/tile_2936.png
2937,11,7,9,46992,BD2BB9B9,0,,tiles/pagina_11/tile_2937.png
2938,11,7,10,47008,70E50CFD,0,,tiles/pagina_11/tile_2938.png
2939,11,7,11,47024,52C977E5,0,,tiles/pagina_11/tile_2939.png
2940,11,7,12,47040,1766F66E,0,,tiles/pagina_11/tile_2940.png
2941,11,7,13,47056,FFABC2BA,0,,tiles/pagina_11/tile_2941.png
2942,11,7,14,47072,292C8EC6,0,,tiles/pagina_11/tile_2942.png
2943,11,7,15,47088,C15CB925,0,,tiles/pagina_11/tile_2943.png
2944,11,8,0,47104,444EB324,0,,tiles/pagina_11/tile_2944.png
2945,11,8,1,47120,5C17B6A5,0,,tiles/pagina_11/tile_2945.png
2946,11,8,2,47136,FE4E9384,0,,tiles/pagina_11/tile_2946.png
2947,11,8,3,47152,DD4294CD,0,,tiles/pagina_11/tile_2947.png
2948,11,8,4,47168,B529E852,0,,tiles/pagina_11/tile_2948.png
2949,11,8,5,47184,BE87231D,0,,tiles/pagina_11/tile_2949.png
2950,11,8,6,47200,B11E77FD,0,,tiles/pagina_11/tile_2950.png
2951,11,8,7,47216,A29DD039,0,,tiles/pagina_11/tile_2951.png
2952,11,8,8,47232,EA673F45,0,,tiles/pagina_11/tile_2952.png
2953,11,8,9,47248,503D0067,0,,tiles/pagina_11/tile_2953.png
2954,11,8,10,47264,52A9162F,0,,tiles/pagina_11/tile_2954.png
2955,11,8,11,47280,81966567,0,,tiles/pagina_11/tile_2955.png
2956,11,8,12,47296,817F9BAF,0,,tiles/pagina_11/tile_2956.png
2957,11,8,13,47312,2AAC1F27,0,,tiles/pagina_11/tile_2957.png
2958,11,8,14,47328,89901805,0,,tiles/pagina_11/tile_2958.png
2959,11,8,15,47344,A8AEAF78,0,,tiles/pagina_11/tile_2959.png
2960,11,9,0,47360,E1F8AF84,0,,tiles/pagina_11/tile_2960.png
2961,11,9,1,47376,F6BF4DAD,0,,tiles/pagina_11/tile_2961.png
2962,11,9,2,47392,F3E246CD,0,,tiles/pagina_11/tile_2962.png
2963,11,9,3,47408,67A87A2D,0,,tiles/pagina_11/tile_2963.png
2964,11,9,4,47424,8DB896BD,0,,tiles/pagina_11/tile_2964.png
2965,11,9,5,47440,BEFEC61D,0,,tiles/pagina_11/tile_2965.png
2966,11,9,6,47456,D9D19FD2,0,,tiles/pagina_11/tile_2966.png
2967,11,9,7,47472,D6384DB2,0,2853,tiles/pagina_11/tile_2967.png
2968,11,9,8,47488,05458734,0,,tiles/pagina_11/tile_2968.png
2969,11,9,9,47504,85D72D23,0,,tiles/pagina_11/tile_2969.png
2970,11,9,10,47520,E7CDFF24,0,,tiles/pagina_11/tile_2970.png
2971,11,9,11,47536,A7AF9158,0,,tiles/pagina_11/tile_2971.png
2972,11,9,12,47552,7BE01075,0,,tiles/pagina_11/tile_2972.png
2973,11,9,13,47568,AC1962D8,0,,tiles/pagina_11/tile_2973.png
2974,11,9,14,47584,3AB22FCD,0,,tiles/pagina_11/tile_2974.png
2975,11,9,15,47600,D7A36955,0,,tiles/pagina_11/tile_2975.png
2976,11,10,0,47616,235E7F5F,0,,tiles/pagina_11/tile_2976.png
2977,11,10,1,47632,0D2B15B7,0,,tiles/pagina_11/tile_2977.png
2978,11,10,2,47648,E78DA795,0,,tiles/pagina_11/tile_2978.png
2979,11,10,3,47664,69691905,1,22,tiles/pagina_11/tile_2979.png
2980,11,10,4,47680,5C8D8F47,0,,tiles/pagina_11/tile_2980.png
2981,11,10,5,47696,7855EE05,0,,tiles/pagina_11/tile_2981.png
2982,11,10,6,47712,4152DBCB,0,,tiles/pagina_11/tile_2982.png
2983,11,10,7,47728,9F378A20,0,,tiles/pagina_11/tile_2983.png
2984,11,10,8,47744,195A35F5,0,,tiles/pagina_11/tile_2984.png
2985,11,10,9,47760,9B6BC00E,0,,tiles/pagina_11/tile_2985.png
2986,11,10,10,47776,E2DA3D49,0,,tiles/pagina_11/tile_2986.png
2987,11,10,11,47792,875A3689,0,,tiles/pagina_11/tile_2987.png
2988,11,10,12,47808,0B83EBAB,0,,tiles/pagina_11/tile_2988.png
2989,11,10,13,47824,81E97F5D,0,,tiles/pagina_11/tile_2989.png
2990,11,10,14,47840,7BF49A62,0,,tiles/pagina_11/tile_2990.png
2991,11,10,15,47856,26454775,0,,tiles/pagina_11/tile_2991.png
2992,11,11,0,47872,B3241F53,0,,tiles/pagina_11/tile_2992.png
2993,11,11,1,47888,7EB1BE24,0,,tiles/pagina_11/tile_2993.png
2994,11,11,2,47904,0BD11965,0,,tiles/pagina_11/tile_2994.png
2995,11,11,3,47920,2C83E456,0,,tiles/pagina_11/tile_2995.png
2996,11,11,4,47936,B281D0D7,0,,tiles/pagina_11/tile_2996.png
2997,11,11,5,47952,F767CD43,0,,tiles/pagina_11/tile_2997.png
2998,11,11,6,47968,A0628E04,0,,tiles/pagina_11/tile_2998.png
2999,11,11,7,47984,7086BCDE,0,,tiles/pagina_11/tile_2999.png
3000,11,11,8,48000,D4C64E38,0,,tiles/pagina_11/tile_3000.png
3001,11,11,9,48016,58A5D932,0,,tiles/pagina_11/tile_3001.png
3002,11,11,10,48032,5263CFD9,0,,tiles/pagina_11/tile_3002.png
3003,11,11,11,48048,DCBAF7C5,0,,tiles/pagina_11/tile_3003.png
3004,11,11,12,48064,CBB25405,0,,tiles/pagina_11/tile_3004.png
3005,11,11,13,48080,E6079004,0,,tiles/pagina_11/tile_3005.png
3006,11,11,14,48096,43DBE47D,0,,tiles/pagina_11/tile_3006.png
3007,11,11,15,48112,22A02869,0,,tiles/pagina_11/tile_3007.png
3008,11,12,0,48128,36D208D9,0,,tiles/pagina_11/tile_3008.png
3009,11,12,1,48144,A3FD655B,0,,tiles/pagina_11/tile_3009.png
3010,11,12,2,48160,956E33F5,0,,tiles/pagina_11/tile_3010.png
3011,11,12,3,48176,6D3588C4,0,,tiles/pagina_11/tile_3011.png
3012,11,12,4,48192,42FE9512,0,,tiles/pagina_11/tile_3012.png
3013,11,12,5,48208,0C52C06A,0,,tiles/pagina_11/tile_3013.png
3014,11,12,6,48224,05E6269D,0,,tiles/pagina_11/tile_3014.png
3015,11,12,7,48240,17651243,0,,tiles/pagina_11/tile_3015.png
3016,11,12,8,48256,FA97E8A8,0,,tiles/pagina_11/tile_3016.png
3017,11,12,9,48272,A1977F05,0,,tiles/pagina_11/tile_3017.png
3018,11,12,10,48288,E0C54B9A,0,,tiles/pagina_11/tile_3018.png
3019,11,12,11,48304,6A41A25D,0,,tiles/pagina_11/tile_3019.png
3020,11,12,12,48320,5E14D3BD,0,,tiles/pagina_11/tile_3020.png
3021,11,12,13,48336,8A078475,0,,tiles/pagina_11/tile_3021.png
3022,11,12,14,48352,9F45D3B1,0,,tiles/pagina_11/tile_3022.png
3023,11,12,15,48368,7746BAB1,0,,tiles/pagina_11/tile_3023.png
3024,11,13,0,48384,493DBDBD,0,,tiles/pagina_11/tile_3024.png
3025,11,13,1,48400,76E69F0E,0,,tiles/pagina_11/tile_3025.png
3026,11,13,2,48416,1C723D37,0,,tiles/pagina_11/tile_3026.png
3027,11,13,3,48432,F66522B6,0,,tiles/pagina_11/tile_3027.png
3028,11,13,4,48448,D6E77C99,0,,tiles/pagina_11/tile_3028.png
3029,11,13,5,48464,25CBB17E,0,,tiles/pagina_11/tile_3029.png
3030,11,13,6,48480,4189EE1E,0,,tiles/pagina_11/tile_3030.png
3031,11,13,7,48496,D6E77C99,0,3028,tiles/pagina_11/tile_3031.png
3032,11,13,8,48512,1565E536,0,,tiles/pagina_11/tile_3032.png
3033,11,13,9,48528,F9AED27C,0,,tiles/pagina_11/tile_3033.png
3034,11,13,10,48544,0C8547F5,0,,tiles/pagina_11/tile_3034.png
3035,11,13,11,48560,76D5CE25,0,,tiles/pagina_11/tile_3035.png
3036,11,13,12,48576,D16AC3A9,0,,tiles/pagina_11/tile_3036.png
3037,11,13,13,48592,CE03A65D,0,,tiles/pagina_11/tile_3037.png
3038,11,13,14,48608,F13C5AB8,0,,tiles/pagina_11/tile_3038.png
3039,11,13,15,48624,32C76461,0,,tiles/pagina_11/tile_3039.png
3040,11,14,0,48640,870898F5,0,,tiles/pagina_11/tile_3040.png
3041,11,14,1,48656,B3C8088D,0,,tiles/pagina_11/tile_3041.png
3042,11,14,2,48672,C60C405B,0,,tiles/pagina_11/tile_3042.png
3043,11,14,3,48688,F865FD89,0,,tiles/pagina_11/tile_3043.png
3044,11,14,4,48704,A53ACC75,0,,tiles/pagina_11/tile_3044.png
3045,11,14,5,48720,EA6EBB2D,0,,tiles/pagina_11/tile_3045.png
3046,11,14,6,48736,F4D0EB72,0,,tiles/pagina_11/tile_3046.png
3047,11,14,7,48752,63157381,0,,tiles/pagina_11/tile_3047.png
3048,11,14,8,48768,AB74E454,0,,tiles/pagina_11/tile_3048.png
3049,11,14,9,48784,8CBBB44E,0,,tiles/pagina_11/tile_3049.png
3050,11,14,10,48800,85EDEF9D,0,,tiles/pagina_11/tile_3050.png
3051,11,14,11,48816,44DCA773,0,,tiles/pagina_11/tile_3051.png
3052,11,14,12,48832,A6B635B1,0,,tiles/pagina_11/tile_3052.png
3053,11,14,13,48848,342208DD,0,,tiles/pagina_11/tile_3053.png
3054,11,14,14,48864,59A47AA5,0,,tiles/pagina_11/tile_3054.png
3055,11,14,15,48880,B0A8AC45,0,,tiles/pagina_11/tile_3055.png
3056,11,15,0,48896,904A5F06,0,,tiles/pagina_11/tile_3056.png
3057,11,15,1,48912,6584207D,0,,tiles/pagina_11/tile_3057.png
3058,11,15,2,48928,99B465D5,0,,tiles/pagina_11/tile_3058.png
3059,11,15,3,48944,C8316EF0,0,,tiles/pagina_11/tile_3059.png
3060,11,15,4,48960,87ECD975,0,,tiles/pagina_11/tile_3060.png
3061,11,15,5,48976,FBDB04F3,0,,tiles/pagina_11/tile_3061.png
3062,11,15,6,48992,01DD4A2C,0,,tiles/pagina_11/tile_3062.png
3063,11,15,7,49008,CB1E3A65,0,,tiles/pagina_11/tile_3063.png
3064,11,15,8,49024,CC200CE1,0,,tiles/pagina_11/tile_3064.png
3065,11,15,9,49040,2E3C199D,0,,tiles/pagina_11/tile_3065.png
3066,11,15,10,49056,701342DF,0,,tiles/pagina_11/tile_3066.png
3067,11,15,11,49072,A3684139,0,,tiles/pagina_11/tile_3067.png
3068,11,15,12,49088,4E84D8FD,0,766,tiles/pagina_11/tile_3068.png
3069,11,15,13,49104,6DEBB9FD,0,535,tiles/pagina_11/tile_3069.png
3070,11,15,14,49120,360779F5,0,112,tiles/pagina_11/tile_3070.png
3071,11,15,15,49136,CFCF95F7,0,1486,tiles/pagina_11/tile_3071.png
3072,12,0,0,49152,7F6ABF36,0,,tiles/pagina_12/tile_3072.png
3073,12,0,1,49168,7D87AC3D,0,,tiles/pagina_12/tile_3073.png
3074,12,0,2,49184,1F0F351E,0,2841,tiles/pagina_12/tile_3074.png
3075,12,0,3,49200,58595AF1,0,,tiles/pagina_12/tile_3075.png
3076,12,0,4,49216,AB46CBFE,0,,tiles/pagina_12/tile_3076.png
3077,12,0,5,49232,69691905,1,22,tiles/pagina_12/tile_3077.png
3078,12,0,6,49248,69691905,1,22,tiles/pagina_12/tile_3078.png
3079,12,0,7,49264,69691905,1,22,tiles/pagina_12/tile_3079.png
3080,12,0,8,49280,69691905,1,22,tiles/pagina_12/tile_3080.png
3081,12,0,9,49296,A4B148D3,0,,tiles/pagina_12/tile_3081.png
3082,12,0,10,49312,7D3D552E,0,,tiles/pagina_12/tile_3082.png
3083,12,0,11,49328,054DA5D9,0,,tiles/pagina_12/tile_3083.png
3084,12,0,12,49344,730BE9DA,0,534,tiles/pagina_12/tile_3084.png
3085,12,0,13,49360,770935B1,0,574,tiles/pagina_12/tile_3085.png
3086,12,0,14,49376,346A271D,0,530,tiles/pagina_12/tile_3086.png
3087,12,0,15,49392,532AE15D,0,575,tiles/pagina_12/tile_3087.png
3088,12,1,0,49408,73D00675,0,,tiles/pagina_12/tile_3088.png
3089,12,1,1,49424,01703E18,0,,tiles/pagina_12/tile_3089.png
3090,12,1,2,49440,F1007EFD,0,515,tiles/pagina_12/tile_3090.png
3091,12,1,3,49456,980CA431,0,,tiles/pagina_12/tile_3091.png
3092,12,1,4,49472,DA94C4A2,0,,tiles/pagina_12/tile_3092.png
3093,12,1,5,49488,B591E8CD,0,,tiles/pagina_12/tile_3093.png
3094,12,1,6,49504,E12D0B4A,0,,tiles/pagina_12/tile_3094.png
3095,12,1,7,49520,EB481D06,0,,tiles/pagina_12/tile_3095.png
3096,12,1,8,49536,C37373CF,0,,tiles/pagina_12/tile_3096.png
3097,12,1,9,49552,0A66811E,0,,tiles/pagina_12/tile_3097.png
3098,12,1,10,49568,568F4170,0,,tiles/pagina_12/tile_3098.png
3099,12,1,11,49584,A56883D4,0,,tiles/pagina_12/tile_3099.png
3100,12,1,12,49600,239DE901,0,544,tiles/pagina_12/tile_3100.png
3101,12,1,13,49616,72BF982D,0,545,tiles/pagina_12/tile_3101.png
3102,12,1,14,49632,561EF96D,0,,tiles/pagina_12/tile_3102.png
3103,12,1,15,49648,7A475205,0,,tiles/pagina_12/tile_3103.png
3104,12,2,0,49664,004D47BD,0,788,tiles/pagina_12/tile_3104.png
3105,12,2,1,49680,20770A54,0,789,tiles/pagina_12/tile_3105.png
3106,12,2,2,49696,4301EB0D,0,,tiles/pagina_12/tile_3106.png
3107,12,2,3,49712,104D8475,0,,tiles/pagina_12/tile_3107.png
3108,12,2,4,49728,C5002482,0,,tiles/pagina_12/tile_3108.png
3109,12,2,5,49744,06B23AA5,0,,tiles/pagina_12/tile_3109.png
3110,12,2,6,49760,52A35A10,0,,tiles/pagina_12/tile_3110.png
3111,12,2,7,49776,CE1EE7C5,0,,tiles/pagina_12/tile_3111.png
3112,12,2,8,49792,53BC6E9F,0,,tiles/pagina_12/tile_3112.png
3113,12,2,9,49808,B7574A86,0,,tiles/pagina_12/tile_3113.png
3114,12,2,10,49824,990C610D,0,,tiles/pagina_12/tile_3114.png
3115,12,2,11,49840,9B9C4AB7,0,,tiles/pagina_12/tile_3115.png
3116,12,2,12,49856,37CA8FB8,0,,tiles/pagina_12/tile_3116.png
3117,12,2,13,49872,893B0DCD,0,,tiles/pagina_12/tile_3117.png
3118,12,2,14,49888,FF1E19AD,0,,tiles/pagina_12/tile_3118.png
3119,12,2,15,49904,2F1E51B0,0,,tiles/pagina_12/tile_3119.png
3120,12,3,0,49920,424D3702,0,804,tiles/pagina_12/tile_3120.png
3121,12,3,1,49936,AB29CD4E,0,805,tiles/pagina_12/tile_3121.png
3122,12,3,2,49952,72E74C2C,0,,tiles/pagina_12/tile_3122.png
3123,12,3,3,49968,CA04A93F,0,,tiles/pagina_12/tile_3123.png
3124,12,3,4,49984,C0AA574B,0,,tiles/pagina_12/tile_3124.png
3125,12,3,5,50000,7B07D0ED,0,,tiles/pagina_12/tile_3125.png
3126,12,3,6,50016,3E0ACBCD,0,,tiles/pagina_12/tile_3126.png
3127,12,3,7,50032,F61CEF2C,0,,tiles/pagina_12/tile_3127.png
3128,12,3,8,50048,7171AB4E,0,,tiles/pagina_12/tile_3128.png
3129,12,3,9,50064,AF5CEAF9,0,,tiles/pagina_12/tile_3129.png
3130,12,3,10,50080,2C147AB4,0,,tiles/pagina_12/tile_3130.png
3131,12,3,11,50096,5B62B55E,0,,tiles/pagina_12/tile_3131.png
3132,12,3,12,50112,2B289441,0,,tiles/pagina_12/tile_3132.png
3133,12,3,13,50128,9CE44711,0,,tiles/pagina_12/tile_3133.png
3134,12,3,14,50144,F55F6D05,0,,tiles/pagina_12/tile_3134.png
3135,12,3,15,50160,F55F6D05,0,3134,tiles/pagina_12/tile_3135.png
3136,12,4,0,50176,7171AB4E,0,3128,tiles/pagina_12/tile_3136.png
3137,12,4,1,50192,AF5CEAF9,0,3129,tiles/pagina_12/tile_3137.png
3138,12,4,2,50208,C41E8A4B,0,,tiles/pagina_12/tile_3138.png
3139,12,4,3,50224,1690FFD0,0,,tiles/pagina_12/tile_3139.png
3140,12,4,4,50240,1BD949D0,0,,tiles/pagina_12/tile_3140.png
3141,12,4,5,50256,B219246E,0,,tiles/pagina_12/tile_3141.png
3142,12,4,6,50272,C309620D,0,546,tiles/pagina_12/tile_3142.png
3143,12,4,7,50288,09E860A1,0,568,tiles/pagina_12/tile_3143.png
3144,12,4,8,50304,F3BFC205,0,,tiles/pagina_12/tile_3144.png
3145,12,4,9,50320,E5DB9445,0,,tiles/pagina_12/tile_3145.png
3146,12,4,10,50336,D92000CD,0,,tiles/pagina_12/tile_3146.png
3147,12,4,11,50352,0162DA8C,0,,tiles/pagina_12/tile_3147.png
3148,12,4,12,50368,80525E9C,0,,tiles/pagina_12/tile_3148.png
3149,12,4,13,50384,C3096CCA,0,,tiles/pagina_12/tile_3149.png
3150,12,4,14,50400,07363C6B,0,,tiles/pagina_12/tile_3150.png
3151,12,4,15,50416,D0EC7555,0,,tiles/pagina_12/tile_3151.png
3152,12,5,0,50432,8507149B,0,,tiles/pagina_12/tile_3152.png
3153,12,5,1,50448,B09CB091,0,624,tiles/pagina_12/tile_3153.png
3154,12,5,2,50464,DBCEF1AD,0,,tiles/pagina_12/tile_3154.png
3155,12,5,3,50480,9B2A25ED,0,526,tiles/pagina_12/tile_3155.png
3156,12,5,4,50496,453C2F05,0,612,tiles/pagina_12/tile_3156.png
3157,12,5,5,50512,53DAD221,0,615,tiles/pagina_12/tile_3157.png
3158,12,5,6,50528,08B2CE75,0,613,tiles/pagina_12/tile_3158.png
3159,12,5,7,50544,959FD89D,0,1849,tiles/pagina_12/tile_3159.png
3160,12,5,8,50560,CE980B25,0,,tiles/pagina_12/tile_3160.png
3161,12,5,9,50576,582C8F51,0,,tiles/pagina_12/tile_3161.png
3162,12,5,10,50592,61507A4B,0,,tiles/pagina_12/tile_3162.png
3163,12,5,11,50608,89C3918A,0,,tiles/pagina_12/tile_3163.png
3164,12,5,12,50624,649CE139,0,,tiles/pagina_12/tile_3164.png
3165,12,5,13,50640,69691905,1,22,tiles/pagina_12/tile_3165.png
3166,12,5,14,50656,0C83920F,0,,tiles/pagina_12/tile_3166.png
3167,12,5,15,50672,1D01B8D5,0,,tiles/pagina_12/tile_3167.png
3168,12,6,0,50688,74C22B0B,0,,tiles/pagina_12/tile_3168.png
3169,12,6,1,50704,0BB9287F,0,,tiles/pagina_12/tile_3169.png
3170,12,6,2,50720,6A64A5B5,0,,tiles/pagina_12/tile_3170.png
3171,12,6,3,50736,61AC4498,0,,tiles/pagina_12/tile_3171.png
3172,12,6,4,50752,F37762E5,0,,tiles/pagina_12/tile_3172.png
3173,12,6,5,50768,D1CF5877,0,,tiles/pagina_12/tile_3173.png
3174,12,6,6,50784,61F8B4E5,0,,tiles/pagina_12/tile_3174.png
3175,12,6,7,50800,D385D403,0,,tiles/pagina_12/tile_3175.png
3176,12,6,8,50816,B4ADDB87,0,,tiles/pagina_12/tile_3176.png
3177,12,6,9,50832,8CE1D485,0,,tiles/pagina_12/tile_3177.png
3178,12,6,10,50848,19F0EC11,0,,tiles/pagina_12/tile_3178.png
3179,12,6,11,50864,1D6EDDD7,0,,tiles/pagina_12/tile_3179.png
3180,12,6,12,50880,0D72247C,0,,tiles/pagina_12/tile_3180.png
3181,12,6,13,50896,26AAB336,0,,tiles/pagina_12/tile_3181.png
3182,12,6,14,50912,20AE56EC,0,,tiles/pagina_12/tile_3182.png
3183,12,6,15,50928,930A9E6A,0,,tiles/pagina_12/tile_3183.png
3184,12,7,0,50944,2BA68B3D,0,,tiles/pagina_12/tile_3184.png
3185,12,7,1,50960,B5461172,0,,tiles/pagina_12/tile_3185.png
3186,12,7,2,50976,8754CE95,0,,tiles/pagina_12/tile_3186.png
3187,12,7,3,50992,46317B0D,0,877,tiles/pagina_12/tile_3187.png
3188,12,7,4,51008,625DDA05,0,,tiles/pagina_12/tile_3188.png
3189,12,7,5,51024,68423749,0,,tiles/pagina_12/tile_3189.png
3190,12,7,6,51040,DE799915,0,,tiles/pagina_12/tile_3190.png
3191,12,7,7,51056,023A7464,0,,tiles/pagina_12/tile_3191.png
3192,12,7,8,51072,A48B0241,0,,tiles/pagina_12/tile_3192.png
3193,12,7,9,51088,CF1AC831,0,,tiles/pagina_12/tile_3193.png
3194,12,7,10,51104,CD22C271,0,,tiles/pagina_12/tile_3194.png
3195,12,7,11,51120,67FB58F5,0,,tiles/pagina_12/tile_3195.png
3196,12,7,12,51136,A83C34F5,0,,tiles/pagina_12/tile_3196.png
3197,12,7,13,51152,840A4571,0,,tiles/pagina_12/tile_3197.png
3198,12,7,14,51168,B124713F,0,570,tiles/pagina_12/tile_3198.png
3199,12,7,15,51184,5AF18C57,0,571,tiles/pagina_12/tile_3199.png
3200,12,8,0,51200,199DBF43,0,,tiles/pagina_12/tile_3200.png
3201,12,8,1,51216,D4322ECA,0,,tiles/pagina_12/tile_3201.png
3202,12,8,2,51232,ADB16E75,0,,tiles/pagina_12/tile_3202.png
3203,12,8,3,51248,03BF5955,0,,tiles/pagina_12/tile_3203.png
3204,12,8,4,51264,4FCD5E8D,0,,tiles/pagina_12/tile_3204.png
3205,12,8,5,51280,4FCD5E8D,0,3204,tiles/pagina_12/tile_3205.png
3206,12,8,6,51296,65767165,0,,tiles/pagina_12/tile_3206.png
3207,12,8,7,51312,65767165,0,3206,tiles/pagina_12/tile_3207.png
3208,12,8,8,51328,03B96C50,0,,tiles/pagina_12/tile_3208.png
3209,12,8,9,51344,86AF55FA,0,,tiles/pagina_12/tile_3209.png
3210,12,8,10,51360,DF32BD03,0,,tiles/pagina_12/tile_3210.png
3211,12,8,11,51376,ED41D414,0,,tiles/pagina_12/tile_3211.png
3212,12,8,12,51392,1A96549D,0,308,tiles/pagina_12/tile_3212.png
3213,12,8,13,51408,F20ABAD5,0,309,tiles/pagina_12/tile_3213.png
3214,12,8,14,51424,2A90701D,0,,tiles/pagina_12/tile_3214.png
3215,12,8,15,51440,9B0A8FD1,0,,tiles/pagina_12/tile_3215.png
3216,12,9,0,51456,CAD4FDB9,0,,tiles/pagina_12/tile_3216.png
3217,12,9,1,51472,495993AD,0,,tiles/pagina_12/tile_3217.png
3218,12,9,2,51488,305DCEDB,0,,tiles/pagina_12/tile_3218.png
3219,12,9,3,51504,5F898EFB,0,,tiles/pagina_12/tile_3219.png
3220,12,9,4,51520,DB06D682,0,,tiles/pagina_12/tile_3220.png
3221,12,9,5,51536,22F7D4C3,0,,tiles/pagina_12/tile_3221.png
3222,12,9,6,51552,C5B690E7,0,,tiles/pagina_12/tile_3222.png
3223,12,9,7,51568,0DD4C207,0,,tiles/pagina_12/tile_3223.png
3224,12,9,8,51584,FF87B4C9,0,,tiles/pagina_12/tile_3224.png
3225,12,9,9,51600,69101BFA,0,,tiles/pagina_12/tile_3225.png
3226,12,9,10,51616,C2C6B496,0,,tiles/pagina_12/tile_3226.png
3227,12,9,11,51632,58DF5289,0,,tiles/pagina_12/tile_3227.png
3228,12,9,12,51648,1CFA4E3D,0,,tiles/pagina_12/tile_3228.png
3229,12,9,13,51664,4FE8E1BE,0,,tiles/pagina_12/tile_3229.png
3230,12,9,14,51680,5B688070,0,,tiles/pagina_12/tile_3230.png
3231,12,9,15,51696,8D1788D8,0,,tiles/pagina_12/tile_3231.png
3232,12,10,0,51712,27280BD1,0,,tiles/pagina_12/tile_3232.png
3233,12,10,1,51728,70013C25,0,1983,tiles/pagina_12/tile_3233.png
3234,12,10,2,51744,8ABCDD24,0,,tiles/pagina_12/tile_3234.png
3235,12,10,3,51760,75443D9D,0,,tiles/pagina_12/tile_3235.png
3236,12,10,4,51776,957A4DF1,0,,tiles/pagina_12/tile_3236.png
3237,12,10,5,51792,9846C0ED,0,,tiles/pagina_12/tile_3237.png
3238,12,10,6,51808,60880C60,0,,tiles/pagina_12/tile_3238.png
3239,12,10,7,51824,E65FB984,0,,tiles/pagina_12/tile_3239.png
3240,12,10,8,51840,8850ED85,0,,tiles/pagina_12/tile_3240.png
3241,12,10,9,51856,12100185,0,,tiles/pagina_12/tile_3241.png
3242,12,10,10,51872,2ECBF95B,0,,tiles/pagina_12/tile_3242.png
3243,12,10,11,51888,9E8C758E,0,,tiles/pagina_12/tile_3243.png
3244,12,10,12,51904,0E10E2C8,0,,tiles/pagina_12/tile_3244.png
3245,12,10,13,51920,8C401224,0,,tiles/pagina_12/tile_3245.png
3246,12,10,14,51936,00ECA2A5,0,936,tiles/pagina_12/tile_3246.png
3247,12,10,15,51952,00ECA2A5,0,936,tiles/pagina_12/tile_3247.png
3248,12,11,0,51968,AEB3A1C7,0,,tiles/pagina_12/tile_3248.png
3249,12,11,1,51984,D266EBDF,0,,tiles/pagina_12/tile_3249.png
3250,12,11,2,52000,00ECA2A5,0,936,tiles/pagina_12/tile_3250.png
3251,12,11,3,52016,00ECA2A5,0,936,tiles/pagina_12/tile_3251.png
3252,12,11,4,52032,F77F4978,0,,tiles/pagina_12/tile_3252.png
3253,12,11,5,52048,8204FFCD,0,,tiles/pagina_12/tile_3253.png
3254,12,11,6,52064,00ECA2A5,0,936,tiles/pagina_12/tile_3254.png
3255,12,11,7,52080,00ECA2A5,0,936,tiles/pagina_12/tile_3255.png
3256,12,11,8,52096,1CFA4E3D,0,3228,tiles/pagina_12/tile_3256.png
3257,12,11,9,52112,9D82182E,0,,tiles/pagina_12/tile_3257.png
3258,12,11,10,52128,00ECA2A5,0,936,tiles/pagina_12/tile_3258.png
3259,12,11,11,52144,00ECA2A5,0,936,tiles/pagina_12/tile_3259.png
3260,12,11,12,52160,B0CD7A5D,0,,tiles/pagina_12/tile_3260.png
3261,12,11,13,52176,CD7A5C1F,0,,tiles/pagina_12/tile_3261.png
3262,12,11,14,52192,E1BBE6F7,0,,tiles/pagina_12/tile_3262.png
3263,12,11,15,52208,09EB185F,0,,tiles/pagina_12/tile_3263.png
3264,12,12,0,52224,9929D470,0,,tiles/pagina_12/tile_3264.png
3265,12,12,1,52240,DD684C7F,0,,tiles/pagina_12/tile_3265.png
3266,12,12,2,52256,47B441BE,0,,tiles/pagina_12/tile_3266.png
3267,12,12,3,52272,CCD3A383,0,,tiles/pagina_12/tile_3267.png
3268,12,12,4,52288,920E5C10,0,,tiles/pagina_12/tile_3268.png
3269,12,12,5,52304,FEC62C68,0,,tiles/pagina_12/tile_3269.png
3270,12,12,6,52320,22D4DBF0,0,,tiles/pagina_12/tile_3270.png
3271,12,12,7,52336,1B368F1F,0,,tiles/pagina_12/tile_3271.png
3272,12,12,8,52352,6ACB4404,0,,tiles/pagina_12/tile_3272.png
3273,12,12,9,52368,E4ED7D18,0,,tiles/pagina_12/tile_3273.png
3274,12,12,10,52384,7613949D,0,,tiles/pagina_12/tile_3274.png
3275,12,12,11,52400,69691905,1,22,tiles/pagina_12/tile_3275.png
3276,12,12,12,52416,886919B0,0,,tiles/pagina_12/tile_3276.png
3277,12,12,13,52432,FEC62C68,0,3269,tiles/pagina_12/tile_3277.png
3278,12,12,14,52448,886919B0,0,3276,tiles/pagina_12/tile_3278.png
3279,12,12,15,52464,1B368F1F,0,3271,tiles/pagina_12/tile_3279.png
3280,12,13,0,52480,83CF5F39,0,,tiles/pagina_12/tile_3280.png
3281,12,13,1,52496,69691905,1,22,tiles/pagina_12/tile_3281.png
3282,12,13,2,52512,69691905,1,22,tiles/pagina_12/tile_3282.png
3283,12,13,3,52528,E8D4C3CB,0,,tiles/pagina_12/tile_3283.png
3284,12,13,4,52544,6EEE286A,0,,tiles/pagina_12/tile_3284.png
3285,12,13,5,52560,3BE9258A,0,,tiles/pagina_12/tile_3285.png
3286,12,13,6,52576,B2419F2B,0,1238,tiles/pagina_12/tile_3286.png
3287,12,13,7,52592,1F5DA557,0,1239,tiles/pagina_12/tile_3287.png
3288,12,13,8,52608,69691905,1,22,tiles/pagina_12/tile_3288.png
3289,12,13,9,52624,2A482035,0,,tiles/pagina_12/tile_3289.png
3290,12,13,10,52640,6DD081D5,0,,tiles/pagina_12/tile_3290.png
3291,12,13,11,52656,1722983F,0,,tiles/pagina_12/tile_3291.png
3292,12,13,12,52672,3FA84D76,0,,tiles/pagina_12/tile_3292.png
3293,12,13,13,52688,BCCD3525,0,,tiles/pagina_12/tile_3293.png
3294,12,13,14,52704,69691905,1,22,tiles/pagina_12/tile_3294.png
3295,12,13,15,52720,AD0344FA,0,,tiles/pagina_12/tile_3295.png
3296,12,14,0,52736,04C7AC14,0,,tiles/pagina_12/tile_3296.png
3297,12,14,1,52752,04C7AC14,0,3296,tiles/pagina_12/tile_3297.png
3298,12,14,2,52768,B687A9D7,0,,tiles/pagina_12/tile_3298.png
3299,12,14,3,52784,B687A9D7,0,3298,tiles/pagina_12/tile_3299.png
3300,12,14,4,52800,446610E7,0,,tiles/pagina_12/tile_3300.png
3301,12,14,5,52816,446610E7,0,3300,tiles/pagina_12/tile_3301.png
3302,12,14,6,52832,4E5D0FE2,0,,tiles/pagina_12/tile_3302.png
3303,12,14,7,52848,30498A90,0,,tiles/pagina_12/tile_3303.png
3304,12,14,8,52864,11D5998E,0,,tiles/pagina_12/tile_3304.png
3305,12,14,9,52880,0BD9B850,0,,tiles/pagina_12/tile_3305.png
3306,12,14,10,52896,DCA8797A,0,,tiles/pagina_12/tile_3306.png
3307,12,14,11,52912,A1417A92,0,,tiles/pagina_12/tile_3307.png
3308,12,14,12,52928,D95C1642,0,,tiles/pagina_12/tile_3308.png
3309,12,14,13,52944,34497914,0,,tiles/pagina_12/tile_3309.png
3310,12,14,14,52960,F6065405,0,,tiles/pagina_12/tile_3310.png
3311,12,14,15,52976,F6065405,0,3310,tiles/pagina_12/tile_3311.png
3312,12,15,0,52992,360779F5,0,112,tiles/pagina_12/tile_3312.png
3313,12,15,1,53008,360779F5,0,112,tiles/pagina_12/tile_3313.png
3314,12,15,2,53024,360779F5,0,112,tiles/pagina_12/tile_3314.png
3315,12,15,3,53040,360779F5,0,112,tiles/pagina_12/tile_3315.png
3316,12,15,4,53056,360779F5,0,112,tiles/pagina_12/tile_3316.png
3317,12,15,5,53072,360779F5,0,112,tiles/pagina_12/tile_3317.png
3318,12,15,6,53088,F6065405,0,3310,tiles/pagina_12/tile_3318.png
3319,12,15,7,53104,F6065405,0,3310,tiles/pagina_12/tile_3319.png
3320,12,15,8,53120,F6065405,0,3310,tiles/pagina_12/tile_3320.png
3321,12,15,9,53136,F6065405,0,3310,tiles/pagina_12/tile_3321.png
3322,12,15,10,53152,A32EFA61,0,306,tiles/pagina_12/tile_3322.png
3323,12,15,11,53168,DBDC23F1,0,307,tiles/pagina_12/tile_3323.png
3324,12,15,12,53184,684C1B8B,0,1276,tiles/pagina_12/tile_3324.png
3325,12,15,13,53200,E5B32399,0,1277,tiles/pagina_12/tile_3325.png
3326,12,15,14,53216,82819C4E,0,1278,tiles/pagina_12/tile_3326.png
3327,12,15,15,53232,3F51E590,0,1279,tiles/pagina_12/tile_3327.png
3328,13,0,0,53248,A36A5E85,0,,tiles/pagina_13/tile_3328.png
3329,13,0,1,53264,6B6C35FB,0,,tiles/pagina_13/tile_3329.png
3330,13,0,2,53280,DDD41967,0,,tiles/pagina_13/tile_3330.png
3331,13,0,3,53296,FDE22053,0,,tiles/pagina_13/tile_3331.png
3332,13,0,4,53312,E8D00240,0,,tiles/pagina_13/tile_3332.png
3333,13,0,5,53328,69691905,1,22,tiles/pagina_13/tile_3333.png
3334,13,0,6,53344,69691905,1,22,tiles/pagina_13/tile_3334.png
3335,13,0,7,53360,69691905,1,22,tiles/pagina_13/tile_3335.png
3336,13,0,8,53376,69691905,1,22,tiles/pagina_13/tile_3336.png
3337,13,0,9,53392,1830928C,0,,tiles/pagina_13/tile_3337.png
3338,13,0,10,53408,501C17F6,0,,tiles/pagina_13/tile_3338.png
3339,13,0,11,53424,F558FB1E,0,,tiles/pagina_13/tile_3339.png
3340,13,0,12,53440,53E1DF63,0,,tiles/pagina_13/tile_3340.png
3341,13,0,13,53456,39897265,0,,tiles/pagina_13/tile_3341.png
3342,13,0,14,53472,C5823A7D,0,,tiles/pagina_13/tile_3342.png
3343,13,0,15,53488,AFA2F7A5,0,,tiles/pagina_13/tile_3343.png
3344,13,1,0,53504,5D1709EB,0,,tiles/pagina_13/tile_3344.png
3345,13,1,1,53520,C8D9187F,0,,tiles/pagina_13/tile_3345.png
3346,13,1,2,53536,B3AD5225,0,,tiles/pagina_13/tile_3346.png
3347,13,1,3,53552,E8641F58,0,,tiles/pagina_13/tile_3347.png
3348,13,1,4,53568,8F91FF4A,0,,tiles/pagina_13/tile_3348.png
3349,13,1,5,53584,7036AC41,0,,tiles/pagina_13/tile_3349.png
3350,13,1,6,53600,07FE25E9,0,,tiles/pagina_13/tile_3350.png
3351,13,1,7,53616,95FCC51B,0,,tiles/pagina_13/tile_3351.png
3352,13,1,8,53632,014FE0FD,0,,tiles/pagina_13/tile_3352.png
3353,13,1,9,53648,9B604605,0,,tiles/pagina_13/tile_3353.png
3354,13,1,10,53664,7E927F7D,0,,tiles/pagina_13/tile_3354.png
3355,13,1,11,53680,C1144ADD,0,,tiles/pagina_13/tile_3355.png
3356,13,1,12,53696,3FC83225,0,,tiles/pagina_13/tile_3356.png
3357,13,1,13,53712,F29AC7BD,0,,tiles/pagina_13/tile_3357.png
3358,13,1,14,53728,440E374F,0,,tiles/pagina_13/tile_3358.png
3359,13,1,15,53744,9E527BEF,0,,tiles/pagina_13/tile_3359.png
3360,13,2,0,53760,D74C5514,0,,tiles/pagina_13/tile_3360.png
3361,13,2,1,53776,9FAA69C9,0,,tiles/pagina_13/tile_3361.png
3362,13,2,2,53792,F4121A7B,0,,tiles/pagina_13/tile_3362.png
3363,13,2,3,53808,F3A23ACB,0,,tiles/pagina_13/tile_3363.png
3364,13,2,4,53824,AEC7EB7D,0,,tiles/pagina_13/tile_3364.png
3365,13,2,5,53840,05F8877D,0,,tiles/pagina_13/tile_3365.png
3366,13,2,6,53856,9B3A69B5,0,,tiles/pagina_13/tile_3366.png
3367,13,2,7,53872,AA44C525,0,,tiles/pagina_13/tile_3367.png
3368,13,2,8,53888,4557A6B5,0,,tiles/pagina_13/tile_3368.png
3369,13,2,9,53904,761152D4,0,,tiles/pagina_13/tile_3369.png
3370,13,2,10,53920,809BAD4E,0,,tiles/pagina_13/tile_3370.png
3371,13,2,11,53936,71BEC585,0,,tiles/pagina_13/tile_3371.png
3372,13,2,12,53952,4B8EBCC1,0,,tiles/pagina_13/tile_3372.png
3373,13,2,13,53968,1850CC9D,0,,tiles/pagina_13/tile_3373.png
3374,13,2,14,53984,9FC54805,0,,tiles/pagina_13/tile_3374.png
3375,13,2,15,54000,2A755FFD,0,,tiles/pagina_13/tile_3375.png
3376,13,3,0,54016,997CACA3,0,,tiles/pagina_13/tile_3376.png
3377,13,3,1,54032,6D7206E6,0,,tiles/pagina_13/tile_3377.png
3378,13,3,2,54048,1C9F4512,0,,tiles/pagina_13/tile_3378.png
3379,13,3,3,54064,E1F70609,0,,tiles/pagina_13/tile_3379.png
3380,13,3,4,54080,5CCE06B8,0,,tiles/pagina_13/tile_3380.png
3381,13,3,5,54096,561630C5,0,,tiles/pagina_13/tile_3381.png
3382,13,3,6,54112,124EDF49,0,,tiles/pagina_13/tile_3382.png
3383,13,3,7,54128,DB662C2B,0,,tiles/pagina_13/tile_3383.png
3384,13,3,8,54144,DEAC4245,0,,tiles/pagina_13/tile_3384.png
3385,13,3,9,54160,71C5F8AB,0,,tiles/pagina_13/tile_3385.png
3386,13,3,10,54176,5382BAA0,0,,tiles/pagina_13/tile_3386.png
3387,13,3,11,54192,4361206F,0,,tiles/pagina_13/tile_3387.png
3388,13,3,12,54208,A7DE7295,0,,tiles/pagina_13/tile_3388.png
3389,13,3,13,54224,7C01790D,0,,tiles/pagina_13/tile_3389.png
3390,13,3,14,54240,76F05093,0,,tiles/pagina_13/tile_3390.png
3391,13,3,15,54256,4F7D99FD,0,,tiles/pagina_13/tile_3391.png
3392,13,4,0,54272,3DD667F7,0,,tiles/pagina_13/tile_3392.png
3393,13,4,1,54288,93E9426C,0,,tiles/pagina_13/tile_3393.png
3394,13,4,2,54304,D20902B9,0,,tiles/pagina_13/tile_3394.png
3395,13,4,3,54320,8515B75F,0,,tiles/pagina_13/tile_3395.png
3396,13,4,4,54336,12CFE96F,0,,tiles/pagina_13/tile_3396.png
3397,13,4,5,54352,C22FDB67,0,,tiles/pagina_13/tile_3397.png
3398,13,4,6,54368,BE97AC5F,0,,tiles/pagina_13/tile_3398.png
3399,13,4,7,54384,6794FBA3,0,,tiles/pagina_13/tile_3399.png
3400,13,4,8,54400,4AA85BA8,0,,tiles/pagina_13/tile_3400.png
3401,13,4,9,54416,33F0E911,0,,tiles/pagina_13/tile_3401.png
3402,13,4,10,54432,849B3DFA,0,,tiles/pagina_13/tile_3402.png
3403,13,4,11,54448,947729D9,0,,tiles/pagina_13/tile_3403.png
3404,13,4,12,54464,0917ED85,0,,tiles/pagina_13/tile_3404.png
3405,13,4,13,54480,2A0D6505,0,,tiles/pagina_13/tile_3405.png
3406,13,4,14,54496,24409163,0,,tiles/pagina_13/tile_3406.png
3407,13,4,15,54512,53EE1985,0,,tiles/pagina_13/tile_3407.png
3408,13,5,0,54528,CBFC40FF,0,,tiles/pagina_13/tile_3408.png
3409,13,5,1,54544,6FE4A655,0,,tiles/pagina_13/tile_3409.png
3410,13,5,2,54560,53EE1985,0,3407,tiles/pagina_13/tile_3410.png
3411,13,5,3,54576,4C5DC54E,0,,tiles/pagina_13/tile_3411.png
3412,13,5,4,54592,4D57C057,0,,tiles/pagina_13/tile_3412.png
3413,13,5,5,54608,53EE1985,0,3407,tiles/pagina_13/tile_3413.png
3414,13,5,6,54624,560F6AE5,0,,tiles/pagina_13/tile_3414.png
3415,13,5,7,54640,EEB0F0B5,0,,tiles/pagina_13/tile_3415.png
3416,13,5,8,54656,D63328D2,0,,tiles/pagina_13/tile_3416.png
3417,13,5,9,54672,3BA7F885,0,,tiles/pagina_13/tile_3417.png
3418,13,5,10,54688,C1A0E4DF,0,627,tiles/pagina_13/tile_3418.png
3419,13,5,11,54704,0110A183,0,,tiles/pagina_13/tile_3419.png
3420,13,5,12,54720,6870688F,0,,tiles/pagina_13/tile_3420.png
3421,13,5,13,54736,D9DBB1E5,0,,tiles/pagina_13/tile_3421.png
3422,13,5,14,54752,BEFD2077,0,,tiles/pagina_13/tile_3422.png
3423,13,5,15,54768,BEFD2077,0,3422,tiles/pagina_13/tile_3423.png
3424,13,6,0,54784,4B921708,0,,tiles/pagina_13/tile_3424.png
3425,13,6,1,54800,ACBD1188,0,,tiles/pagina_13/tile_3425.png
3426,13,6,2,54816,928DB9CF,0,,tiles/pagina_13/tile_3426.png
3427,13,6,3,54832,51F62A3F,0,,tiles/pagina_13/tile_3427.png
3428,13,6,4,54848,C66C8757,0,,tiles/pagina_13/tile_3428.png
3429,13,6,5,54864,C66C8757,0,3428,tiles/pagina_13/tile_3429.png
3430,13,6,6,54880,EFB9B1D3,0,,tiles/pagina_13/tile_3430.png
3431,13,6,7,54896,EFB9B1D3,0,3430,tiles/pagina_13/tile_3431.png
3432,13,6,8,54912,57EBECFD,0,,tiles/pagina_13/tile_3432.png
3433,13,6,9,54928,9073D97C,0,,tiles/pagina_13/tile_3433.png
3434,13,6,10,54944,57AF9F0C,0,,tiles/pagina_13/tile_3434.png
3435,13,6,11,54960,7C9376F6,0,,tiles/pagina_13/tile_3435.png
3436,13,6,12,54976,8E0049C3,0,,tiles/pagina_13/tile_3436.png
3437,13,6,13,54992,BC92A7C3,0,,tiles/pagina_13/tile_3437.png
3438,13,6,14,55008,858A72CC,0,,tiles/pagina_13/tile_3438.png
3439,13,6,15,55024,3AD7BFCB,0,,tiles/pagina_13/tile_3439.png
3440,13,7,0,55040,F183626D,0,,tiles/pagina_13/tile_3440.png
3441,13,7,1,55056,9AD24E05,0,,tiles/pagina_13/tile_3441.png
3442,13,7,2,55072,14FF01F5,0,,tiles/pagina_13/tile_3442.png
3443,13,7,3,55088,14FF01F5,0,3442,tiles/pagina_13/tile_3443.png
3444,13,7,4,55104,16A3957D,0,,tiles/pagina_13/tile_3444.png
3445,13,7,5,55120,16A3957D,0,3444,tiles/pagina_13/tile_3445.png
3446,13,7,6,55136,936A5BA0,0,,tiles/pagina_13/tile_3446.png
3447,13,7,7,55152,936A5BA0,0,3446,tiles/pagina_13/tile_3447.png
3448,13,7,8,55168,DE61B2BD,0,,tiles/pagina_13/tile_3448.png
3449,13,7,9,55184,A2627D35,0,,tiles/pagina_13/tile_3449.png
3450,13,7,10,55200,53EE1985,0,3407,tiles/pagina_13/tile_3450.png
3451,13,7,11,55216,53EE1985,0,3407,tiles/pagina_13/tile_3451.png
3452,13,7,12,55232,DFD1BCA4,0,,tiles/pagina_13/tile_3452.png
3453,13,7,13,55248,43DE5A42,0,,tiles/pagina_13/tile_3453.png
3454,13,7,14,55264,D10C5A03,0,,tiles/pagina_13/tile_3454.png
3455,13,7,15,55280,9EE947C7,0,,tiles/pagina_13/tile_3455.png
3456,13,8,0,55296,53202FC3,0,,tiles/pagina_13/tile_3456.png
3457,13,8,1,55312,DE82F4BD,0,,tiles/pagina_13/tile_3457.png
3458,13,8,2,55328,DA00DDC3,0,,tiles/pagina_13/tile_3458.png
3459,13,8,3,55344,CC19FDC3,0,,tiles/pagina_13/tile_3459.png
3460,13,8,4,55360,EB0F70D6,0,,tiles/pagina_13/tile_3460.png
3461,13,8,5,55376,D138F9AE,0,,tiles/pagina_13/tile_3461.png
3462,13,8,6,55392,E0F61A45,0,,tiles/pagina_13/tile_3462.png
3463,13,8,7,55408,AB69A4FD,0,,tiles/pagina_13/tile_3463.png
3464,13,8,8,55424,86FABA11,0,,tiles/pagina_13/tile_3464.png
3465,13,8,9,55440,2D630F1C,0,,tiles/pagina_13/tile_3465.png
3466,13,8,10,55456,3D626E8B,0,,tiles/pagina_13/tile_3466.png
3467,13,8,11,55472,106DE634,0,,tiles/pagina_13/tile_3467.png
3468,13,8,12,55488,61F8413B,0,,tiles/pagina_13/tile_3468.png
3469,13,8,13,55504,E18402F7,0,,tiles/pagina_13/tile_3469.png
3470,13,8,14,55520,4C97DF4B,0,,tiles/pagina_13/tile_3470.png
3471,13,8,15,55536,B7569074,0,,tiles/pagina_13/tile_3471.png
3472,13,9,0,55552,85FAB87E,0,,tiles/pagina_13/tile_3472.png
3473,13,9,1,55568,FF32C799,0,,tiles/pagina_13/tile_3473.png
3474,13,9,2,55584,3D626E8B,0,3466,tiles/pagina_13/tile_3474.png
3475,13,9,3,55600,812FC3B4,0,,tiles/pagina_13/tile_3475.png
3476,13,9,4,55616,8DB7EFAB,0,,tiles/pagina_13/tile_3476.png
3477,13,9,5,55632,952CDB39,0,,tiles/pagina_13/tile_3477.png
3478,13,9,6,55648,53D9486C,0,,tiles/pagina_13/tile_3478.png
3479,13,9,7,55664,64CE6503,0,,tiles/pagina_13/tile_3479.png
3480,13,9,8,55680,92E7CBCD,0,,tiles/pagina_13/tile_3480.png
3481,13,9,9,55696,B0BBBC9C,0,,tiles/pagina_13/tile_3481.png
3482,13,9,10,55712,6B0D2D71,0,,tiles/pagina_13/tile_3482.png
3483,13,9,11,55728,64CE6503,0,3479,tiles/pagina_13/tile_3483.png
3484,13,9,12,55744,C1D32CEE,0,,tiles/pagina_13/tile_3484.png
3485,13,9,13,55760,7AE67F28,0,,tiles/pagina_13/tile_3485.png
3486,13,9,14,55776,6175810E,0,,tiles/pagina_13/tile_3486.png
3487,13,9,15,55792,433DAFE0,0,,tiles/pagina_13/tile_3487.png
3488,13,10,0,55808,B1857D2D,0,,tiles/pagina_13/tile_3488.png
3489,13,10,1,55824,12D46C2D,0,,tiles/pagina_13/tile_3489.png
3490,13,10,2,55840,FAB358FA,0,,tiles/pagina_13/tile_3490.png
3491,13,10,3,55856,848209EC,0,,tiles/pagina_13/tile_3491.png
3492,13,10,4,55872,6FCF054E,0,,tiles/pagina_13/tile_3492.png
3493,13,10,5,55888,8C84C7FD,0,,tiles/pagina_13/tile_3493.png
3494,13,10,6,55904,857BFF93,0,,tiles/pagina_13/tile_3494.png
3495,13,10,7,55920,0BE7066B,0,,tiles/pagina_13/tile_3495.png
3496,13,10,8,55936,7BB8C597,0,,tiles/pagina_13/tile_3496.png
3497,13,10,9,55952,A8297C81,0,,tiles/pagina_13/tile_3497.png
3498,13,10,10,55968,BC88CFB0,0,,tiles/pagina_13/tile_3498.png
3499,13,10,11,55984,29E20531,0,,tiles/pagina_13/tile_3499.png
3500,13,10,12,56000,AE16A9EB,0,,tiles/pagina_13/tile_3500.png
3501,13,10,13,56016,B24D4DC0,0,,tiles/pagina_13/tile_3501.png
3502,13,10,14,56032,0C7052ED,0,,tiles/pagina_13/tile_3502.png
3503,13,10,15,56048,9A69B635,0,,tiles/pagina_13/tile_3503.png
3504,13,11,0,56064,B0EC7725,0,,tiles/pagina_13/tile_3504.png
3505,13,11,1,56080,A8F6B9A5,0,,tiles/pagina_13/tile_3505.png
3506,13,11,2,56096,A9405EBB,0,,tiles/pagina_13/tile_3506.png
3507,13,11,3,56112,8054BB36,0,,tiles/pagina_13/tile_3507.png
3508,13,11,4,56128,A98288BB,0,,tiles/pagina_13/tile_3508.png
3509,13,11,5,56144,C34E4D74,0,,tiles/pagina_13/tile_3509.png
3510,13,11,6,56160,660000C7,0,,tiles/pagina_13/tile_3510.png
3511,13,11,7,56176,6264BEB5,0,,tiles/pagina_13/tile_3511.png
3512,13,11,8,56192,DA01C5D2,0,2821,tiles/pagina_13/tile_3512.png
3513,13,11,9,56208,91287DCE,0,,tiles/pagina_13/tile_3513.png
3514,13,11,10,56224,C1D32CEE,0,3484,tiles/pagina_13/tile_3514.png
3515,13,11,11,56240,804EB594,0,,tiles/pagina_13/tile_3515.png
3516,13,11,12,56256,8FB8B909,0,,tiles/pagina_13/tile_3516.png
3517,13,11,13,56272,C21905C9,0,,tiles/pagina_13/tile_3517.png
3518,13,11,14,56288,8FB8B909,0,3516,tiles/pagina_13/tile_3518.png
3519,13,11,15,56304,58A10959,0,,tiles/pagina_13/tile_3519.png
3520,13,12,0,56320,03DFF075,0,,tiles/pagina_13/tile_3520.png
3521,13,12,1,56336,26A6C2D7,0,,tiles/pagina_13/tile_3521.png
3522,13,12,2,56352,69EAD1D8,0,,tiles/pagina_13/tile_3522.png
3523,13,12,3,56368,122221DF,0,,tiles/pagina_13/tile_3523.png
3524,13,12,4,56384,19CB6EDB,0,,tiles/pagina_13/tile_3524.png
3525,13,12,5,56400,367CC729,0,,tiles/pagina_13/tile_3525.png
3526,13,12,6,56416,AF2D45AE,0,,tiles/pagina_13/tile_3526.png
3527,13,12,7,56432,DDBC9C14,0,,tiles/pagina_13/tile_3527.png
3528,13,12,8,56448,B2CF74E5,0,,tiles/pagina_13/tile_3528.png
3529,13,12,9,56464,F4A9B4D5,0,,tiles/pagina_13/tile_3529.png
3530,13,12,10,56480,CE6F4DA9,0,,tiles/pagina_13/tile_3530.png
3531,13,12,11,56496,4EAF87B1,0,,tiles/pagina_13/tile_3531.png
3532,13,12,12,56512,81B02899,0,,tiles/pagina_13/tile_3532.png
3533,13,12,13,56528,8D6D28B5,0,,tiles/pagina_13/tile_3533.png
3534,13,12,14,56544,DF4A31C5,0,,tiles/pagina_13/tile_3534.png
3535,13,12,15,56560,EAC5D499,0,,tiles/pagina_13/tile_3535.png
3536,13,13,0,56576,A2E60DC5,0,,tiles/pagina_13/tile_3536.png
3537,13,13,1,56592,300EEAB5,0,,tiles/pagina_13/tile_3537.png
3538,13,13,2,56608,23EEB1E5,0,,tiles/pagina_13/tile_3538.png
3539,13,13,3,56624,864CB89D,0,,tiles/pagina_13/tile_3539.png
3540,13,13,4,56640,E1811455,0,,tiles/pagina_13/tile_3540.png
3541,13,13,5,56656,67D73485,0,,tiles/pagina_13/tile_3541.png
3542,13,13,6,56672,B2419F2B,0,1238,tiles/pagina_13/tile_3542.png
3543,13,13,7,56688,1F5DA557,0,1239,tiles/pagina_13/tile_3543.png
3544,13,13,8,56704,B9BE4931,0,,tiles/pagina_13/tile_3544.png
3545,13,13,9,56720,22BA4BEB,0,,tiles/pagina_13/tile_3545.png
3546,13,13,10,56736,49EA5B0D,0,,tiles/pagina_13/tile_3546.png
3547,13,13,11,56752,789FD075,0,,tiles/pagina_13/tile_3547.png
3548,13,13,12,56768,C1874205,0,,tiles/pagina_13/tile_3548.png
3549,13,13,13,56784,12AE3DF5,0,,tiles/pagina_13/tile_3549.png
3550,13,13,14,56800,6FB58E25,0,,tiles/pagina_13/tile_3550.png
3551,13,13,15,56816,62982F65,0,,tiles/pagina_13/tile_3551.png
3552,13,14,0,56832,2AF03411,0,,tiles/pagina_13/tile_3552.png
3553,13,14,1,56848,0BA7A22E,0,,tiles/pagina_13/tile_3553.png
3554,13,14,2,56864,407F5CF1,0,,tiles/pagina_13/tile_3554.png
3555,13,14,3,56880,117B6CE5,0,,tiles/pagina_13/tile_3555.png
3556,13,14,4,56896,5BE1C0E5,0,,tiles/pagina_13/tile_3556.png
3557,13,14,5,56912,2F33CEBB,0,,tiles/pagina_13/tile_3557.png
3558,13,14,6,56928,F4B0342D,0,,tiles/pagina_13/tile_3558.png
3559,13,14,7,56944,F4B0342D,0,3558,tiles/pagina_13/tile_3559.png
3560,13,14,8,56960,4A5B9E25,0,,tiles/pagina_13/tile_3560.png
3561,13,14,9,56976,E47AAFA5,0,123,tiles/pagina_13/tile_3561.png
3562,13,14,10,56992,C83F4337,0,,tiles/pagina_13/tile_3562.png
3563,13,14,11,57008,AD1B5D91,0,,tiles/pagina_13/tile_3563.png
3564,13,14,12,57024,9B922EB1,0,,tiles/pagina_13/tile_3564.png
3565,13,14,13,57040,9282C4EF,0,,tiles/pagina_13/tile_3565.png
3566,13,14,14,57056,D9F5A09C,0,,tiles/pagina_13/tile_3566.png
3567,13,14,15,57072,AAC6B5C6,0,,tiles/pagina_13/tile_3567.png
3568,13,15,0,57088,AE89D4F5,0,,tiles/pagina_13/tile_3568.png
3569,13,15,1,57104,31376D25,0,,tiles/pagina_13/tile_3569.png
3570,13,15,2,57120,708D8B25,0,,tiles/pagina_13/tile_3570.png
3571,13,15,3,57136,E47AAFA5,0,123,tiles/pagina_13/tile_3571.png
3572,13,15,4,57152,669756C8,0,,tiles/pagina_13/tile_3572.png
3573,13,15,5,57168,EFBC0611,0,,tiles/pagina_13/tile_3573.png
3574,13,15,6,57184,77411D65,0,,tiles/pagina_13/tile_3574.png
3575,13,15,7,57200,7A0DFB2D,0,,tiles/pagina_13/tile_3575.png
3576,13,15,8,57216,CD429AB9,0,,tiles/pagina_13/tile_3576.png
3577,13,15,9,57232,332CB0BD,0,,tiles/pagina_13/tile_3577.png
3578,13,15,10,57248,DD30E475,0,,tiles/pagina_13/tile_3578.png
3579,13,15,11,57264,03996E75,0,,tiles/pagina_13/tile_3579.png
3580,13,15,12,57280,938F61C5,0,,tiles/pagina_13/tile_3580.png
3581,13,15,13,57296,8C2575D5,0,,tiles/pagina_13/tile_3581.png
3582,13,15,14,57312,D1F8AB5D,0,,tiles/pagina_13/tile_3582.png
3583,13,15,15,57328,C7AE9255,0,,tiles/pagina_13/tile_3583.png
3584,14,0,0,57344,E6D1BE6F,0,,tiles/pagina_14/tile_3584.png
3585,14,0,1,57360,3029E85D,0,,tiles/pagina_14/tile_3585.png
3586,14,0,2,57376,E708DAC0,0,,tiles/pagina_14/tile_3586.png
3587,14,0,3,57392,576A8B03,0,,tiles/pagina_14/tile_3587.png
3588,14,0,4,57408,7C9B8265,0,528,tiles/pagina_14/tile_3588.png
3589,14,0,5,57424,69691905,1,22,tiles/pagina_14/tile_3589.png
3590,14,0,6,57440,69691905,1,22,tiles/pagina_14/tile_3590.png
3591,14,0,7,57456,69691905,1,22,tiles/pagina_14/tile_3591.png
3592,14,0,8,57472,69691905,1,22,tiles/pagina_14/tile_3592.png
3593,14,0,9,57488,38864632,0,529,tiles/pagina_14/tile_3593.png
3594,14,0,10,57504,0B516D5D,0,,tiles/pagina_14/tile_3594.png
3595,14,0,11,57520,0E34369A,0,,tiles/pagina_14/tile_3595.png
3596,14,0,12,57536,74B2BA8D,0,,tiles/pagina_14/tile_3596.png
3597,14,0,13,57552,FCC86DBC,0,,tiles/pagina_14/tile_3597.png
3598,14,0,14,57568,4E78B684,0,,tiles/pagina_14/tile_3598.png
3599,14,0,15,57584,B3B0687A,0,,tiles/pagina_14/tile_3599.png
3600,14,1,0,57600,2FFC48F3,0,,tiles/pagina_14/tile_3600.png
3601,14,1,1,57616,74650759,0,,tiles/pagina_14/tile_3601.png
3602,14,1,2,57632,1CD86CFD,0,,tiles/pagina_14/tile_3602.png
3603,14,1,3,57648,3B8DA3C9,0,,tiles/pagina_14/tile_3603.png
3604,14,1,4,57664,076E6358,0,,tiles/pagina_14/tile_3604.png
3605,14,1,5,57680,F1B02534,0,,tiles/pagina_14/tile_3605.png
3606,14,1,6,57696,7B60D36E,0,,tiles/pagina_14/tile_3606.png
3607,14,1,7,57712,6925D1B9,0,,tiles/pagina_14/tile_3607.png
3608,14,1,8,57728,13C58C60,0,,tiles/pagina_14/tile_3608.png
3609,14,1,9,57744,0AEC19B0,0,,tiles/pagina_14/tile_3609.png
3610,14,1,10,57760,DA490E3D,0,,tiles/pagina_14/tile_3610.png
3611,14,1,11,57776,08500CD2,0,2612,tiles/pagina_14/tile_3611.png
3612,14,1,12,57792,1DE5BBF0,0,,tiles/pagina_14/tile_3612.png
3613,14,1,13,57808,16BBA47D,0,,tiles/pagina_14/tile_3613.png
3614,14,1,14,57824,DE1089BF,0,,tiles/pagina_14/tile_3614.png
3615,14,1,15,57840,ABFDAC1D,0,,tiles/pagina_14/tile_3615.png
3616,14,2,0,57856,4BB28E78,0,,tiles/pagina_14/tile_3616.png
3617,14,2,1,57872,A9D2879B,0,,tiles/pagina_14/tile_3617.png
3618,14,2,2,57888,E4B4589D,0,,tiles/pagina_14/tile_3618.png
3619,14,2,3,57904,EE5FBD68,0,,tiles/pagina_14/tile_3619.png
3620,14,2,4,57920,3BA7F885,0,3417,tiles/pagina_14/tile_3620.png
3621,14,2,5,57936,BF9F361F,0,548,tiles/pagina_14/tile_3621.png
3622,14,2,6,57952,EDEA8EB8,0,569,tiles/pagina_14/tile_3622.png
3623,14,2,7,57968,8F7B08FD,0,,tiles/pagina_14/tile_3623.png
3624,14,2,8,57984,5F80D0D2,0,,tiles/pagina_14/tile_3624.png
3625,14,2,9,58000,815468E2,0,,tiles/pagina_14/tile_3625.png
3626,14,2,10,58016,7DA12DFF,0,,tiles/pagina_14/tile_3626.png
3627,14,2,11,58032,CB6D9940,0,2622,tiles/pagina_14/tile_3627.png
3628,14,2,12,58048,43E94D05,0,,tiles/pagina_14/tile_3628.png
3629,14,2,13,58064,FDCC1D8F,0,,tiles/pagina_14/tile_3629.png
3630,14,2,14,58080,E8108AD8,0,,tiles/pagina_14/tile_3630.png
3631,14,2,15,58096,8C9A2BE4,0,,tiles/pagina_14/tile_3631.png
3632,14,3,0,58112,9C4CB5A4,0,,tiles/pagina_14/tile_3632.png
3633,14,3,1,58128,56CA6E20,0,,tiles/pagina_14/tile_3633.png
3634,14,3,2,58144,23E1B407,0,,tiles/pagina_14/tile_3634.png
3635,14,3,3,58160,783ACFD9,0,,tiles/pagina_14/tile_3635.png
3636,14,3,4,58176,8EC155E2,0,,tiles/pagina_14/tile_3636.png
3637,14,3,5,58192,D8386F52,0,,tiles/pagina_14/tile_3637.png
3638,14,3,6,58208,DC24A158,0,,tiles/pagina_14/tile_3638.png
3639,14,3,7,58224,D17BB0EB,0,,tiles/pagina_14/tile_3639.png
3640,14,3,8,58240,58DF2ADD,0,,tiles/pagina_14/tile_3640.png
3641,14,3,9,58256,671072DD,0,,tiles/pagina_14/tile_3641.png
3642,14,3,10,58272,B889BB60,0,,tiles/pagina_14/tile_3642.png
3643,14,3,11,58288,B3FB8DCA,0,,tiles/pagina_14/tile_3643.png
3644,14,3,12,58304,77EB5205,0,,tiles/pagina_14/tile_3644.png
3645,14,3,13,58320,9854B870,0,,tiles/pagina_14/tile_3645.png
3646,14,3,14,58336,738CA9A5,0,,tiles/pagina_14/tile_3646.png
3647,14,3,15,58352,A70ECDD6,0,,tiles/pagina_14/tile_3647.png
3648,14,4,0,58368,B09CB091,0,624,tiles/pagina_14/tile_3648.png
3649,14,4,1,58384,27DA335B,0,625,tiles/pagina_14/tile_3649.png
3650,14,4,2,58400,A1B82622,0,626,tiles/pagina_14/tile_3650.png
3651,14,4,3,58416,C1A0E4DF,0,627,tiles/pagina_14/tile_3651.png
3652,14,4,4,58432,2A2FA840,0,,tiles/pagina_14/tile_3652.png
3653,14,4,5,58448,89004FF6,0,,tiles/pagina_14/tile_3653.png
3654,14,4,6,58464,0D295DB8,0,,tiles/pagina_14/tile_3654.png
3655,14,4,7,58480,93C1D6EC,0,,tiles/pagina_14/tile_3655.png
3656,14,4,8,58496,160238CE,0,,tiles/pagina_14/tile_3656.png
3657,14,4,9,58512,57B970F0,0,,tiles/pagina_14/tile_3657.png
3658,14,4,10,58528,30F2BD41,0,,tiles/pagina_14/tile_3658.png
3659,14,4,11,58544,38D26F79,0,,tiles/pagina_14/tile_3659.png
3660,14,4,12,58560,FB94B017,0,,tiles/pagina_14/tile_3660.png
3661,14,4,13,58576,90D75A05,0,,tiles/pagina_14/tile_3661.png
3662,14,4,14,58592,7A6B725F,0,,tiles/pagina_14/tile_3662.png
3663,14,4,15,58608,34FAECFD,0,,tiles/pagina_14/tile_3663.png
3664,14,5,0,58624,494AE044,0,628,tiles/pagina_14/tile_3664.png
3665,14,5,1,58640,F3B3BD46,0,629,tiles/pagina_14/tile_3665.png
3666,14,5,2,58656,65090DDC,0,630,tiles/pagina_14/tile_3666.png
3667,14,5,3,58672,8D3B3653,0,631,tiles/pagina_14/tile_3667.png
3668,14,5,4,58688,1142E48F,0,,tiles/pagina_14/tile_3668.png
3669,14,5,5,58704,FF07D85B,0,,tiles/pagina_14/tile_3669.png
3670,14,5,6,58720,9C495A29,0,,tiles/pagina_14/tile_3670.png
3671,14,5,7,58736,36A6DC91,0,,tiles/pagina_14/tile_3671.png
3672,14,5,8,58752,AD4B1371,0,,tiles/pagina_14/tile_3672.png
3673,14,5,9,58768,5F5ACC19,0,,tiles/pagina_14/tile_3673.png
3674,14,5,10,58784,DF030F65,0,,tiles/pagina_14/tile_3674.png
3675,14,5,11,58800,5CB0952D,0,,tiles/pagina_14/tile_3675.png
3676,14,5,12,58816,4B5838A3,0,,tiles/pagina_14/tile_3676.png
3677,14,5,13,58832,3E12B139,0,,tiles/pagina_14/tile_3677.png
3678,14,5,14,58848,09E860A1,0,568,tiles/pagina_14/tile_3678.png
3679,14,5,15,58864,532AE15D,0,575,tiles/pagina_14/tile_3679.png
3680,14,6,0,58880,6345A4AD,0,,tiles/pagina_14/tile_3680.png
3681,14,6,1,58896,E189748A,0,,tiles/pagina_14/tile_3681.png
3682,14,6,2,58912,B3D7A373,0,,tiles/pagina_14/tile_3682.png
3683,14,6,3,58928,037F4255,0,,tiles/pagina_14/tile_3683.png
3684,14,6,4,58944,EF11A2A1,0,,tiles/pagina_14/tile_3684.png
3685,14,6,5,58960,C1DC8E0F,0,,tiles/pagina_14/tile_3685.png
3686,14,6,6,58976,49978B11,0,,tiles/pagina_14/tile_3686.png
3687,14,6,7,58992,74077557,0,,tiles/pagina_14/tile_3687.png
3688,14,6,8,59008,20157C19,0,,tiles/pagina_14/tile_3688.png
3689,14,6,9,59024,3371375D,0,,tiles/pagina_14/tile_3689.png
3690,14,6,10,59040,C3F4C4F1,0,,tiles/pagina_14/tile_3690.png
3691,14,6,11,59056,B3AB25D5,0,,tiles/pagina_14/tile_3691.png
3692,14,6,12,59072,2E54A5A5,0,,tiles/pagina_14/tile_3692.png
3693,14,6,13,59088,C309620D,0,546,tiles/pagina_14/tile_3693.png
3694,14,6,14,59104,AABDDE3D,0,,tiles/pagina_14/tile_3694.png
3695,14,6,15,59120,DCFBCBD5,0,,tiles/pagina_14/tile_3695.png
3696,14,7,0,59136,CEE60921,0,632,tiles/pagina_14/tile_3696.png
3697,14,7,1,59152,C0285EB9,0,633,tiles/pagina_14/tile_3697.png
3698,14,7,2,59168,38C77781,0,634,tiles/pagina_14/tile_3698.png
3699,14,7,3,59184,671A7DD5,0,635,tiles/pagina_14/tile_3699.png
3700,14,7,4,59200,E55F8AA6,0,,tiles/pagina_14/tile_3700.png
3701,14,7,5,59216,C8C381C9,0,,tiles/pagina_14/tile_3701.png
3702,14,7,6,59232,742AAB74,0,,tiles/pagina_14/tile_3702.png
3703,14,7,7,59248,59F3E86F,0,,tiles/pagina_14/tile_3703.png
3704,14,7,8,59264,1D4C02FD,0,,tiles/pagina_14/tile_3704.png
3705,14,7,9,59280,B591AF62,0,,tiles/pagina_14/tile_3705.png
3706,14,7,10,59296,FBB95FBA,0,,tiles/pagina_14/tile_3706.png
3707,14,7,11,59312,A4F3DB97,0,,tiles/pagina_14/tile_3707.png
3708,14,7,12,59328,2E54A5A5,0,3692,tiles/pagina_14/tile_3708.png
3709,14,7,13,59344,239DE901,0,544,tiles/pagina_14/tile_3709.png
3710,14,7,14,59360,770935B1,0,574,tiles/pagina_14/tile_3710.png
3711,14,7,15,59376,72BF982D,0,545,tiles/pagina_14/tile_3711.png
3712,14,8,0,59392,69691905,1,22,tiles/pagina_14/tile_3712.png
3713,14,8,1,59408,8E940A38,0,,tiles/pagina_14/tile_3713.png
3714,14,8,2,59424,69691905,1,22,tiles/pagina_14/tile_3714.png
3715,14,8,3,59440,6E43194D,0,,tiles/pagina_14/tile_3715.png
3716,14,8,4,59456,69691905,1,22,tiles/pagina_14/tile_3716.png
3717,14,8,5,59472,A90EDE3D,0,,tiles/pagina_14/tile_3717.png
3718,14,8,6,59488,04C04579,0,,tiles/pagina_14/tile_3718.png
3719,14,8,7,59504,34B10CF9,0,,tiles/pagina_14/tile_3719.png
3720,14,8,8,59520,D597CD7C,0,,tiles/pagina_14/tile_3720.png
3721,14,8,9,59536,8BFDC6B7,0,,tiles/pagina_14/tile_3721.png
3722,14,8,10,59552,400ACA2F,0,,tiles/pagina_14/tile_3722.png
3723,14,8,11,59568,C21A5FBE,0,,tiles/pagina_14/tile_3723.png
3724,14,8,12,59584,69691905,1,22,tiles/pagina_14/tile_3724.png
3725,14,8,13,59600,52C6A3FD,0,,tiles/pagina_14/tile_3725.png
3726,14,8,14,59616,1F42ADB9,0,,tiles/pagina_14/tile_3726.png
3727,14,8,15,59632,69691905,1,22,tiles/pagina_14/tile_3727.png
3728,14,9,0,59648,1916BF11,0,,tiles/pagina_14/tile_3728.png
3729,14,9,1,59664,304FD4B5,0,,tiles/pagina_14/tile_3729.png
3730,14,9,2,59680,BB1A7F93,0,,tiles/pagina_14/tile_3730.png
3731,14,9,3,59696,EBF7A5BD,0,,tiles/pagina_14/tile_3731.png
3732,14,9,4,59712,B1F4197D,0,,tiles/pagina_14/tile_3732.png
3733,14,9,5,59728,142AF5C7,0,,tiles/pagina_14/tile_3733.png
3734,14,9,6,59744,1F42ADB9,0,3726,tiles/pagina_14/tile_3734.png
3735,14,9,7,59760,22C1D142,0,,tiles/pagina_14/tile_3735.png
3736,14,9,8,59776,230ED8A5,0,,tiles/pagina_14/tile_3736.png
3737,14,9,9,59792,490EF23D,0,,tiles/pagina_14/tile_3737.png
3738,14,9,10,59808,BB1A7F93,0,3730,tiles/pagina_14/tile_3738.png
3739,14,9,11,59824,47E09E0D,0,,tiles/pagina_14/tile_3739.png
3740,14,9,12,59840,ADF41331,0,,tiles/pagina_14/tile_3740.png
3741,14,9,13,59856,75321945,0,,tiles/pagina_14/tile_3741.png
3742,14,9,14,59872,69691905,1,22,tiles/pagina_14/tile_3742.png
3743,14,9,15,59888,781E7A35,0,,tiles/pagina_14/tile_3743.png
3744,14,10,0,59904,69691905,1,22,tiles/pagina_14/tile_3744.png
3745,14,10,1,59920,D90E8B59,0,,tiles/pagina_14/tile_3745.png
3746,14,10,2,59936,69691905,1,22,tiles/pagina_14/tile_3746.png
3747,14,10,3,59952,384255ED,0,,tiles/pagina_14/tile_3747.png
3748,14,10,4,59968,69691905,1,22,tiles/pagina_14/tile_3748.png
3749,14,10,5,59984,B51289A5,0,,tiles/pagina_14/tile_3749.png
3750,14,10,6,60000,9D6DBEC7,0,,tiles/pagina_14/tile_3750.png
3751,14,10,7,60016,0D27A299,0,2811,tiles/pagina_14/tile_3751.png
3752,14,10,8,60032,A46B29A1,0,,tiles/pagina_14/tile_3752.png
3753,14,10,9,60048,E0B77B77,0,,tiles/pagina_14/tile_3753.png
3754,14,10,10,60064,71EBD231,0,,tiles/pagina_14/tile_3754.png
3755,14,10,11,60080,C21A5FBE,0,3723,tiles/pagina_14/tile_3755.png
3756,14,10,12,60096,EF201FC5,0,,tiles/pagina_14/tile_3756.png
3757,14,10,13,60112,52C6A3FD,0,3725,tiles/pagina_14/tile_3757.png
3758,14,10,14,60128,69691905,1,22,tiles/pagina_14/tile_3758.png
3759,14,10,15,60144,F0678C8F,0,,tiles/pagina_14/tile_3759.png
3760,14,11,0,60160,69691905,1,22,tiles/pagina_14/tile_3760.png
3761,14,11,1,60176,A7D00C4D,0,,tiles/pagina_14/tile_3761.png
3762,14,11,2,60192,9D6DBEC7,0,3750,tiles/pagina_14/tile_3762.png
3763,14,11,3,60208,5683AB75,0,,tiles/pagina_14/tile_3763.png
3764,14,11,4,60224,D5B7F42A,0,,tiles/pagina_14/tile_3764.png
3765,14,11,5,60240,6B77D277,0,,tiles/pagina_14/tile_3765.png
3766,14,11,6,60256,9B393831,0,,tiles/pagina_14/tile_3766.png
3767,14,11,7,60272,C21A5FBE,0,3723,tiles/pagina_14/tile_3767.png
3768,14,11,8,60288,4840940D,0,,tiles/pagina_14/tile_3768.png
3769,14,11,9,60304,69691905,1,22,tiles/pagina_14/tile_3769.png
3770,14,11,10,60320,DFDAFE53,0,,tiles/pagina_14/tile_3770.png
3771,14,11,11,60336,B5E95B92,0,,tiles/pagina_14/tile_3771.png
3772,14,11,12,60352,4DD485FF,0,,tiles/pagina_14/tile_3772.png
3773,14,11,13,60368,41B364A9,0,,tiles/pagina_14/tile_3773.png
3774,14,11,14,60384,F3A69EB7,0,,tiles/pagina_14/tile_3774.png
3775,14,11,15,60400,0B1A15B7,0,,tiles/pagina_14/tile_3775.png
3776,14,12,0,60416,0D502C0F,0,,tiles/pagina_14/tile_3776.png
3777,14,12,1,60432,2C0E0886,0,,tiles/pagina_14/tile_3777.png
3778,14,12,2,60448,69691905,1,22,tiles/pagina_14/tile_3778.png
3779,14,12,3,60464,11A154CE,0,,tiles/pagina_14/tile_3779.png
3780,14,12,4,60480,063AD61E,0,,tiles/pagina_14/tile_3780.png
3781,14,12,5,60496,DB7A04DF,0,,tiles/pagina_14/tile_3781.png
3782,14,12,6,60512,9CC67AB7,0,,tiles/pagina_14/tile_3782.png
3783,14,12,7,60528,60744FE1,0,,tiles/pagina_14/tile_3783.png
3784,14,12,8,60544,5D45AADE,0,,tiles/pagina_14/tile_3784.png
3785,14,12,9,60560,2CC281F7,0,,tiles/pagina_14/tile_3785.png
3786,14,12,10,60576,B36B6904,0,,tiles/pagina_14/tile_3786.png
3787,14,12,11,60592,AD46850E,0,,tiles/pagina_14/tile_3787.png
3788,14,12,12,60608,B09C86D5,0,,tiles/pagina_14/tile_3788.png
3789,14,12,13,60624,188235F7,0,,tiles/pagina_14/tile_3789.png
3790,14,12,14,60640,69691905,1,22,tiles/pagina_14/tile_3790.png
3791,14,12,15,60656,D0D116FF,0,,tiles/pagina_14/tile_3791.png
3792,14,13,0,60672,69691905,1,22,tiles/pagina_14/tile_3792.png
3793,14,13,1,60688,CEB1B2A5,0,,tiles/pagina_14/tile_3793.png
3794,14,13,2,60704,F369210D,0,,tiles/pagina_14/tile_3794.png
3795,14,13,3,60720,1DC04DEE,0,,tiles/pagina_14/tile_3795.png
3796,14,13,4,60736,A6DF351B,0,,tiles/pagina_14/tile_3796.png
3797,14,13,5,60752,4D418F10,0,,tiles/pagina_14/tile_3797.png
3798,14,13,6,60768,B2419F2B,0,1238,tiles/pagina_14/tile_3798.png
3799,14,13,7,60784,1F5DA557,0,1239,tiles/pagina_14/tile_3799.png
3800,14,13,8,60800,919399A5,0,,tiles/pagina_14/tile_3800.png
3801,14,13,9,60816,46762065,0,,tiles/pagina_14/tile_3801.png
3802,14,13,10,60832,5D45AADE,0,3784,tiles/pagina_14/tile_3802.png
3803,14,13,11,60848,2CC281F7,0,3785,tiles/pagina_14/tile_3803.png
3804,14,13,12,60864,B36B6904,0,3786,tiles/pagina_14/tile_3804.png
3805,14,13,13,60880,B06D4ABA,0,,tiles/pagina_14/tile_3805.png
3806,14,13,14,60896,516B9C9B,0,,tiles/pagina_14/tile_3806.png
3807,14,13,15,60912,D85C2E5F,0,,tiles/pagina_14/tile_3807.png
3808,14,14,0,60928,05E4848D,0,,tiles/pagina_14/tile_3808.png
3809,14,14,1,60944,45B91CAD,0,,tiles/pagina_14/tile_3809.png
3810,14,14,2,60960,69691905,1,22,tiles/pagina_14/tile_3810.png
3811,14,14,3,60976,6AF56B29,0,,tiles/pagina_14/tile_3811.png
3812,14,14,4,60992,07A834E1,0,,tiles/pagina_14/tile_3812.png
3813,14,14,5,61008,8CC21022,0,,tiles/pagina_14/tile_3813.png
3814,14,14,6,61024,E158E09C,0,,tiles/pagina_14/tile_3814.png
3815,14,14,7,61040,B98726D5,0,,tiles/pagina_14/tile_3815.png
3816,14,14,8,61056,9CC67AB7,0,3782,tiles/pagina_14/tile_3816.png
3817,14,14,9,61072,E9E269E1,0,,tiles/pagina_14/tile_3817.png
3818,14,14,10,61088,70392349,0,,tiles/pagina_14/tile_3818.png
3819,14,14,11,61104,7345EBC5,0,,tiles/pagina_14/tile_3819.png
3820,14,14,12,61120,98174ECA,0,,tiles/pagina_14/tile_3820.png
3821,14,14,13,61136,B001E025,0,,tiles/pagina_14/tile_3821.png
3822,14,14,14,61152,625CE2B2,0,,tiles/pagina_14/tile_3822.png
3823,14,14,15,61168,D76C01EF,0,,tiles/pagina_14/tile_3823.png
3824,14,15,0,61184,337C03A4,0,,tiles/pagina_14/tile_3824.png
3825,14,15,1,61200,808C1F66,0,,tiles/pagina_14/tile_3825.png
3826,14,15,2,61216,DEAB7699,0,,tiles/pagina_14/tile_3826.png
3827,14,15,3,61232,3AC2EFD4,0,,tiles/pagina_14/tile_3827.png
3828,14,15,4,61248,0F1B54F8,0,,tiles/pagina_14/tile_3828.png
3829,14,15,5,61264,F91F2B6E,0,,tiles/pagina_14/tile_3829.png
3830,14,15,6,61280,0D502C0F,0,3776,tiles/pagina_14/tile_3830.png
3831,14,15,7,61296,9023FB79,0,,tiles/pagina_14/tile_3831.png
3832,14,15,8,61312,CF728D0F,0,,tiles/pagina_14/tile_3832.png
3833,14,15,9,61328,89C50BBC,0,,tiles/pagina_14/tile_3833.png
3834,14,15,10,61344,F71709EB,0,,tiles/pagina_14/tile_3834.png
3835,14,15,11,61360,EF141B0B,0,,tiles/pagina_14/tile_3835.png
3836,14,15,12,61376,6E705561,0,,tiles/pagina_14/tile_3836.png
3837,14,15,13,61392,E3279BF5,0,,tiles/pagina_14/tile_3837.png
3838,14,15,14,61408,472A727F,0,,tiles/pagina_14/tile_3838.png
3839,14,15,15,61424,578B2D95,0,,tiles/pagina_14/tile_3839.png
3840,15,0,0,61440,A3C70BD5,0,256,tiles/pagina_15/tile_3840.png
3841,15,0,1,61456,F94B1D4D,0,257,tiles/pagina_15/tile_3841.png
3842,15,0,2,61472,7E1ADA6B,0,258,tiles/pagina_15/tile_3842.png
3843,15,0,3,61488,BAE41D1D,0,259,tiles/pagina_15/tile_3843.png
3844,15,0,4,61504,A72A1241,0,260,tiles/pagina_15/tile_3844.png
3845,15,0,5,61520,3C05FA9B,0,261,tiles/pagina_15/tile_3845.png
3846,15,0,6,61536,43C11C91,0,262,tiles/pagina_15/tile_3846.png
3847,15,0,7,61552,EC1AE73D,0,263,tiles/pagina_15/tile_3847.png
3848,15,0,8,61568,FF5B0269,0,264,tiles/pagina_15/tile_3848.png
3849,15,0,9,61584,CF6D05A1,0,265,tiles/pagina_15/tile_3849.png
3850,15,0,10,61600,00A24940,0,266,tiles/pagina_15/tile_3850.png
3851,15,0,11,61616,DEE49CC6,0,267,tiles/pagina_15/tile_3851.png
3852,15,0,12,61632,9B630F35,0,268,tiles/pagina_15/tile_3852.png
3853,15,0,13,61648,3C86B725,0,269,tiles/pagina_15/tile_3853.png
3854,15,0,14,61664,57EEF641,0,270,tiles/pagina_15/tile_3854.png
3855,15,0,15,61680,7A4F3609,0,271,tiles/pagina_15/tile_3855.png
3856,15,1,0,61696,E88C6B06,0,272,tiles/pagina_15/tile_3856.png
3857,15,1,1,61712,7F9E1C87,0,273,tiles/pagina_15/tile_3857.png
3858,15,1,2,61728,29AA6CF9,0,274,tiles/pagina_15/tile_3858.png
3859,15,1,3,61744,6F176A25,0,275,tiles/pagina_15/tile_3859.png
3860,15,1,4,61760,C0A3D5D7,0,276,tiles/pagina_15/tile_3860.png
3861,15,1,5,61776,95F09F74,0,277,tiles/pagina_15/tile_3861.png
3862,15,1,6,61792,2EEFB6F3,0,278,tiles/pagina_15/tile_3862.png
3863,15,1,7,61808,6EEFD26E,0,279,tiles/pagina_15/tile_3863.png
3864,15,1,8,61824,69691905,1,22,tiles/pagina_15/tile_3864.png
3865,15,1,9,61840,E97FE7BA,0,281,tiles/pagina_15/tile_3865.png
3866,15,1,10,61856,69691905,1,22,tiles/pagina_15/tile_3866.png
3867,15,1,11,61872,49B9A33A,0,283,tiles/pagina_15/tile_3867.png
3868,15,1,12,61888,2F477443,0,284,tiles/pagina_15/tile_3868.png
3869,15,1,13,61904,59F3A75C,0,285,tiles/pagina_15/tile_3869.png
3870,15,1,14,61920,2ADA1F9C,0,286,tiles/pagina_15/tile_3870.png
3871,15,1,15,61936,028C45E1,0,287,tiles/pagina_15/tile_3871.png
3872,15,2,0,61952,69691905,1,22,tiles/pagina_15/tile_3872.png
3873,15,2,1,61968,CDF74181,0,289,tiles/pagina_15/tile_3873.png
3874,15,2,2,61984,69691905,1,22,tiles/pagina_15/tile_3874.png
3875,15,2,3,62000,3A49604A,0,291,tiles/pagina_15/tile_3875.png
3876,15,2,4,62016,92EE60E5,0,292,tiles/pagina_15/tile_3876.png
3877,15,2,5,62032,8E7D5EEF,0,293,tiles/pagina_15/tile_3877.png
3878,15,2,6,62048,0299540B,0,294,tiles/pagina_15/tile_3878.png
3879,15,2,7,62064,D2CF4765,0,295,tiles/pagina_15/tile_3879.png
3880,15,2,8,62080,69691905,1,22,tiles/pagina_15/tile_3880.png
3881,15,2,9,62096,07048D75,0,297,tiles/pagina_15/tile_3881.png
3882,15,2,10,62112,69691905,1,22,tiles/pagina_15/tile_3882.png
3883,15,2,11,62128,D4AE0EBA,0,299,tiles/pagina_15/tile_3883.png
3884,15,2,12,62144,69691905,1,22,tiles/pagina_15/tile_3884.png
3885,15,2,13,62160,AF2CB0BA,0,301,tiles/pagina_15/tile_3885.png
3886,15,2,14,62176,69691905,1,22,tiles/pagina_15/tile_3886.png
3887,15,2,15,62192,DAE7C539,0,303,tiles/pagina_15/tile_3887.png
3888,15,3,0,62208,69691905,1,22,tiles/pagina_15/tile_3888.png
3889,15,3,1,62224,69691905,1,22,tiles/pagina_15/tile_3889.png
3890,15,3,2,62240,18EF0375,0,,tiles/pagina_15/tile_3890.png
3891,15,3,3,62256,46358AAD,0,,tiles/pagina_15/tile_3891.png
3892,15,3,4,62272,1A96549D,0,308,tiles/pagina_15/tile_3892.png
3893,15,3,5,62288,F20ABAD5,0,309,tiles/pagina_15/tile_3893.png
3894,15,3,6,62304,4832647A,0,310,tiles/pagina_15/tile_3894.png
3895,15,3,7,62320,C715B158,0,311,tiles/pagina_15/tile_3895.png
3896,15,3,8,62336,0159C738,0,,tiles/pagina_15/tile_3896.png
3897,15,3,9,62352,EB858955,0,,tiles/pagina_15/tile_3897.png
3898,15,3,10,62368,FD99D4D9,0,,tiles/pagina_15/tile_3898.png
3899,15,3,11,62384,360779F5,0,112,tiles/pagina_15/tile_3899.png
3900,15,3,12,62400,6EF75CC8,0,,tiles/pagina_15/tile_3900.png
3901,15,3,13,62416,B7F89939,0,,tiles/pagina_15/tile_3901.png
3902,15,3,14,62432,C874736D,0,,tiles/pagina_15/tile_3902.png
3903,15,3,15,62448,28A48115,0,,tiles/pagina_15/tile_3903.png
3904,15,4,0,62464,2A7593F5,0,,tiles/pagina_15/tile_3904.png
3905,15,4,1,62480,FC22D57D,0,,tiles/pagina_15/tile_3905.png
3906,15,4,2,62496,EDB67F27,0,,tiles/pagina_15/tile_3906.png
3907,15,4,3,62512,D1A71ABA,0,,tiles/pagina_15/tile_3907.png
3908,15,4,4,62528,C2E9C9CD,0,,tiles/pagina_15/tile_3908.png
3909,15,4,5,62544,9B2C4791,0,,tiles/pagina_15/tile_3909.png
3910,15,4,6,62560,8A56E636,0,,tiles/pagina_15/tile_3910.png
3911,15,4,7,62576,69691905,1,22,tiles/pagina_15/tile_3911.png
3912,15,4,8,62592,ED3C0B08,0,,tiles/pagina_15/tile_3912.png
3913,15,4,9,62608,69691905,1,22,tiles/pagina_15/tile_3913.png
3914,15,4,10,62624,A0040912,0,,tiles/pagina_15/tile_3914.png
3915,15,4,11,62640,69691905,1,22,tiles/pagina_15/tile_3915.png
3916,15,4,12,62656,26B8325B,0,,tiles/pagina_15/tile_3916.png
3917,15,4,13,62672,C30718C3,0,,tiles/pagina_15/tile_3917.png
3918,15,4,14,62688,E54F48B1,0,,tiles/pagina_15/tile_3918.png
3919,15,4,15,62704,5959B416,0,,tiles/pagina_15/tile_3919.png
3920,15,5,0,62720,9E2E8EA4,0,,tiles/pagina_15/tile_3920.png
3921,15,5,1,62736,8AEEC086,0,,tiles/pagina_15/tile_3921.png
3922,15,5,2,62752,32B38FF1,0,,tiles/pagina_15/tile_3922.png
3923,15,5,3,62768,88433B85,0,,tiles/pagina_15/tile_3923.png
3924,15,5,4,62784,98B12308,0,,tiles/pagina_15/tile_3924.png
3925,15,5,5,62800,69691905,1,22,tiles/pagina_15/tile_3925.png
3926,15,5,6,62816,3790EE41,0,,tiles/pagina_15/tile_3926.png
3927,15,5,7,62832,69691905,1,22,tiles/pagina_15/tile_3927.png
3928,15,5,8,62848,26B8325B,0,3916,tiles/pagina_15/tile_3928.png
3929,15,5,9,62864,D81FE46B,0,,tiles/pagina_15/tile_3929.png
3930,15,5,10,62880,294C1E8D,0,,tiles/pagina_15/tile_3930.png
3931,15,5,11,62896,647AA269,0,,tiles/pagina_15/tile_3931.png
3932,15,5,12,62912,E652A9C6,0,,tiles/pagina_15/tile_3932.png
3933,15,5,13,62928,69691905,1,22,tiles/pagina_15/tile_3933.png
3934,15,5,14,62944,D554B45B,0,,tiles/pagina_15/tile_3934.png
3935,15,5,15,62960,69691905,1,22,tiles/pagina_15/tile_3935.png
3936,15,6,0,62976,B3D10927,0,,tiles/pagina_15/tile_3936.png
3937,15,6,1,62992,001CA328,0,,tiles/pagina_15/tile_3937.png
3938,15,6,2,63008,3E35CBE5,0,,tiles/pagina_15/tile_3938.png
3939,15,6,3,63024,FA5E6C97,0,,tiles/pagina_15/tile_3939.png
3940,15,6,4,63040,7DF4175D,0,,tiles/pagina_15/tile_3940.png
3941,15,6,5,63056,1F14821A,0,,tiles/pagina_15/tile_3941.png
3942,15,6,6,63072,D461B86C,0,,tiles/pagina_15/tile_3942.png
3943,15,6,7,63088,2A3AE2D6,0,,tiles/pagina_15/tile_3943.png
3944,15,6,8,63104,CF3C725B,0,,tiles/pagina_15/tile_3944.png
3945,15,6,9,63120,DA79197C,0,,tiles/pagina_15/tile_3945.png
3946,15,6,10,63136,5155D0AE,0,,tiles/pagina_15/tile_3946.png
3947,15,6,11,63152,5F589BE2,0,,tiles/pagina_15/tile_3947.png
3948,15,6,12,63168,47BA447C,0,,tiles/pagina_15/tile_3948.png
3949,15,6,13,63184,1F14821A,0,3941,tiles/pagina_15/tile_3949.png
3950,15,6,14,63200,F9E76966,0,,tiles/pagina_15/tile_3950.png
3951,15,6,15,63216,FF1A2670,0,,tiles/pagina_15/tile_3951.png
3952,15,7,0,63232,3378CDFD,0,,tiles/pagina_15/tile_3952.png
3953,15,7,1,63248,B74407CD,0,,tiles/pagina_15/tile_3953.png
3954,15,7,2,63264,84D49429,0,,tiles/pagina_15/tile_3954.png
3955,15,7,3,63280,2FCB1743,0,,tiles/pagina_15/tile_3955.png
3956,15,7,4,63296,31F09D8D,0,,tiles/pagina_15/tile_3956.png
3957,15,7,5,63312,69691905,1,22,tiles/pagina_15/tile_3957.png
3958,15,7,6,63328,93B7C7BD,0,,tiles/pagina_15/tile_3958.png
3959,15,7,7,63344,69691905,1,22,tiles/pagina_15/tile_3959.png
3960,15,7,8,63360,57A61AB5,0,,tiles/pagina_15/tile_3960.png
3961,15,7,9,63376,2774CAA2,0,,tiles/pagina_15/tile_3961.png
3962,15,7,10,63392,6DA3E164,0,,tiles/pagina_15/tile_3962.png
3963,15,7,11,63408,8C70B418,0,,tiles/pagina_15/tile_3963.png
3964,15,7,12,63424,FB0FF02C,0,,tiles/pagina_15/tile_3964.png
3965,15,7,13,63440,69691905,1,22,tiles/pagina_15/tile_3965.png
3966,15,7,14,63456,F4DA5C8C,0,,tiles/pagina_15/tile_3966.png
3967,15,7,15,63472,69691905,1,22,tiles/pagina_15/tile_3967.png
3968,15,8,0,63488,23730427,0,,tiles/pagina_15/tile_3968.png
3969,15,8,1,63504,C099F8A3,0,,tiles/pagina_15/tile_3969.png
3970,15,8,2,63520,0E8C5BA1,0,,tiles/pagina_15/tile_3970.png
3971,15,8,3,63536,510AA2C7,0,,tiles/pagina_15/tile_3971.png
3972,15,8,4,63552,94C5EB05,0,,tiles/pagina_15/tile_3972.png
3973,15,8,5,63568,94C5EB05,0,3972,tiles/pagina_15/tile_3973.png
3974,15,8,6,63584,69691905,1,22,tiles/pagina_15/tile_3974.png
3975,15,8,7,63600,69691905,1,22,tiles/pagina_15/tile_3975.png
3976,15,8,8,63616,9ECB17F3,0,,tiles/pagina_15/tile_3976.png
3977,15,8,9,63632,531534B7,0,,tiles/pagina_15/tile_3977.png
3978,15,8,10,63648,DF0F006A,0,,tiles/pagina_15/tile_3978.png
3979,15,8,11,63664,3B3C617F,0,,tiles/pagina_15/tile_3979.png
3980,15,8,12,63680,15D646AD,0,,tiles/pagina_15/tile_3980.png
3981,15,8,13,63696,095C6B4B,0,,tiles/pagina_15/tile_3981.png
3982,15,8,14,63712,B5CCE321,0,,tiles/pagina_15/tile_3982.png
3983,15,8,15,63728,CCC2B921,0,,tiles/pagina_15/tile_3983.png
3984,15,9,0,63744,51C7F36A,0,,tiles/pagina_15/tile_3984.png
3985,15,9,1,63760,057B189A,0,,tiles/pagina_15/tile_3985.png
3986,15,9,2,63776,51579EDE,0,,tiles/pagina_15/tile_3986.png
3987,15,9,3,63792,5DC6E11B,0,,tiles/pagina_15/tile_3987.png
3988,15,9,4,63808,51579EDE,0,3986,tiles/pagina_15/tile_3988.png
3989,15,9,5,63824,5DC6E11B,0,3987,tiles/pagina_15/tile_3989.png
3990,15,9,6,63840,5109DB6D,0,,tiles/pagina_15/tile_3990.png
3991,15,9,7,63856,5A110F7D,0,,tiles/pagina_15/tile_3991.png
3992,15,9,8,63872,5152E28F,0,,tiles/pagina_15/tile_3992.png
3993,15,9,9,63888,DF56754B,0,,tiles/pagina_15/tile_3993.png
3994,15,9,10,63904,9C047855,0,,tiles/pagina_15/tile_3994.png
3995,15,9,11,63920,1D0AEB9F,0,,tiles/pagina_15/tile_3995.png
3996,15,9,12,63936,D045055D,0,1845,tiles/pagina_15/tile_3996.png
3997,15,9,13,63952,4EE6D51F,0,,tiles/pagina_15/tile_3997.png
3998,15,9,14,63968,BB546535,0,,tiles/pagina_15/tile_3998.png
3999,15,9,15,63984,0C6BE775,0,1847,tiles/pagina_15/tile_3999.png
4000,15,10,0,64000,4E84D8FD,0,766,tiles/pagina_15/tile_4000.png
4001,15,10,1,64016,4E84D8FD,0,766,tiles/pagina_15/tile_4001.png
4002,15,10,2,64032,4E84D8FD,0,766,tiles/pagina_15/tile_4002.png
4003,15,10,3,64048,4E84D8FD,0,766,tiles/pagina_15/tile_4003.png
4004,15,10,4,64064,69F12E6E,0,,tiles/pagina_15/tile_4004.png
4005,15,10,5,64080,39F881A4,0,,tiles/pagina_15/tile_4005.png
4006,15,10,6,64096,FDB3447F,0,,tiles/pagina_15/tile_4006.png
4007,15,10,7,64112,162533CB,0,,tiles/pagina_15/tile_4007.png
4008,15,10,8,64128,50CADB34,0,,tiles/pagina_15/tile_4008.png
4009,15,10,9,64144,F57E7EB5,0,,tiles/pagina_15/tile_4009.png
4010,15,10,10,64160,9C9FFA9D,0,,tiles/pagina_15/tile_4010.png
4011,15,10,11,64176,D79780A7,0,,tiles/pagina_15/tile_4011.png
4012,15,10,12,64192,959FD89D,0,1849,tiles/pagina_15/tile_4012.png
4013,15,10,13,64208,B9BE8D15,0,,tiles/pagina_15/tile_4013.png
4014,15,10,14,64224,0BA3DE85,0,,tiles/pagina_15/tile_4014.png
4015,15,10,15,64240,B49F3705,0,1851,tiles/pagina_15/tile_4015.png
4016,15,11,0,64256,F8001C2F,0,,tiles/pagina_15/tile_4016.png
4017,15,11,1,64272,F8001C2F,0,4016,tiles/pagina_15/tile_4017.png
4018,15,11,2,64288,590B6756,0,,tiles/pagina_15/tile_4018.png
4019,15,11,3,64304,E5A1E2A5,0,,tiles/pagina_15/tile_4019.png
4020,15,11,4,64320,51579EDE,0,3986,tiles/pagina_15/tile_4020.png
4021,15,11,5,64336,5DC6E11B,0,3987,tiles/pagina_15/tile_4021.png
4022,15,11,6,64352,5109DB6D,0,3990,tiles/pagina_15/tile_4022.png
4023,15,11,7,64368,5A110F7D,0,3991,tiles/pagina_15/tile_4023.png
4024,15,11,8,64384,74204C1D,0,312,tiles/pagina_15/tile_4024.png
4025,15,11,9,64400,11E98799,0,,tiles/pagina_15/tile_4025.png
4026,15,11,10,64416,868083D0,0,,tiles/pagina_15/tile_4026.png
4027,15,11,11,64432,8E2452AA,0,,tiles/pagina_15/tile_4027.png
4028,15,11,12,64448,1A96549D,0,308,tiles/pagina_15/tile_4028.png
4029,15,11,13,64464,F20ABAD5,0,309,tiles/pagina_15/tile_4029.png
4030,15,11,14,64480,2A90701D,0,3214,tiles/pagina_15/tile_4030.png
4031,15,11,15,64496,9B0A8FD1,0,3215,tiles/pagina_15/tile_4031.png
4032,15,12,0,64512,390B971A,0,636,tiles/pagina_15/tile_4032.png
4033,15,12,1,64528,34E4F663,0,637,tiles/pagina_15/tile_4033.png
4034,15,12,2,64544,EBF6B058,0,638,tiles/pagina_15/tile_4034.png
4035,15,12,3,64560,5CFF097A,0,639,tiles/pagina_15/tile_4035.png
4036,15,12,4,64576,001E31DD,0,,tiles/pagina_15/tile_4036.png
4037,15,12,5,64592,521C4E5B,0,,tiles/pagina_15/tile_4037.png
4038,15,12,6,64608,2B3E375F,0,,tiles/pagina_15/tile_4038.png
4039,15,12,7,64624,521C4E5B,0,4037,tiles/pagina_15/tile_4039.png
4040,15,12,8,64640,72A1A889,0,,tiles/pagina_15/tile_4040.png
4041,15,12,9,64656,3DF6F40B,0,,tiles/pagina_15/tile_4041.png
4042,15,12,10,64672,5109DB6D,0,3990,tiles/pagina_15/tile_4042.png
4043,15,12,11,64688,5A110F7D,0,3991,tiles/pagina_15/tile_4043.png
4044,15,12,12,64704,7D3F6FD1,0,,tiles/pagina_15/tile_4044.png
4045,15,12,13,64720,EE5143EC,0,,tiles/pagina_15/tile_4045.png
4046,15,12,14,64736,EDEC5BB7,0,,tiles/pagina_15/tile_4046.png
4047,15,12,15,64752,27D35880,0,,tiles/pagina_15/tile_4047.png
4048,15,13,0,64768,6E18A5E6,0,,tiles/pagina_15/tile_4048.png
4049,15,13,1,64784,EB6FF745,0,,tiles/pagina_15/tile_4049.png
4050,15,13,2,64800,28BB9086,0,,tiles/pagina_15/tile_4050.png
4051,15,13,3,64816,FDFF70DC,0,,tiles/pagina_15/tile_4051.png
4052,15,13,4,64832,521C4E5B,0,4037,tiles/pagina_15/tile_4052.png
4053,15,13,5,64848,36C47A55,0,,tiles/pagina_15/tile_4053.png
4054,15,13,6,64864,C90A698D,0,,tiles/pagina_15/tile_4054.png
4055,15,13,7,64880,FCD7A70F,0,,tiles/pagina_15/tile_4055.png
4056,15,13,8,64896,4832647A,0,310,tiles/pagina_15/tile_4056.png
4057,15,13,9,64912,C715B158,0,311,tiles/pagina_15/tile_4057.png
4058,15,13,10,64928,7C8629E7,0,,tiles/pagina_15/tile_4058.png
4059,15,13,11,64944,BA37B52F,0,,tiles/pagina_15/tile_4059.png
4060,15,13,12,64960,1A96549D,0,308,tiles/pagina_15/tile_4060.png
4061,15,13,13,64976,F20ABAD5,0,309,tiles/pagina_15/tile_4061.png
4062,15,13,14,64992,2A90701D,0,3214,tiles/pagina_15/tile_4062.png
4063,15,13,15,65008,9B0A8FD1,0,3215,tiles/pagina_15/tile_4063.png
4064,15,14,0,65024,E814C5FF,0,,tiles/pagina_15/tile_4064.png
4065,15,14,1,65040,DF37E272,0,,tiles/pagina_15/tile_4065.png
4066,15,14,2,65056,582279F4,0,,tiles/pagina_15/tile_4066.png
4067,15,14,3,65072,254AEB71,0,,tiles/pagina_15/tile_4067.png
4068,15,14,4,65088,D8F3D3FD,0,606,tiles/pagina_15/tile_4068.png
4069,15,14,5,65104,39822205,0,,tiles/pagina_15/tile_4069.png
4070,15,14,6,65120,98AE69E2,0,,tiles/pagina_15/tile_4070.png
4071,15,14,7,65136,C606C07D,0,,tiles/pagina_15/tile_4071.png
4072,15,14,8,65152,51579EDE,0,3986,tiles/pagina_15/tile_4072.png
4073,15,14,9,65168,5DC6E11B,0,3987,tiles/pagina_15/tile_4073.png
4074,15,14,10,65184,5109DB6D,0,3990,tiles/pagina_15/tile_4074.png
4075,15,14,11,65200,5A110F7D,0,3991,tiles/pagina_15/tile_4075.png
4076,15,14,12,65216,F93AA879,0,,tiles/pagina_15/tile_4076.png
4077,15,14,13,65232,D273FA49,0,,tiles/pagina_15/tile_4077.png
4078,15,14,14,65248,E4783C9F,0,,tiles/pagina_15/tile_4078.png
4079,15,14,15,65264,3BBA21A5,0,,tiles/pagina_15/tile_4079.png
4080,15,15,0,65280,F7A63C7D,0,,tiles/pagina_15/tile_4080.png
4081,15,15,1,65296,CD2D74A4,0,,tiles/pagina_15/tile_4081.png
4082,15,15,2,65312,FCC463F5,0,,tiles/pagina_15/tile_4082.png
4083,15,15,3,65328,0419E458,0,,tiles/pagina_15/tile_4083.png
4084,15,15,4,65344,7B7648BC,0,,tiles/pagina_15/tile_4084.png
4085,15,15,5,65360,ADA08C4F,0,,tiles/pagina_15/tile_4085.png
4086,15,15,6,65376,A4A15876,0,,tiles/pagina_15/tile_4086.png
4087,15,15,7,65392,545B9213,0,,tiles/pagina_15/tile_4087.png
4088,15,15,8,65408,69691905,1,22,tiles/pagina_15/tile_4088.png
4089,15,15,9,65424,69691905,1,22,tiles/pagina_15/tile_4089.png
4090,15,15,10,65440,69691905,1,22,tiles/pagina_15/tile_4090.png
4091,15,15,11,65456,69691905,1,22,tiles/pagina_15/tile_4091.png
4092,15,15,12,65472,4E84D8FD,0,766,tiles/pagina_15/tile_4092.png
4093,15,15,13,65488,6DEBB9FD,0,535,tiles/pagina_15/tile_4093.png
4094,15,15,14,65504,360779F5,0,112,tiles/pagina_15/tile_4094.png
4095,15,15,15,65520,69691905,1,22,tiles/pagina_15/tile_4095.png
4096,16,0,0,65536,65C48642,0,,tiles/pagina_16/tile_4096.png
4097,16,0,1,65552,EAD15BC5,0,,tiles/pagina_16/tile_4097.png
4098,16,0,2,65568,7D7C26D9,0,,tiles/pagina_16/tile_4098.png
4099,16,0,3,65584,529CEBDF,0,,tiles/pagina_16/tile_4099.png
4100,16,0,4,65600,AA90BB37,0,,tiles/pagina_16/tile_4100.png
4101,16,0,5,65616,75400C04,0,,tiles/pagina_16/tile_4101.png
4102,16,0,6,65632,133C2F50,0,,tiles/pagina_16/tile_4102.png
4103,16,0,7,65648,3760198B,0,,tiles/pagina_16/tile_4103.png
4104,16,0,8,65664,B1FAAF2D,0,8,tiles/pagina_16/tile_4104.png
4105,16,0,9,65680,572814F5,0,9,tiles/pagina_16/tile_4105.png
4106,16,0,10,65696,B91A75E2,0,,tiles/pagina_16/tile_4106.png
4107,16,0,11,65712,F6C10E0E,0,,tiles/pagina_16/tile_4107.png
4108,16,0,12,65728,F1E7A6A5,0,,tiles/pagina_16/tile_4108.png
4109,16,0,13,65744,A31A3509,0,,tiles/pagina_16/tile_4109.png
4110,16,0,14,65760,A7908166,0,,tiles/pagina_16/tile_4110.png
4111,16,0,15,65776,153C49A4,0,,tiles/pagina_16/tile_4111.png
4112,16,1,0,65792,68691772,0,16,tiles/pagina_16/tile_4112.png
4113,16,1,1,65808,6D1175C6,0,17,tiles/pagina_16/tile_4113.png
4114,16,1,2,65824,3CF7B44D,0,18,tiles/pagina_16/tile_4114.png
4115,16,1,3,65840,EB7BBB2F,0,19,tiles/pagina_16/tile_4115.png
4116,16,1,4,65856,C29D25A7,0,20,tiles/pagina_16/tile_4116.png
4117,16,1,5,65872,1B75BBA2,0,21,tiles/pagina_16/tile_4117.png
4118,16,1,6,65888,69691905,1,22,tiles/pagina_16/tile_4118.png
4119,16,1,7,65904,1E1D71C5,0,23,tiles/pagina_16/tile_4119.png
4120,16,1,8,65920,9B8E763D,0,,tiles/pagina_16/tile_4120.png
4121,16,1,9,65936,70F1F8E8,0,,tiles/pagina_16/tile_4121.png
4122,16,1,10,65952,20CB9340,0,,tiles/pagina_16/tile_4122.png
4123,16,1,11,65968,1F8B5026,0,,tiles/pagina_16/tile_4123.png
4124,16,1,12,65984,9FF8A105,0,28,tiles/pagina_16/tile_4124.png
4125,16,1,13,66000,65BEEFA5,0,29,tiles/pagina_16/tile_4125.png
4126,16,1,14,66016,360779F5,0,112,tiles/pagina_16/tile_4126.png
4127,16,1,15,66032,360779F5,0,112,tiles/pagina_16/tile_4127.png
4128,16,2,0,66048,52305E46,0,,tiles/pagina_16/tile_4128.png
4129,16,2,1,66064,D5396AFD,0,,tiles/pagina_16/tile_4129.png
4130,16,2,2,66080,B71532B9,0,,tiles/pagina_16/tile_4130.png
4131,16,2,3,66096,6C41878B,0,,tiles/pagina_16/tile_4131.png
4132,16,2,4,66112,BFD495E6,0,,tiles/pagina_16/tile_4132.png
4133,16,2,5,66128,FB113DA8,0,,tiles/pagina_16/tile_4133.png
4134,16,2,6,66144,819AA6B5,0,,tiles/pagina_16/tile_4134.png
4135,16,2,7,66160,B115DF81,0,,tiles/pagina_16/tile_4135.png
4136,16,2,8,66176,8BA0A847,0,,tiles/pagina_16/tile_4136.png
4137,16,2,9,66192,47CAAF1D,0,,tiles/pagina_16/tile_4137.png
4138,16,2,10,66208,49020225,0,42,tiles/pagina_16/tile_4138.png
4139,16,2,11,66224,FA241C95,0,43,tiles/pagina_16/tile_4139.png
4140,16,2,12,66240,7FFD0D06,0,,tiles/pagina_16/tile_4140.png
4141,16,2,13,66256,7C32DAC1,0,,tiles/pagina_16/tile_4141.png
4142,16,2,14,66272,835EBD0D,0,,tiles/pagina_16/tile_4142.png
4143,16,2,15,66288,1FE55409,0,,tiles/pagina_16/tile_4143.png
4144,16,3,0,66304,69691905,1,22,tiles/pagina_16/tile_4144.png
4145,16,3,1,66320,01AEC074,0,,tiles/pagina_16/tile_4145.png
4146,16,3,2,66336,69691905,1,22,tiles/pagina_16/tile_4146.png
4147,16,3,3,66352,DDB30AC5,0,51,tiles/pagina_16/tile_4147.png
4148,16,3,4,66368,C943962C,0,,tiles/pagina_16/tile_4148.png
4149,16,3,5,66384,59B8541B,0,,tiles/pagina_16/tile_4149.png
4150,16,3,6,66400,41FF45DD,0,,tiles/pagina_16/tile_4150.png
4151,16,3,7,66416,617FCB08,0,,tiles/pagina_16/tile_4151.png
4152,16,3,8,66432,69691905,1,22,tiles/pagina_16/tile_4152.png
4153,16,3,9,66448,48C7D1AD,0,57,tiles/pagina_16/tile_4153.png
4154,16,3,10,66464,362005E5,0,58,tiles/pagina_16/tile_4154.png
4155,16,3,11,66480,73335F35,0,59,tiles/pagina_16/tile_4155.png
4156,16,3,12,66496,E5BEA37E,0,60,tiles/pagina_16/tile_4156.png
4157,16,3,13,66512,D13A02C3,0,61,tiles/pagina_16/tile_4157.png
4158,16,3,14,66528,14B27A55,0,62,tiles/pagina_16/tile_4158.png
4159,16,3,15,66544,0A6C0505,0,63,tiles/pagina_16/tile_4159.png
4160,16,4,0,66560,E89CA005,0,,tiles/pagina_16/tile_4160.png
4161,16,4,1,66576,0AB788BD,0,,tiles/pagina_16/tile_4161.png
4162,16,4,2,66592,8A91E98D,0,,tiles/pagina_16/tile_4162.png
4163,16,4,3,66608,E0F46EDB,0,,tiles/pagina_16/tile_4163.png
4164,16,4,4,66624,69691905,1,22,tiles/pagina_16/tile_4164.png
4165,16,4,5,66640,EF1D9BC5,0,,tiles/pagina_16/tile_4165.png
4166,16,4,6,66656,8DD0E0BC,0,,tiles/pagina_16/tile_4166.png
4167,16,4,7,66672,28711F30,0,,tiles/pagina_16/tile_4167.png
4168,16,4,8,66688,9B4AEC05,0,,tiles/pagina_16/tile_4168.png
4169,16,4,9,66704,E0BB6F74,0,,tiles/pagina_16/tile_4169.png
4170,16,4,10,66720,157870F5,0,,tiles/pagina_16/tile_4170.png
4171,16,4,11,66736,03E00585,0,,tiles/pagina_16/tile_4171.png
4172,16,4,12,66752,69691905,1,22,tiles/pagina_16/tile_4172.png
4173,16,4,13,66768,D0C8A17E,0,77,tiles/pagina_16/tile_4173.png
4174,16,4,14,66784,09602BAD,0,78,tiles/pagina_16/tile_4174.png
4175,16,4,15,66800,F223C605,0,,tiles/pagina_16/tile_4175.png
4176,16,5,0,66816,68691772,0,16,tiles/pagina_16/tile_4176.png
4177,16,5,1,66832,6D1175C6,0,17,tiles/pagina_16/tile_4177.png
4178,16,5,2,66848,3CF7B44D,0,18,tiles/pagina_16/tile_4178.png
4179,16,5,3,66864,EB7BBB2F,0,19,tiles/pagina_16/tile_4179.png
4180,16,5,4,66880,C29D25A7,0,20,tiles/pagina_16/tile_4180.png
4181,16,5,5,66896,1B75BBA2,0,21,tiles/pagina_16/tile_4181.png
4182,16,5,6,66912,69691905,1,22,tiles/pagina_16/tile_4182.png
4183,16,5,7,66928,1E1D71C5,0,23,tiles/pagina_16/tile_4183.png
4184,16,5,8,66944,DD229814,0,,tiles/pagina_16/tile_4184.png
4185,16,5,9,66960,BF2FF222,0,,tiles/pagina_16/tile_4185.png
4186,16,5,10,66976,45D9E1F0,0,,tiles/pagina_16/tile_4186.png
4187,16,5,11,66992,4C2EE159,0,,tiles/pagina_16/tile_4187.png
4188,16,5,12,67008,D6F92785,0,,tiles/pagina_16/tile_4188.png
4189,16,5,13,67024,4E3126A7,0,,tiles/pagina_16/tile_4189.png
4190,16,5,14,67040,9CE3DD79,0,,tiles/pagina_16/tile_4190.png
4191,16,5,15,67056,69691905,1,22,tiles/pagina_16/tile_4191.png
4192,16,6,0,67072,B3EBBDF2,0,,tiles/pagina_16/tile_4192.png
4193,16,6,1,67088,F49E7885,0,,tiles/pagina_16/tile_4193.png
4194,16,6,2,67104,2E61D0ED,0,,tiles/pagina_16/tile_4194.png
4195,16,6,3,67120,69691905,1,22,tiles/pagina_16/tile_4195.png
4196,16,6,4,67136,CF962892,0,,tiles/pagina_16/tile_4196.png
4197,16,6,5,67152,B29CAE1E,0,,tiles/pagina_16/tile_4197.png
4198,16,6,6,67168,239886CC,0,102,tiles/pagina_16/tile_4198.png
4199,16,6,7,67184,3EBA2BFA,0,,tiles/pagina_16/tile_4199.png
4200,16,6,8,67200,8DC8C905,0,92,tiles/pagina_16/tile_4200.png
4201,16,6,9,67216,EDD7D375,0,,tiles/pagina_16/tile_4201.png
4202,16,6,10,67232,55BE3E57,0,,tiles/pagina_16/tile_4202.png
4203,16,6,11,67248,8B2BBE2E,0,,tiles/pagina_16/tile_4203.png
4204,16,6,12,67264,4B98A5F7,0,,tiles/pagina_16/tile_4204.png
4205,16,6,13,67280,5D3B2C45,0,,tiles/pagina_16/tile_4205.png
4206,16,6,14,67296,BC99B1D1,0,,tiles/pagina_16/tile_4206.png
4207,16,6,15,67312,69691905,1,22,tiles/pagina_16/tile_4207.png
4208,16,7,0,67328,ACCDE9D4,0,,tiles/pagina_16/tile_4208.png
4209,16,7,1,67344,9069ECB0,0,,tiles/pagina_16/tile_4209.png
4210,16,7,2,67360,5C2208DD,0,,tiles/pagina_16/tile_4210.png
4211,16,7,3,67376,D6F794D5,0,,tiles/pagina_16/tile_4211.png
4212,16,7,4,67392,B9306D7A,0,,tiles/pagina_16/tile_4212.png
4213,16,7,5,67408,1532C8C0,0,,tiles/pagina_16/tile_4213.png
4214,16,7,6,67424,E701E2B3,0,,tiles/pagina_16/tile_4214.png
4215,16,7,7,67440,0D96D8ED,0,,tiles/pagina_16/tile_4215.png
4216,16,7,8,67456,F7E6D405,0,120,tiles/pagina_16/tile_4216.png
4217,16,7,9,67472,1F3C1245,0,,tiles/pagina_16/tile_4217.png
4218,16,7,10,67488,1403AA15,0,,tiles/pagina_16/tile_4218.png
4219,16,7,11,67504,40633C25,0,,tiles/pagina_16/tile_4219.png
4220,16,7,12,67520,A756D066,0,,tiles/pagina_16/tile_4220.png
4221,16,7,13,67536,5A65BAD1,0,,tiles/pagina_16/tile_4221.png
4222,16,7,14,67552,27BFFDE5,0,,tiles/pagina_16/tile_4222.png
4223,16,7,15,67568,69691905,1,22,tiles/pagina_16/tile_4223.png
4224,16,8,0,67584,7FFD0D06,0,4140,tiles/pagina_16/tile_4224.png
4225,16,8,1,67600,7C32DAC1,0,4141,tiles/pagina_16/tile_4225.png
4226,16,8,2,67616,835EBD0D,0,4142,tiles/pagina_16/tile_4226.png
4227,16,8,3,67632,1FE55409,0,4143,tiles/pagina_16/tile_4227.png
4228,16,8,4,67648,F9268A0F,0,,tiles/pagina_16/tile_4228.png
4229,16,8,5,67664,D8BBBCE8,0,,tiles/pagina_16/tile_4229.png
4230,16,8,6,67680,98C8DCF0,0,,tiles/pagina_16/tile_4230.png
4231,16,8,7,67696,D05A63FD,0,,tiles/pagina_16/tile_4231.png
4232,16,8,8,67712,B1FAAF2D,0,8,tiles/pagina_16/tile_4232.png
4233,16,8,9,67728,572814F5,0,9,tiles/pagina_16/tile_4233.png
4234,16,8,10,67744,F9268A0F,0,4228,tiles/pagina_16/tile_4234.png
4235,16,8,11,67760,F8E34AAA,0,,tiles/pagina_16/tile_4235.png
4236,16,8,12,67776,A0C389AC,0,,tiles/pagina_16/tile_4236.png
4237,16,8,13,67792,44DCAE7A,0,,tiles/pagina_16/tile_4237.png
4238,16,8,14,67808,B03DED05,0,142,tiles/pagina_16/tile_4238.png
4239,16,8,15,67824,AF5BD1B5,0,143,tiles/pagina_16/tile_4239.png
4240,16,9,0,67840,68691772,0,16,tiles/pagina_16/tile_4240.png
4241,16,9,1,67856,6D1175C6,0,17,tiles/pagina_16/tile_4241.png
4242,16,9,2,67872,3CF7B44D,0,18,tiles/pagina_16/tile_4242.png
4243,16,9,3,67888,EB7BBB2F,0,19,tiles/pagina_16/tile_4243.png
4244,16,9,4,67904,C29D25A7,0,20,tiles/pagina_16/tile_4244.png
4245,16,9,5,67920,1B75BBA2,0,21,tiles/pagina_16/tile_4245.png
4246,16,9,6,67936,69691905,1,22,tiles/pagina_16/tile_4246.png
4247,16,9,7,67952,1E1D71C5,0,23,tiles/pagina_16/tile_4247.png
4248,16,9,8,67968,7D7C26D9,0,4098,tiles/pagina_16/tile_4248.png
4249,16,9,9,67984,529CEBDF,0,4099,tiles/pagina_16/tile_4249.png
4250,16,9,10,68000,52C6776A,0,,tiles/pagina_16/tile_4250.png
4251,16,9,11,68016,F204EB7E,0,,tiles/pagina_16/tile_4251.png
4252,16,9,12,68032,85014D05,0,,tiles/pagina_16/tile_4252.png
4253,16,9,13,68048,D647DEA4,0,,tiles/pagina_16/tile_4253.png
4254,16,9,14,68064,CA4ABBC1,0,,tiles/pagina_16/tile_4254.png
4255,16,9,15,68080,0F4EA475,0,,tiles/pagina_16/tile_4255.png
4256,16,10,0,68096,F9268A0F,0,4228,tiles/pagina_16/tile_4256.png
4257,16,10,1,68112,A6410D74,0,,tiles/pagina_16/tile_4257.png
4258,16,10,2,68128,A0C389AC,0,4236,tiles/pagina_16/tile_4258.png
4259,16,10,3,68144,BA364D52,0,,tiles/pagina_16/tile_4259.png
4260,16,10,4,68160,9FF8A105,0,28,tiles/pagina_16/tile_4260.png
4261,16,10,5,68176,82208015,0,,tiles/pagina_16/tile_4261.png
4262,16,10,6,68192,65C48642,0,4096,tiles/pagina_16/tile_4262.png
4263,16,10,7,68208,EAD15BC5,0,4097,tiles/pagina_16/tile_4263.png
4264,16,10,8,68224,0BDBF8F9,0,,tiles/pagina_16/tile_4264.png
4265,16,10,9,68240,0651E703,0,,tiles/pagina_16/tile_4265.png
4266,16,10,10,68256,DAE9A745,0,,tiles/pagina_16/tile_4266.png
4267,16,10,11,68272,528A008D,0,,tiles/pagina_16/tile_4267.png
4268,16,10,12,68288,F53D76CA,0,,tiles/pagina_16/tile_4268.png
4269,16,10,13,68304,5B28A95F,0,,tiles/pagina_16/tile_4269.png
4270,16,10,14,68320,3F13BAC9,0,,tiles/pagina_16/tile_4270.png
4271,16,10,15,68336,A291D5D1,0,,tiles/pagina_16/tile_4271.png
4272,16,11,0,68352,6D032A8A,0,,tiles/pagina_16/tile_4272.png
4273,16,11,1,68368,56F620A8,0,,tiles/pagina_16/tile_4273.png
4274,16,11,2,68384,4A77A6ED,0,,tiles/pagina_16/tile_4274.png
4275,16,11,3,68400,33618145,0,,tiles/pagina_16/tile_4275.png
4276,16,11,4,68416,5D49CC64,0,,tiles/pagina_16/tile_4276.png
4277,16,11,5,68432,00AAB5FE,0,,tiles/pagina_16/tile_4277.png
4278,16,11,6,68448,4B862F89,0,,tiles/pagina_16/tile_4278.png
4279,16,11,7,68464,84EA1861,0,,tiles/pagina_16/tile_4279.png
4280,16,11,8,68480,65C48642,0,4096,tiles/pagina_16/tile_4280.png
4281,16,11,9,68496,EAD15BC5,0,4097,tiles/pagina_16/tile_4281.png
4282,16,11,10,68512,7D7C26D9,0,4098,tiles/pagina_16/tile_4282.png
4283,16,11,11,68528,529CEBDF,0,4099,tiles/pagina_16/tile_4283.png
4284,16,11,12,68544,D24DAB6A,0,,tiles/pagina_16/tile_4284.png
4285,16,11,13,68560,B299490B,0,,tiles/pagina_16/tile_4285.png
4286,16,11,14,68576,A79C66EF,0,,tiles/pagina_16/tile_4286.png
4287,16,11,15,68592,526C9BBD,0,,tiles/pagina_16/tile_4287.png
4288,16,12,0,68608,C63B7BC9,0,,tiles/pagina_16/tile_4288.png
4289,16,12,1,68624,34964EFD,0,,tiles/pagina_16/tile_4289.png
4290,16,12,2,68640,45016071,0,,tiles/pagina_16/tile_4290.png
4291,16,12,3,68656,2FEB4C8B,0,,tiles/pagina_16/tile_4291.png
4292,16,12,4,68672,9FD83FB1,0,196,tiles/pagina_16/tile_4292.png
4293,16,12,5,68688,E5DA1495,0,,tiles/pagina_16/tile_4293.png
4294,16,12,6,68704,B23011C5,0,198,tiles/pagina_16/tile_4294.png
4295,16,12,7,68720,37CF9773,0,,tiles/pagina_16/tile_4295.png
4296,16,12,8,68736,38E6944F,0,,tiles/pagina_16/tile_4296.png
4297,16,12,9,68752,34964EFD,0,4289,tiles/pagina_16/tile_4297.png
4298,16,12,10,68768,E5F2B524,0,,tiles/pagina_16/tile_4298.png
4299,16,12,11,68784,27BF681B,0,,tiles/pagina_16/tile_4299.png
4300,16,12,12,68800,CC77B7BC,0,,tiles/pagina_16/tile_4300.png
4301,16,12,13,68816,34964EFD,0,4289,tiles/pagina_16/tile_4301.png
4302,16,12,14,68832,8649BAC7,0,,tiles/pagina_16/tile_4302.png
4303,16,12,15,68848,33FCAAC7,0,,tiles/pagina_16/tile_4303.png
4304,16,13,0,68864,68691772,0,16,tiles/pagina_16/tile_4304.png
4305,16,13,1,68880,6D1175C6,0,17,tiles/pagina_16/tile_4305.png
4306,16,13,2,68896,3CF7B44D,0,18,tiles/pagina_16/tile_4306.png
4307,16,13,3,68912,EB7BBB2F,0,19,tiles/pagina_16/tile_4307.png
4308,16,13,4,68928,C29D25A7,0,20,tiles/pagina_16/tile_4308.png
4309,16,13,5,68944,1B75BBA2,0,21,tiles/pagina_16/tile_4309.png
4310,16,13,6,68960,69691905,1,22,tiles/pagina_16/tile_4310.png
4311,16,13,7,68976,1E1D71C5,0,23,tiles/pagina_16/tile_4311.png
4312,16,13,8,68992,A3F645F3,0,,tiles/pagina_16/tile_4312.png
4313,16,13,9,69008,E28CA225,0,,tiles/pagina_16/tile_4313.png
4314,16,13,10,69024,7D7C26D9,0,4098,tiles/pagina_16/tile_4314.png
4315,16,13,11,69040,529CEBDF,0,4099,tiles/pagina_16/tile_4315.png
4316,16,13,12,69056,D3228117,0,,tiles/pagina_16/tile_4316.png
4317,16,13,13,69072,75400C04,0,4101,tiles/pagina_16/tile_4317.png
4318,16,13,14,69088,79D9013C,0,,tiles/pagina_16/tile_4318.png
4319,16,13,15,69104,31433CD9,0,,tiles/pagina_16/tile_4319.png
4320,16,14,0,69120,133C2F50,0,4102,tiles/pagina_16/tile_4320.png
4321,16,14,1,69136,3760198B,0,4103,tiles/pagina_16/tile_4321.png
4322,16,14,2,69152,B1FAAF2D,0,8,tiles/pagina_16/tile_4322.png
4323,16,14,3,69168,572814F5,0,9,tiles/pagina_16/tile_4323.png
4324,16,14,4,69184,592676C5,0,230,tiles/pagina_16/tile_4324.png
4325,16,14,5,69200,2BD35751,0,,tiles/pagina_16/tile_4325.png
4326,16,14,6,69216,0002EC45,0,238,tiles/pagina_16/tile_4326.png
4327,16,14,7,69232,864C6011,0,,tiles/pagina_16/tile_4327.png
4328,16,14,8,69248,65C48642,0,4096,tiles/pagina_16/tile_4328.png
4329,16,14,9,69264,EAD15BC5,0,4097,tiles/pagina_16/tile_4329.png
4330,16,14,10,69280,7D7C26D9,0,4098,tiles/pagina_16/tile_4330.png
4331,16,14,11,69296,529CEBDF,0,4099,tiles/pagina_16/tile_4331.png
4332,16,14,12,69312,8649BAC7,0,4302,tiles/pagina_16/tile_4332.png
4333,16,14,13,69328,2FEB4C8B,0,4291,tiles/pagina_16/tile_4333.png
4334,16,14,14,69344,0002EC45,0,238,tiles/pagina_16/tile_4334.png
4335,16,14,15,69360,3EE09E51,0,,tiles/pagina_16/tile_4335.png
4336,16,15,0,69376,2814EFB5,0,,tiles/pagina_16/tile_4336.png
4337,16,15,1,69392,A5F93AB0,0,,tiles/pagina_16/tile_4337.png
4338,16,15,2,69408,ADEE9A01,0,,tiles/pagina_16/tile_4338.png
4339,16,15,3,69424,0A46585B,0,,tiles/pagina_16/tile_4339.png
4340,16,15,4,69440,CF8AE3DD,0,,tiles/pagina_16/tile_4340.png
4341,16,15,5,69456,153C49A4,0,4111,tiles/pagina_16/tile_4341.png
4342,16,15,6,69472,6FCE96C1,0,,tiles/pagina_16/tile_4342.png
4343,16,15,7,69488,D0BAA287,0,,tiles/pagina_16/tile_4343.png
4344,16,15,8,69504,1250FDED,0,,tiles/pagina_16/tile_4344.png
4345,16,15,9,69520,7A76EE74,0,,tiles/pagina_16/tile_4345.png
4346,16,15,10,69536,ADEE9A01,0,4338,tiles/pagina_16/tile_4346.png
4347,16,15,11,69552,E2339286,0,,tiles/pagina_16/tile_4347.png
4348,16,15,12,69568,5CCB3C6D,0,,tiles/pagina_16/tile_4348.png
4349,16,15,13,69584,572814F5,0,9,tiles/pagina_16/tile_4349.png
4350,16,15,14,69600,FD22A785,0,254,tiles/pagina_16/tile_4350.png
4351,16,15,15,69616,3EE09E51,0,4335,tiles/pagina_16/tile_4351.png
4352,17,0,0,69632,CA5A36F8,0,,tiles/pagina_17/tile_4352.png
4353,17,0,1,69648,5211089F,0,,tiles/pagina_17/tile_4353.png
4354,17,0,2,69664,348175F5,0,,tiles/pagina_17/tile_4354.png
4355,17,0,3,69680,CA03674F,0,,tiles/pagina_17/tile_4355.png
4356,17,0,4,69696,FC3854A6,0,4,tiles/pagina_17/tile_4356.png
4357,17,0,5,69712,889B545B,0,5,tiles/pagina_17/tile_4357.png
4358,17,0,6,69728,005A0E1B,0,,tiles/pagina_17/tile_4358.png
4359,17,0,7,69744,F5CD6F13,0,,tiles/pagina_17/tile_4359.png
4360,17,0,8,69760,4E5F9C70,0,,tiles/pagina_17/tile_4360.png
4361,17,0,9,69776,79B2D7BF,0,,tiles/pagina_17/tile_4361.png
4362,17,0,10,69792,CA5A36F8,0,4352,tiles/pagina_17/tile_4362.png
4363,17,0,11,69808,D92A928C,0,,tiles/pagina_17/tile_4363.png
4364,17,0,12,69824,F4811135,0,,tiles/pagina_17/tile_4364.png
4365,17,0,13,69840,DFB60BC5,0,,tiles/pagina_17/tile_4365.png
4366,17,0,14,69856,3F255D6E,0,14,tiles/pagina_17/tile_4366.png
4367,17,0,15,69872,C9BEC31E,0,15,tiles/pagina_17/tile_4367.png
4368,17,1,0,69888,68691772,0,16,tiles/pagina_17/tile_4368.png
4369,17,1,1,69904,6D1175C6,0,17,tiles/pagina_17/tile_4369.png
4370,17,1,2,69920,3CF7B44D,0,18,tiles/pagina_17/tile_4370.png
4371,17,1,3,69936,EB7BBB2F,0,19,tiles/pagina_17/tile_4371.png
4372,17,1,4,69952,C29D25A7,0,20,tiles/pagina_17/tile_4372.png
4373,17,1,5,69968,1B75BBA2,0,21,tiles/pagina_17/tile_4373.png
4374,17,1,6,69984,69691905,1,22,tiles/pagina_17/tile_4374.png
4375,17,1,7,70000,1E1D71C5,0,23,tiles/pagina_17/tile_4375.png
4376,17,1,8,70016,418489CD,0,24,tiles/pagina_17/tile_4376.png
4377,17,1,9,70032,31E1D4B9,0,25,tiles/pagina_17/tile_4377.png
4378,17,1,10,70048,F2909A3D,0,,tiles/pagina_17/tile_4378.png
4379,17,1,11,70064,C1023CBD,0,,tiles/pagina_17/tile_4379.png
4380,17,1,12,70080,4E902BB6,0,,tiles/pagina_17/tile_4380.png
4381,17,1,13,70096,31E1D4B9,0,25,tiles/pagina_17/tile_4381.png
4382,17,1,14,70112,686E69FD,0,,tiles/pagina_17/tile_4382.png
4383,17,1,15,70128,C1023CBD,0,4379,tiles/pagina_17/tile_4383.png
4384,17,2,0,70144,66157D25,0,,tiles/pagina_17/tile_4384.png
4385,17,2,1,70160,A51AC7A3,0,,tiles/pagina_17/tile_4385.png
4386,17,2,2,70176,2F76DFA8,0,,tiles/pagina_17/tile_4386.png
4387,17,2,3,70192,3FDC39D9,0,,tiles/pagina_17/tile_4387.png
4388,17,2,4,70208,5F157220,0,,tiles/pagina_17/tile_4388.png
4389,17,2,5,70224,781A71FE,0,,tiles/pagina_17/tile_4389.png
4390,17,2,6,70240,6FE96960,0,38,tiles/pagina_17/tile_4390.png
4391,17,2,7,70256,AEB0A2D5,0,,tiles/pagina_17/tile_4391.png
4392,17,2,8,70272,E9E294E9,0,,tiles/pagina_17/tile_4392.png
4393,17,2,9,70288,C37B3968,0,,tiles/pagina_17/tile_4393.png
4394,17,2,10,70304,360779F5,0,112,tiles/pagina_17/tile_4394.png
4395,17,2,11,70320,360779F5,0,112,tiles/pagina_17/tile_4395.png
4396,17,2,12,70336,4E5F9C70,0,4360,tiles/pagina_17/tile_4396.png
4397,17,2,13,70352,7C86CE0D,0,,tiles/pagina_17/tile_4397.png
4398,17,2,14,70368,06D1B125,0,,tiles/pagina_17/tile_4398.png
4399,17,2,15,70384,F9C952F5,0,,tiles/pagina_17/tile_4399.png
4400,17,3,0,70400,69691905,1,22,tiles/pagina_17/tile_4400.png
4401,17,3,1,70416,69691905,1,22,tiles/pagina_17/tile_4401.png
4402,17,3,2,70432,69691905,1,22,tiles/pagina_17/tile_4402.png
4403,17,3,3,70448,69691905,1,22,tiles/pagina_17/tile_4403.png
4404,17,3,4,70464,A3944C95,0,,tiles/pagina_17/tile_4404.png
4405,17,3,5,70480,62A73E41,0,,tiles/pagina_17/tile_4405.png
4406,17,3,6,70496,0C22EC11,0,,tiles/pagina_17/tile_4406.png
4407,17,3,7,70512,20A6DB10,0,,tiles/pagina_17/tile_4407.png
4408,17,3,8,70528,C51FE798,0,,tiles/pagina_17/tile_4408.png
4409,17,3,9,70544,31E1D4B9,0,25,tiles/pagina_17/tile_4409.png
4410,17,3,10,70560,0A31DF7D,0,,tiles/pagina_17/tile_4410.png
4411,17,3,11,70576,C1023CBD,0,4379,tiles/pagina_17/tile_4411.png
4412,17,3,12,70592,E5BEA37E,0,60,tiles/pagina_17/tile_4412.png
4413,17,3,13,70608,D13A02C3,0,61,tiles/pagina_17/tile_4413.png
4414,17,3,14,70624,14B27A55,0,62,tiles/pagina_17/tile_4414.png
4415,17,3,15,70640,0A6C0505,0,63,tiles/pagina_17/tile_4415.png
4416,17,4,0,70656,492059A5,0,,tiles/pagina_17/tile_4416.png
4417,17,4,1,70672,685190A5,0,,tiles/pagina_17/tile_4417.png
4418,17,4,2,70688,DDB30AC5,0,51,tiles/pagina_17/tile_4418.png
4419,17,4,3,70704,A07AAB86,0,,tiles/pagina_17/tile_4419.png
4420,17,4,4,70720,69691905,1,22,tiles/pagina_17/tile_4420.png
4421,17,4,5,70736,F245EE25,0,,tiles/pagina_17/tile_4421.png
4422,17,4,6,70752,7A89A8AB,0,,tiles/pagina_17/tile_4422.png
4423,17,4,7,70768,926EF5E5,0,,tiles/pagina_17/tile_4423.png
4424,17,4,8,70784,B8615D75,0,,tiles/pagina_17/tile_4424.png
4425,17,4,9,70800,F759ACAE,0,,tiles/pagina_17/tile_4425.png
4426,17,4,10,70816,735C4B75,0,,tiles/pagina_17/tile_4426.png
4427,17,4,11,70832,8AF86805,0,2179,tiles/pagina_17/tile_4427.png
4428,17,4,12,70848,69691905,1,22,tiles/pagina_17/tile_4428.png
4429,17,4,13,70864,874748FE,0,,tiles/pagina_17/tile_4429.png
4430,17,4,14,70880,9755BA65,0,,tiles/pagina_17/tile_4430.png
4431,17,4,15,70896,360779F5,0,112,tiles/pagina_17/tile_4431.png
4432,17,5,0,70912,68691772,0,16,tiles/pagina_17/tile_4432.png
4433,17,5,1,70928,6D1175C6,0,17,tiles/pagina_17/tile_4433.png
4434,17,5,2,70944,3CF7B44D,0,18,tiles/pagina_17/tile_4434.png
4435,17,5,3,70960,EB7BBB2F,0,19,tiles/pagina_17/tile_4435.png
4436,17,5,4,70976,C29D25A7,0,20,tiles/pagina_17/tile_4436.png
4437,17,5,5,70992,1B75BBA2,0,21,tiles/pagina_17/tile_4437.png
4438,17,5,6,71008,69691905,1,22,tiles/pagina_17/tile_4438.png
4439,17,5,7,71024,1E1D71C5,0,23,tiles/pagina_17/tile_4439.png
4440,17,5,8,71040,69691905,1,22,tiles/pagina_17/tile_4440.png
4441,17,5,9,71056,355AB6E8,0,,tiles/pagina_17/tile_4441.png
4442,17,5,10,71072,779E1505,0,,tiles/pagina_17/tile_4442.png
4443,17,5,11,71088,BF6AF419,0,,tiles/pagina_17/tile_4443.png
4444,17,5,12,71104,69691905,1,22,tiles/pagina_17/tile_4444.png
4445,17,5,13,71120,ECC81585,0,,tiles/pagina_17/tile_4445.png
4446,17,5,14,71136,24823094,0,,tiles/pagina_17/tile_4446.png
4447,17,5,15,71152,69691905,1,22,tiles/pagina_17/tile_4447.png
4448,17,6,0,71168,9625F57D,0,,tiles/pagina_17/tile_4448.png
4449,17,6,1,71184,A16F1EC5,0,,tiles/pagina_17/tile_4449.png
4450,17,6,2,71200,DEB83F45,0,,tiles/pagina_17/tile_4450.png
4451,17,6,3,71216,69691905,1,22,tiles/pagina_17/tile_4451.png
4452,17,6,4,71232,69691905,1,22,tiles/pagina_17/tile_4452.png
4453,17,6,5,71248,2E666E75,0,,tiles/pagina_17/tile_4453.png
4454,17,6,6,71264,AE868DC5,0,,tiles/pagina_17/tile_4454.png
4455,17,6,7,71280,619641E0,0,,tiles/pagina_17/tile_4455.png
4456,17,6,8,71296,69691905,1,22,tiles/pagina_17/tile_4456.png
4457,17,6,9,71312,8C86CCC5,0,,tiles/pagina_17/tile_4457.png
4458,17,6,10,71328,7CE36E50,0,,tiles/pagina_17/tile_4458.png
4459,17,6,11,71344,926EF5E5,0,4423,tiles/pagina_17/tile_4459.png
4460,17,6,12,71360,74F25A65,0,,tiles/pagina_17/tile_4460.png
4461,17,6,13,71376,A26AC5BF,0,,tiles/pagina_17/tile_4461.png
4462,17,6,14,71392,A6D70FC5,0,,tiles/pagina_17/tile_4462.png
4463,17,6,15,71408,8AF86805,0,2179,tiles/pagina_17/tile_4463.png
4464,17,7,0,71424,69691905,1,22,tiles/pagina_17/tile_4464.png
4465,17,7,1,71440,1CDB280A,0,,tiles/pagina_17/tile_4465.png
4466,17,7,2,71456,69691905,1,22,tiles/pagina_17/tile_4466.png
4467,17,7,3,71472,E837F95D,0,,tiles/pagina_17/tile_4467.png
4468,17,7,4,71488,A4ACBD44,0,,tiles/pagina_17/tile_4468.png
4469,17,7,5,71504,9F8277EC,0,,tiles/pagina_17/tile_4469.png
4470,17,7,6,71520,75F248D5,0,,tiles/pagina_17/tile_4470.png
4471,17,7,7,71536,2A8021DD,0,,tiles/pagina_17/tile_4471.png
4472,17,7,8,71552,69691905,1,22,tiles/pagina_17/tile_4472.png
4473,17,7,9,71568,09A06385,0,,tiles/pagina_17/tile_4473.png
4474,17,7,10,71584,2FBDE2B9,0,,tiles/pagina_17/tile_4474.png
4475,17,7,11,71600,69691905,1,22,tiles/pagina_17/tile_4475.png
4476,17,7,12,71616,0B75C228,0,,tiles/pagina_17/tile_4476.png
4477,17,7,13,71632,AB5A3109,0,,tiles/pagina_17/tile_4477.png
4478,17,7,14,71648,316D42F5,0,,tiles/pagina_17/tile_4478.png
4479,17,7,15,71664,69691905,1,22,tiles/pagina_17/tile_4479.png
4480,17,8,0,71680,4E5F9C70,0,4360,tiles/pagina_17/tile_4480.png
4481,17,8,1,71696,7C86CE0D,0,4397,tiles/pagina_17/tile_4481.png
4482,17,8,2,71712,06D1B125,0,4398,tiles/pagina_17/tile_4482.png
4483,17,8,3,71728,F9C952F5,0,4399,tiles/pagina_17/tile_4483.png
4484,17,8,4,71744,D319FE7F,0,132,tiles/pagina_17/tile_4484.png
4485,17,8,5,71760,66D1315B,0,133,tiles/pagina_17/tile_4485.png
4486,17,8,6,71776,0A31DF7D,0,4410,tiles/pagina_17/tile_4486.png
4487,17,8,7,71792,74249037,0,,tiles/pagina_17/tile_4487.png
4488,17,8,8,71808,69691905,1,22,tiles/pagina_17/tile_4488.png
4489,17,8,9,71824,69691905,1,22,tiles/pagina_17/tile_4489.png
4490,17,8,10,71840,D319FE7F,0,132,tiles/pagina_17/tile_4490.png
4491,17,8,11,71856,7F61BBC3,0,139,tiles/pagina_17/tile_4491.png
4492,17,8,12,71872,0A31DF7D,0,4410,tiles/pagina_17/tile_4492.png
4493,17,8,13,71888,01426001,0,,tiles/pagina_17/tile_4493.png
4494,17,8,14,71904,69691905,1,22,tiles/pagina_17/tile_4494.png
4495,17,8,15,71920,69691905,1,22,tiles/pagina_17/tile_4495.png
4496,17,9,0,71936,68691772,0,16,tiles/pagina_17/tile_4496.png
4497,17,9,1,71952,6D1175C6,0,17,tiles/pagina_17/tile_4497.png
4498,17,9,2,71968,3CF7B44D,0,18,tiles/pagina_17/tile_4498.png
4499,17,9,3,71984,EB7BBB2F,0,19,tiles/pagina_17/tile_4499.png
4500,17,9,4,72000,C29D25A7,0,20,tiles/pagina_17/tile_4500.png
4501,17,9,5,72016,1B75BBA2,0,21,tiles/pagina_17/tile_4501.png
4502,17,9,6,72032,69691905,1,22,tiles/pagina_17/tile_4502.png
4503,17,9,7,72048,1E1D71C5,0,23,tiles/pagina_17/tile_4503.png
4504,17,9,8,72064,5B479FAD,0,,tiles/pagina_17/tile_4504.png
4505,17,9,9,72080,FECE87AE,0,,tiles/pagina_17/tile_4505.png
4506,17,9,10,72096,B1BA470E,0,,tiles/pagina_17/tile_4506.png
4507,17,9,11,72112,1581B696,0,,tiles/pagina_17/tile_4507.png
4508,17,9,12,72128,5C4F074F,0,,tiles/pagina_17/tile_4508.png
4509,17,9,13,72144,9D20EF84,0,,tiles/pagina_17/tile_4509.png
4510,17,9,14,72160,452AA2F5,0,,tiles/pagina_17/tile_4510.png
4511,17,9,15,72176,AA79B561,0,,tiles/pagina_17/tile_4511.png
4512,17,10,0,72192,D319FE7F,0,132,tiles/pagina_17/tile_4512.png
4513,17,10,1,72208,126F5649,0,161,tiles/pagina_17/tile_4513.png
4514,17,10,2,72224,0A31DF7D,0,4410,tiles/pagina_17/tile_4514.png
4515,17,10,3,72240,C1023CBD,0,4379,tiles/pagina_17/tile_4515.png
4516,17,10,4,72256,69691905,1,22,tiles/pagina_17/tile_4516.png
4517,17,10,5,72272,69691905,1,22,tiles/pagina_17/tile_4517.png
4518,17,10,6,72288,7B700ED8,0,,tiles/pagina_17/tile_4518.png
4519,17,10,7,72304,34734ABF,0,,tiles/pagina_17/tile_4519.png
4520,17,10,8,72320,4E5F9C70,0,4360,tiles/pagina_17/tile_4520.png
4521,17,10,9,72336,10CFECC5,0,,tiles/pagina_17/tile_4521.png
4522,17,10,10,72352,E23C0025,0,,tiles/pagina_17/tile_4522.png
4523,17,10,11,72368,936A8745,0,,tiles/pagina_17/tile_4523.png
4524,17,10,12,72384,B8FFBDCF,0,,tiles/pagina_17/tile_4524.png
4525,17,10,13,72400,5E11280F,0,,tiles/pagina_17/tile_4525.png
4526,17,10,14,72416,F85D7971,0,174,tiles/pagina_17/tile_4526.png
4527,17,10,15,72432,13F12D01,0,175,tiles/pagina_17/tile_4527.png
4528,17,11,0,72448,0D66659D,0,,tiles/pagina_17/tile_4528.png
4529,17,11,1,72464,BA4648C1,0,,tiles/pagina_17/tile_4529.png
4530,17,11,2,72480,F3C9AD75,0,,tiles/pagina_17/tile_4530.png
4531,17,11,3,72496,352DD2D1,0,,tiles/pagina_17/tile_4531.png
4532,17,11,4,72512,6E39F6E8,0,,tiles/pagina_17/tile_4532.png
4533,17,11,5,72528,6543AE4C,0,,tiles/pagina_17/tile_4533.png
4534,17,11,6,72544,3BB09059,0,,tiles/pagina_17/tile_4534.png
4535,17,11,7,72560,0CA05901,0,,tiles/pagina_17/tile_4535.png
4536,17,11,8,72576,CA5A36F8,0,4352,tiles/pagina_17/tile_4536.png
4537,17,11,9,72592,5211089F,0,4353,tiles/pagina_17/tile_4537.png
4538,17,11,10,72608,348175F5,0,4354,tiles/pagina_17/tile_4538.png
4539,17,11,11,72624,CA03674F,0,4355,tiles/pagina_17/tile_4539.png
4540,17,11,12,72640,DFA41E27,0,,tiles/pagina_17/tile_4540.png
4541,17,11,13,72656,1C76855C,0,,tiles/pagina_17/tile_4541.png
4542,17,11,14,72672,71DC374B,0,,tiles/pagina_17/tile_4542.png
4543,17,11,15,72688,1F6D49A5,0,,tiles/pagina_17/tile_4543.png
4544,17,12,0,72704,E1A688D4,0,192,tiles/pagina_17/tile_4544.png
4545,17,12,1,72720,A169870E,0,193,tiles/pagina_17/tile_4545.png
4546,17,12,2,72736,DE3B37A5,0,,tiles/pagina_17/tile_4546.png
4547,17,12,3,72752,B751AF89,0,195,tiles/pagina_17/tile_4547.png
4548,17,12,4,72768,3363F205,0,,tiles/pagina_17/tile_4548.png
4549,17,12,5,72784,BC737685,0,,tiles/pagina_17/tile_4549.png
4550,17,12,6,72800,53156D85,0,,tiles/pagina_17/tile_4550.png
4551,17,12,7,72816,BC737685,0,4549,tiles/pagina_17/tile_4551.png
4552,17,12,8,72832,24010CDA,0,200,tiles/pagina_17/tile_4552.png
4553,17,12,9,72848,A169870E,0,193,tiles/pagina_17/tile_4553.png
4554,17,12,10,72864,C1CFE06D,0,,tiles/pagina_17/tile_4554.png
4555,17,12,11,72880,83CBE33C,0,,tiles/pagina_17/tile_4555.png
4556,17,12,12,72896,A12E832C,0,204,tiles/pagina_17/tile_4556.png
4557,17,12,13,72912,A169870E,0,193,tiles/pagina_17/tile_4557.png
4558,17,12,14,72928,F66954E2,0,,tiles/pagina_17/tile_4558.png
4559,17,12,15,72944,795D031D,0,207,tiles/pagina_17/tile_4559.png
4560,17,13,0,72960,68691772,0,16,tiles/pagina_17/tile_4560.png
4561,17,13,1,72976,6D1175C6,0,17,tiles/pagina_17/tile_4561.png
4562,17,13,2,72992,3CF7B44D,0,18,tiles/pagina_17/tile_4562.png
4563,17,13,3,73008,EB7BBB2F,0,19,tiles/pagina_17/tile_4563.png
4564,17,13,4,73024,C29D25A7,0,20,tiles/pagina_17/tile_4564.png
4565,17,13,5,73040,1B75BBA2,0,21,tiles/pagina_17/tile_4565.png
4566,17,13,6,73056,69691905,1,22,tiles/pagina_17/tile_4566.png
4567,17,13,7,73072,1E1D71C5,0,23,tiles/pagina_17/tile_4567.png
4568,17,13,8,73088,A7D743A8,0,,tiles/pagina_17/tile_4568.png
4569,17,13,9,73104,EF364F3F,0,,tiles/pagina_17/tile_4569.png
4570,17,13,10,73120,348175F5,0,4354,tiles/pagina_17/tile_4570.png
4571,17,13,11,73136,B503D79F,0,,tiles/pagina_17/tile_4571.png
4572,17,13,12,73152,0FEDA686,0,220,tiles/pagina_17/tile_4572.png
4573,17,13,13,73168,889B545B,0,5,tiles/pagina_17/tile_4573.png
4574,17,13,14,73184,F7695675,0,,tiles/pagina_17/tile_4574.png
4575,17,13,15,73200,83CBE33C,0,4555,tiles/pagina_17/tile_4575.png
4576,17,14,0,73216,005A0E1B,0,4358,tiles/pagina_17/tile_4576.png
4577,17,14,1,73232,F5CD6F13,0,4359,tiles/pagina_17/tile_4577.png
4578,17,14,2,73248,4E84D8FD,0,766,tiles/pagina_17/tile_4578.png
4579,17,14,3,73264,4E84D8FD,0,766,tiles/pagina_17/tile_4579.png
4580,17,14,4,73280,09D3DB85,0,,tiles/pagina_17/tile_4580.png
4581,17,14,5,73296,63485D05,0,,tiles/pagina_17/tile_4581.png
4582,17,14,6,73312,09D3DB85,0,4580,tiles/pagina_17/tile_4582.png
4583,17,14,7,73328,264AA685,0,,tiles/pagina_17/tile_4583.png
4584,17,14,8,73344,CA5A36F8,0,4352,tiles/pagina_17/tile_4584.png
4585,17,14,9,73360,5211089F,0,4353,tiles/pagina_17/tile_4585.png
4586,17,14,10,73376,348175F5,0,4354,tiles/pagina_17/tile_4586.png
4587,17,14,11,73392,CA03674F,0,4355,tiles/pagina_17/tile_4587.png
4588,17,14,12,73408,F7695675,0,4574,tiles/pagina_17/tile_4588.png
4589,17,14,13,73424,795D031D,0,207,tiles/pagina_17/tile_4589.png
4590,17,14,14,73440,09D3DB85,0,4580,tiles/pagina_17/tile_4590.png
4591,17,14,15,73456,BC737685,0,4549,tiles/pagina_17/tile_4591.png
4592,17,15,0,73472,0408E8D4,0,240,tiles/pagina_17/tile_4592.png
4593,17,15,1,73488,2F2EA08E,0,241,tiles/pagina_17/tile_4593.png
4594,17,15,2,73504,4E101445,0,,tiles/pagina_17/tile_4594.png
4595,17,15,3,73520,7D71D969,0,,tiles/pagina_17/tile_4595.png
4596,17,15,4,73536,6A063474,0,244,tiles/pagina_17/tile_4596.png
4597,17,15,5,73552,9D75487E,0,245,tiles/pagina_17/tile_4597.png
4598,17,15,6,73568,4E101445,0,4594,tiles/pagina_17/tile_4598.png
4599,17,15,7,73584,24622F43,0,,tiles/pagina_17/tile_4599.png
4600,17,15,8,73600,6A063474,0,244,tiles/pagina_17/tile_4600.png
4601,17,15,9,73616,9DBA3DEC,0,249,tiles/pagina_17/tile_4601.png
4602,17,15,10,73632,4E101445,0,4594,tiles/pagina_17/tile_4602.png
4603,17,15,11,73648,FC90E95B,0,,tiles/pagina_17/tile_4603.png
4604,17,15,12,73664,53156D85,0,4550,tiles/pagina_17/tile_4604.png
4605,17,15,13,73680,69691905,1,22,tiles/pagina_17/tile_4605.png
4606,17,15,14,73696,53156D85,0,4550,tiles/pagina_17/tile_4606.png
4607,17,15,15,73712,BC737685,0,4549,tiles/pagina_17/tile_4607.png
4608,18,0,0,73728,69691905,1,22,tiles/pagina_18/tile_4608.png
4609,18,0,1,73744,FBC9C7D8,0,,tiles/pagina_18/tile_4609.png
4610,18,0,2,73760,47423497,0,,tiles/pagina_18/tile_4610.png
4611,18,0,3,73776,4CD4EBA9,0,,tiles/pagina_18/tile_4611.png
4612,18,0,4,73792,1801E2D0,0,,tiles/pagina_18/tile_4612.png
4613,18,0,5,73808,DB46F807,0,,tiles/pagina_18/tile_4613.png
4614,18,0,6,73824,B866B9CE,0,,tiles/pagina_18/tile_4614.png
4615,18,0,7,73840,9DC49B46,0,,tiles/pagina_18/tile_4615.png
4616,18,0,8,73856,7E76477A,0,,tiles/pagina_18/tile_4616.png
4617,18,0,9,73872,8B64B670,0,,tiles/pagina_18/tile_4617.png
4618,18,0,10,73888,58520105,0,,tiles/pagina_18/tile_4618.png
4619,18,0,11,73904,496DB907,0,,tiles/pagina_18/tile_4619.png
4620,18,0,12,73920,7E76477A,0,4616,tiles/pagina_18/tile_4620.png
4621,18,0,13,73936,AE5F5C5C,0,,tiles/pagina_18/tile_4621.png
4622,18,0,14,73952,58520105,0,4618,tiles/pagina_18/tile_4622.png
4623,18,0,15,73968,1C69ADCF,0,,tiles/pagina_18/tile_4623.png
4624,18,1,0,73984,47423497,0,4610,tiles/pagina_18/tile_4624.png
4625,18,1,1,74000,1F1537C9,0,,tiles/pagina_18/tile_4625.png
4626,18,1,2,74016,5D749D81,0,,tiles/pagina_18/tile_4626.png
4627,18,1,3,74032,69691905,1,22,tiles/pagina_18/tile_4627.png
4628,18,1,4,74048,0F6017E6,0,,tiles/pagina_18/tile_4628.png
4629,18,1,5,74064,C2AB5100,0,,tiles/pagina_18/tile_4629.png
4630,18,1,6,74080,B2419F2B,0,1238,tiles/pagina_18/tile_4630.png
4631,18,1,7,74096,1F5DA557,0,1239,tiles/pagina_18/tile_4631.png
4632,18,1,8,74112,8FCD210A,0,,tiles/pagina_18/tile_4632.png
4633,18,1,9,74128,B8AE8F17,0,,tiles/pagina_18/tile_4633.png
4634,18,1,10,74144,2823DE8C,0,,tiles/pagina_18/tile_4634.png
4635,18,1,11,74160,6B0D2DB5,0,,tiles/pagina_18/tile_4635.png
4636,18,1,12,74176,5854C109,0,,tiles/pagina_18/tile_4636.png
4637,18,1,13,74192,3576D41D,0,,tiles/pagina_18/tile_4637.png
4638,18,1,14,74208,E5946BD3,0,,tiles/pagina_18/tile_4638.png
4639,18,1,15,74224,DD6B1776,0,,tiles/pagina_18/tile_4639.png
4640,18,2,0,74240,F2DDB485,0,,tiles/pagina_18/tile_4640.png
4641,18,2,1,74256,247BA335,0,,tiles/pagina_18/tile_4641.png
4642,18,2,2,74272,E5946BD3,0,4638,tiles/pagina_18/tile_4642.png
4643,18,2,3,74288,E6BE3776,0,,tiles/pagina_18/tile_4643.png
4644,18,2,4,74304,A1C3D427,0,,tiles/pagina_18/tile_4644.png
4645,18,2,5,74320,83F068C3,0,,tiles/pagina_18/tile_4645.png
4646,18,2,6,74336,15862080,0,,tiles/pagina_18/tile_4646.png
4647,18,2,7,74352,C95DC155,0,,tiles/pagina_18/tile_4647.png
4648,18,2,8,74368,FE2F5088,0,,tiles/pagina_18/tile_4648.png
4649,18,2,9,74384,D6BDFAD4,0,,tiles/pagina_18/tile_4649.png
4650,18,2,10,74400,58520105,0,4618,tiles/pagina_18/tile_4650.png
4651,18,2,11,74416,4AA5B52E,0,,tiles/pagina_18/tile_4651.png
4652,18,2,12,74432,A1C3D427,0,4644,tiles/pagina_18/tile_4652.png
4653,18,2,13,74448,6D813F2F,0,,tiles/pagina_18/tile_4653.png
4654,18,2,14,74464,C3BFFD51,0,,tiles/pagina_18/tile_4654.png
4655,18,2,15,74480,69691905,1,22,tiles/pagina_18/tile_4655.png
4656,18,3,0,74496,03A7BAC0,0,,tiles/pagina_18/tile_4656.png
4657,18,3,1,74512,D6BDFAD4,0,4649,tiles/pagina_18/tile_4657.png
4658,18,3,2,74528,03A7BAC0,0,4656,tiles/pagina_18/tile_4658.png
4659,18,3,3,74544,97AB0161,0,,tiles/pagina_18/tile_4659.png
4660,18,3,4,74560,58520105,0,4618,tiles/pagina_18/tile_4660.png
4661,18,3,5,74576,D14B0F77,0,,tiles/pagina_18/tile_4661.png
4662,18,3,6,74592,C13C2379,0,,tiles/pagina_18/tile_4662.png
4663,18,3,7,74608,3B575C46,0,,tiles/pagina_18/tile_4663.png
4664,18,3,8,74624,34263578,0,,tiles/pagina_18/tile_4664.png
4665,18,3,9,74640,E266A09E,0,,tiles/pagina_18/tile_4665.png
4666,18,3,10,74656,A44712D7,0,,tiles/pagina_18/tile_4666.png
4667,18,3,11,74672,700A8861,0,,tiles/pagina_18/tile_4667.png
4668,18,3,12,74688,149FAF7B,0,,tiles/pagina_18/tile_4668.png
4669,18,3,13,74704,B483D9BF,0,,tiles/pagina_18/tile_4669.png
4670,18,3,14,74720,DAEDB23F,0,,tiles/pagina_18/tile_4670.png
4671,18,3,15,74736,09F425AB,0,,tiles/pagina_18/tile_4671.png
4672,18,4,0,74752,01A2D5BF,0,,tiles/pagina_18/tile_4672.png
4673,18,4,1,74768,5B3B230B,0,,tiles/pagina_18/tile_4673.png
4674,18,4,2,74784,7BF9B445,0,,tiles/pagina_18/tile_4674.png
4675,18,4,3,74800,72827083,0,,tiles/pagina_18/tile_4675.png
4676,18,4,4,74816,69691905,1,22,tiles/pagina_18/tile_4676.png
4677,18,4,5,74832,23D8E9A1,0,,tiles/pagina_18/tile_4677.png
4678,18,4,6,74848,C7FCD10B,0,,tiles/pagina_18/tile_4678.png
4679,18,4,7,74864,947C33C0,0,,tiles/pagina_18/tile_4679.png
4680,18,4,8,74880,5DF08210,0,,tiles/pagina_18/tile_4680.png
4681,18,4,9,74896,34FA10E5,0,,tiles/pagina_18/tile_4681.png
4682,18,4,10,74912,6C42A9D5,0,,tiles/pagina_18/tile_4682.png
4683,18,4,11,74928,A1EE365F,0,,tiles/pagina_18/tile_4683.png
4684,18,4,12,74944,C7FCD10B,0,4678,tiles/pagina_18/tile_4684.png
4685,18,4,13,74960,E115FFE7,0,,tiles/pagina_18/tile_4685.png
4686,18,4,14,74976,FDEFEAF0,0,,tiles/pagina_18/tile_4686.png
4687,18,4,15,74992,44D8CF1C,0,,tiles/pagina_18/tile_4687.png
4688,18,5,0,75008,6C42A9D5,0,4682,tiles/pagina_18/tile_4688.png
4689,18,5,1,75024,D90B693F,0,,tiles/pagina_18/tile_4689.png
4690,18,5,2,75040,3F87C125,0,,tiles/pagina_18/tile_4690.png
4691,18,5,3,75056,4DE339F0,0,,tiles/pagina_18/tile_4691.png
4692,18,5,4,75072,1E0DA829,0,,tiles/pagina_18/tile_4692.png
4693,18,5,5,75088,947C33C0,0,4679,tiles/pagina_18/tile_4693.png
4694,18,5,6,75104,B2419F2B,0,1238,tiles/pagina_18/tile_4694.png
4695,18,5,7,75120,1F5DA557,0,1239,tiles/pagina_18/tile_4695.png
4696,18,5,8,75136,8FCD210A,0,4632,tiles/pagina_18/tile_4696.png
4697,18,5,9,75152,B8AE8F17,0,4633,tiles/pagina_18/tile_4697.png
4698,18,5,10,75168,02E09485,0,,tiles/pagina_18/tile_4698.png
4699,18,5,11,75184,02E09485,0,4698,tiles/pagina_18/tile_4699.png
4700,18,5,12,75200,02E09485,0,4698,tiles/pagina_18/tile_4700.png
4701,18,5,13,75216,02E09485,0,4698,tiles/pagina_18/tile_4701.png
4702,18,5,14,75232,02DA12DD,0,,tiles/pagina_18/tile_4702.png
4703,18,5,15,75248,DABCF241,0,,tiles/pagina_18/tile_4703.png
4704,18,6,0,75264,53BB6B85,0,,tiles/pagina_18/tile_4704.png
4705,18,6,1,75280,57332C6B,0,,tiles/pagina_18/tile_4705.png
4706,18,6,2,75296,C63ECAB5,0,,tiles/pagina_18/tile_4706.png
4707,18,6,3,75312,4DE339F0,0,4691,tiles/pagina_18/tile_4707.png
4708,18,6,4,75328,02E09485,0,4698,tiles/pagina_18/tile_4708.png
4709,18,6,5,75344,02E09485,0,4698,tiles/pagina_18/tile_4709.png
4710,18,6,6,75360,1C92A376,0,,tiles/pagina_18/tile_4710.png
4711,18,6,7,75376,34FA10E5,0,4681,tiles/pagina_18/tile_4711.png
4712,18,6,8,75392,02E09485,0,4698,tiles/pagina_18/tile_4712.png
4713,18,6,9,75408,02E09485,0,4698,tiles/pagina_18/tile_4713.png
4714,18,6,10,75424,02E09485,0,4698,tiles/pagina_18/tile_4714.png
4715,18,6,11,75440,02E09485,0,4698,tiles/pagina_18/tile_4715.png
4716,18,6,12,75456,02E09485,0,4698,tiles/pagina_18/tile_4716.png
4717,18,6,13,75472,02E09485,0,4698,tiles/pagina_18/tile_4717.png
4718,18,6,14,75488,69691905,1,22,tiles/pagina_18/tile_4718.png
4719,18,6,15,75504,69691905,1,22,tiles/pagina_18/tile_4719.png
4720,18,7,0,75520,02E09485,0,4698,tiles/pagina_18/tile_4720.png
4721,18,7,1,75536,02E09485,0,4698,tiles/pagina_18/tile_4721.png
4722,18,7,2,75552,02E09485,0,4698,tiles/pagina_18/tile_4722.png
4723,18,7,3,75568,02E09485,0,4698,tiles/pagina_18/tile_4723.png
4724,18,7,4,75584,02E09485,0,4698,tiles/pagina_18/tile_4724.png
4725,18,7,5,75600,02E09485,0,4698,tiles/pagina_18/tile_4725.png
4726,18,7,6,75616,69691905,1,22,tiles/pagina_18/tile_4726.png
4727,18,7,7,75632,69691905,1,22,tiles/pagina_18/tile_4727.png
4728,18,7,8,75648,34263578,0,4664,tiles/pagina_18/tile_4728.png
4729,18,7,9,75664,E266A09E,0,4665,tiles/pagina_18/tile_4729.png
4730,18,7,10,75680,A44712D7,0,4666,tiles/pagina_18/tile_4730.png
4731,18,7,11,75696,700A8861,0,4667,tiles/pagina_18/tile_4731.png
4732,18,7,12,75712,149FAF7B,0,4668,tiles/pagina_18/tile_4732.png
4733,18,7,13,75728,B483D9BF,0,4669,tiles/pagina_18/tile_4733.png
4734,18,7,14,75744,DAEDB23F,0,4670,tiles/pagina_18/tile_4734.png
4735,18,7,15,75760,09F425AB,0,4671,tiles/pagina_18/tile_4735.png
4736,18,8,0,75776,2469AC3C,0,,tiles/pagina_18/tile_4736.png
4737,18,8,1,75792,AEA48230,0,,tiles/pagina_18/tile_4737.png
4738,18,8,2,75808,3B379B5C,0,,tiles/pagina_18/tile_4738.png
4739,18,8,3,75824,1F143E4B,0,,tiles/pagina_18/tile_4739.png
4740,18,8,4,75840,9B8DF535,0,,tiles/pagina_18/tile_4740.png
4741,18,8,5,75856,1489CCAC,0,,tiles/pagina_18/tile_4741.png
4742,18,8,6,75872,0140DAF4,0,,tiles/pagina_18/tile_4742.png
4743,18,8,7,75888,31E0B422,0,,tiles/pagina_18/tile_4743.png
4744,18,8,8,75904,06DB38C9,0,,tiles/pagina_18/tile_4744.png
4745,18,8,9,75920,613CEA25,0,,tiles/pagina_18/tile_4745.png
4746,18,8,10,75936,8AD9D23D,0,,tiles/pagina_18/tile_4746.png
4747,18,8,11,75952,2E6AE9FB,0,,tiles/pagina_18/tile_4747.png
4748,18,8,12,75968,0140DAF4,0,4742,tiles/pagina_18/tile_4748.png
4749,18,8,13,75984,68691772,0,16,tiles/pagina_18/tile_4749.png
4750,18,8,14,76000,06DB38C9,0,4744,tiles/pagina_18/tile_4750.png
4751,18,8,15,76016,E5298A9C,0,,tiles/pagina_18/tile_4751.png
4752,18,9,0,76032,8AD9D23D,0,4746,tiles/pagina_18/tile_4752.png
4753,18,9,1,76048,79B4217B,0,,tiles/pagina_18/tile_4753.png
4754,18,9,2,76064,2F378878,0,,tiles/pagina_18/tile_4754.png
4755,18,9,3,76080,AFF4F88F,0,,tiles/pagina_18/tile_4755.png
4756,18,9,4,76096,F852F560,0,,tiles/pagina_18/tile_4756.png
4757,18,9,5,76112,31E0B422,0,4743,tiles/pagina_18/tile_4757.png
4758,18,9,6,76128,B2419F2B,0,1238,tiles/pagina_18/tile_4758.png
4759,18,9,7,76144,1F5DA557,0,1239,tiles/pagina_18/tile_4759.png
4760,18,9,8,76160,8FCD210A,0,4632,tiles/pagina_18/tile_4760.png
4761,18,9,9,76176,B8AE8F17,0,4633,tiles/pagina_18/tile_4761.png
4762,18,9,10,76192,EA9B6F99,0,,tiles/pagina_18/tile_4762.png
4763,18,9,11,76208,6C804551,0,,tiles/pagina_18/tile_4763.png
4764,18,9,12,76224,C63D3D83,0,,tiles/pagina_18/tile_4764.png
4765,18,9,13,76240,1826D967,0,,tiles/pagina_18/tile_4765.png
4766,18,9,14,76256,E44CFBE0,0,,tiles/pagina_18/tile_4766.png
4767,18,9,15,76272,4F21C5CE,0,,tiles/pagina_18/tile_4767.png
4768,18,10,0,76288,026436E1,0,,tiles/pagina_18/tile_4768.png
4769,18,10,1,76304,BBC4FCE4,0,,tiles/pagina_18/tile_4769.png
4770,18,10,2,76320,03F22CC5,0,,tiles/pagina_18/tile_4770.png
4771,18,10,3,76336,2B4E0205,0,,tiles/pagina_18/tile_4771.png
4772,18,10,4,76352,653AD0AA,0,,tiles/pagina_18/tile_4772.png
4773,18,10,5,76368,EBD24362,0,,tiles/pagina_18/tile_4773.png
4774,18,10,6,76384,2A7447D3,0,,tiles/pagina_18/tile_4774.png
4775,18,10,7,76400,8E60275F,0,,tiles/pagina_18/tile_4775.png
4776,18,10,8,76416,A197D01A,0,,tiles/pagina_18/tile_4776.png
4777,18,10,9,76432,51F29BE2,0,,tiles/pagina_18/tile_4777.png
4778,18,10,10,76448,2A7447D3,0,4774,tiles/pagina_18/tile_4778.png
4779,18,10,11,76464,09C96583,0,,tiles/pagina_18/tile_4779.png
4780,18,10,12,76480,026436E1,0,4768,tiles/pagina_18/tile_4780.png
4781,18,10,13,76496,FEC8DDC8,0,,tiles/pagina_18/tile_4781.png
4782,18,10,14,76512,405D16DF,0,,tiles/pagina_18/tile_4782.png
4783,18,10,15,76528,69691905,1,22,tiles/pagina_18/tile_4783.png
4784,18,11,0,76544,967CA392,0,,tiles/pagina_18/tile_4784.png
4785,18,11,1,76560,D7B5B462,0,,tiles/pagina_18/tile_4785.png
4786,18,11,2,76576,C8FE7141,0,,tiles/pagina_18/tile_4786.png
4787,18,11,3,76592,93C69D2D,0,,tiles/pagina_18/tile_4787.png
4788,18,11,4,76608,426E6161,0,,tiles/pagina_18/tile_4788.png
4789,18,11,5,76624,EAC26C40,0,,tiles/pagina_18/tile_4789.png
4790,18,11,6,76640,3EB33ACB,0,,tiles/pagina_18/tile_4790.png
4791,18,11,7,76656,613CEA25,0,4745,tiles/pagina_18/tile_4791.png
4792,18,11,8,76672,34263578,0,4664,tiles/pagina_18/tile_4792.png
4793,18,11,9,76688,E266A09E,0,4665,tiles/pagina_18/tile_4793.png
4794,18,11,10,76704,A44712D7,0,4666,tiles/pagina_18/tile_4794.png
4795,18,11,11,76720,700A8861,0,4667,tiles/pagina_18/tile_4795.png
4796,18,11,12,76736,149FAF7B,0,4668,tiles/pagina_18/tile_4796.png
4797,18,11,13,76752,B483D9BF,0,4669,tiles/pagina_18/tile_4797.png
4798,18,11,14,76768,DAEDB23F,0,4670,tiles/pagina_18/tile_4798.png
4799,18,11,15,76784,09F425AB,0,4671,tiles/pagina_18/tile_4799.png
4800,18,12,0,76800,69691905,1,22,tiles/pagina_18/tile_4800.png
4801,18,12,1,76816,FA61AE83,0,,tiles/pagina_18/tile_4801.png
4802,18,12,2,76832,A61FD57F,0,,tiles/pagina_18/tile_4802.png
4803,18,12,3,76848,80241FC6,0,,tiles/pagina_18/tile_4803.png
4804,18,12,4,76864,69691905,1,22,tiles/pagina_18/tile_4804.png
4805,18,12,5,76880,EF619D32,0,,tiles/pagina_18/tile_4805.png
4806,18,12,6,76896,69691905,1,22,tiles/pagina_18/tile_4806.png
4807,18,12,7,76912,E2F5294D,0,,tiles/pagina_18/tile_4807.png
4808,18,12,8,76928,E401B626,0,,tiles/pagina_18/tile_4808.png
4809,18,12,9,76944,0C08E627,0,,tiles/pagina_18/tile_4809.png
4810,18,12,10,76960,5733A675,0,,tiles/pagina_18/tile_4810.png
4811,18,12,11,76976,5B5901CF,0,,tiles/pagina_18/tile_4811.png
4812,18,12,12,76992,69691905,1,22,tiles/pagina_18/tile_4812.png
4813,18,12,13,77008,4866A67B,0,,tiles/pagina_18/tile_4813.png
4814,18,12,14,77024,69691905,1,22,tiles/pagina_18/tile_4814.png
4815,18,12,15,77040,B3A5D1F5,0,,tiles/pagina_18/tile_4815.png
4816,18,13,0,77056,48F36F0E,0,,tiles/pagina_18/tile_4816.png
4817,18,13,1,77072,B4CE9F47,0,,tiles/pagina_18/tile_4817.png
4818,18,13,2,77088,708EAD73,0,,tiles/pagina_18/tile_4818.png
4819,18,13,3,77104,40A4662D,0,,tiles/pagina_18/tile_4819.png
4820,18,13,4,77120,69691905,1,22,tiles/pagina_18/tile_4820.png
4821,18,13,5,77136,4566A1C2,0,,tiles/pagina_18/tile_4821.png
4822,18,13,6,77152,69691905,1,22,tiles/pagina_18/tile_4822.png
4823,18,13,7,77168,1798E785,0,,tiles/pagina_18/tile_4823.png
4824,18,13,8,77184,71B1735D,0,,tiles/pagina_18/tile_4824.png
4825,18,13,9,77200,EC5EA50C,0,,tiles/pagina_18/tile_4825.png
4826,18,13,10,77216,40CC183F,0,,tiles/pagina_18/tile_4826.png
4827,18,13,11,77232,B58EE24D,0,,tiles/pagina_18/tile_4827.png
4828,18,13,12,77248,69691905,1,22,tiles/pagina_18/tile_4828.png
4829,18,13,13,77264,5584C6C0,0,,tiles/pagina_18/tile_4829.png
4830,18,13,14,77280,84B6D8AC,0,,tiles/pagina_18/tile_4830.png
4831,18,13,15,77296,202CBF97,0,,tiles/pagina_18/tile_4831.png
4832,18,14,0,77312,D20BE2F2,0,,tiles/pagina_18/tile_4832.png
4833,18,14,1,77328,BA325E33,0,,tiles/pagina_18/tile_4833.png
4834,18,14,2,77344,0B3AE36A,0,,tiles/pagina_18/tile_4834.png
4835,18,14,3,77360,0565AE76,0,,tiles/pagina_18/tile_4835.png
4836,18,14,4,77376,FABC3605,0,,tiles/pagina_18/tile_4836.png
4837,18,14,5,77392,C2D59655,0,,tiles/pagina_18/tile_4837.png
4838,18,14,6,77408,408848CC,0,,tiles/pagina_18/tile_4838.png
4839,18,14,7,77424,705C94D8,0,,tiles/pagina_18/tile_4839.png
4840,18,14,8,77440,45DD698D,0,,tiles/pagina_18/tile_4840.png
4841,18,14,9,77456,2E4640BB,0,,tiles/pagina_18/tile_4841.png
4842,18,14,10,77472,5DFDEF25,0,,tiles/pagina_18/tile_4842.png
4843,18,14,11,77488,8AADE8CD,0,,tiles/pagina_18/tile_4843.png
4844,18,14,12,77504,84BA1A44,0,,tiles/pagina_18/tile_4844.png
4845,18,14,13,77520,FA2549D2,0,,tiles/pagina_18/tile_4845.png
4846,18,14,14,77536,DF1325D5,0,,tiles/pagina_18/tile_4846.png
4847,18,14,15,77552,D3B062F3,0,,tiles/pagina_18/tile_4847.png
4848,18,15,0,77568,A322391D,0,,tiles/pagina_18/tile_4848.png
4849,18,15,1,77584,11E4A8ED,0,,tiles/pagina_18/tile_4849.png
4850,18,15,2,77600,F6B179E3,0,,tiles/pagina_18/tile_4850.png
4851,18,15,3,77616,5573AAA5,0,,tiles/pagina_18/tile_4851.png
4852,18,15,4,77632,D03158E4,0,,tiles/pagina_18/tile_4852.png
4853,18,15,5,77648,309CAA84,0,,tiles/pagina_18/tile_4853.png
4854,18,15,6,77664,4A1860F5,0,,tiles/pagina_18/tile_4854.png
4855,18,15,7,77680,D4C8ECE5,0,,tiles/pagina_18/tile_4855.png
4856,18,15,8,77696,DBDD0C11,0,,tiles/pagina_18/tile_4856.png
4857,18,15,9,77712,4856D577,0,,tiles/pagina_18/tile_4857.png
4858,18,15,10,77728,76350C4F,0,,tiles/pagina_18/tile_4858.png
4859,18,15,11,77744,9A10B941,0,,tiles/pagina_18/tile_4859.png
4860,18,15,12,77760,0F89DD79,0,,tiles/pagina_18/tile_4860.png
4861,18,15,13,77776,907B9575,0,,tiles/pagina_18/tile_4861.png
4862,18,15,14,77792,B2419F2B,0,1238,tiles/pagina_18/tile_4862.png
4863,18,15,15,77808,1F5DA557,0,1239,tiles/pagina_18/tile_4863.png
4864,19,0,0,77824,867FB0A1,0,,tiles/pagina_19/tile_4864.png
4865,19,0,1,77840,BD355E29,0,,tiles/pagina_19/tile_4865.png
4866,19,0,2,77856,9600A343,0,,tiles/pagina_19/tile_4866.png
4867,19,0,3,77872,8CC1102D,0,,tiles/pagina_19/tile_4867.png
4868,19,0,4,77888,3D1720D9,0,,tiles/pagina_19/tile_4868.png
4869,19,0,5,77904,ABBBB2AF,0,,tiles/pagina_19/tile_4869.png
4870,19,0,6,77920,8D156B8D,0,,tiles/pagina_19/tile_4870.png
4871,19,0,7,77936,8176B3DD,0,,tiles/pagina_19/tile_4871.png
4872,19,0,8,77952,EB858955,0,3897,tiles/pagina_19/tile_4872.png
4873,19,0,9,77968,9D014F4F,0,,tiles/pagina_19/tile_4873.png
4874,19,0,10,77984,C32FD487,0,,tiles/pagina_19/tile_4874.png
4875,19,0,11,78000,2B670D13,0,,tiles/pagina_19/tile_4875.png
4876,19,0,12,78016,C25742C9,0,,tiles/pagina_19/tile_4876.png
4877,19,0,13,78032,750C603F,0,,tiles/pagina_19/tile_4877.png
4878,19,0,14,78048,E2EE915D,0,,tiles/pagina_19/tile_4878.png
4879,19,0,15,78064,E3DE4AC5,0,,tiles/pagina_19/tile_4879.png
4880,19,1,0,78080,DFBF843A,0,,tiles/pagina_19/tile_4880.png
4881,19,1,1,78096,EEF91531,0,,tiles/pagina_19/tile_4881.png
4882,19,1,2,78112,ED540EAE,0,,tiles/pagina_19/tile_4882.png
4883,19,1,3,78128,D20BBCC3,0,,tiles/pagina_19/tile_4883.png
4884,19,1,4,78144,0BFAAA34,0,,tiles/pagina_19/tile_4884.png
4885,19,1,5,78160,C40B4880,0,,tiles/pagina_19/tile_4885.png
4886,19,1,6,78176,867FB0A1,0,4864,tiles/pagina_19/tile_4886.png
4887,19,1,7,78192,EB858955,0,3897,tiles/pagina_19/tile_4887.png
4888,19,1,8,78208,FD99D4D9,0,3898,tiles/pagina_19/tile_4888.png
4889,19,1,9,78224,360779F5,0,112,tiles/pagina_19/tile_4889.png
4890,19,1,10,78240,8D156B8D,0,4870,tiles/pagina_19/tile_4890.png
4891,19,1,11,78256,E2EE915D,0,4878,tiles/pagina_19/tile_4891.png
4892,19,1,12,78272,360779F5,0,112,tiles/pagina_19/tile_4892.png
4893,19,1,13,78288,BFEFF11F,0,,tiles/pagina_19/tile_4893.png
4894,19,1,14,78304,00ECA2A5,0,936,tiles/pagina_19/tile_4894.png
4895,19,1,15,78320,00ECA2A5,0,936,tiles/pagina_19/tile_4895.png
4896,19,2,0,78336,00ECA2A5,0,936,tiles/pagina_19/tile_4896.png
4897,19,2,1,78352,00ECA2A5,0,936,tiles/pagina_19/tile_4897.png
4898,19,2,2,78368,00ECA2A5,0,936,tiles/pagina_19/tile_4898.png
4899,19,2,3,78384,00ECA2A5,0,936,tiles/pagina_19/tile_4899.png
4900,19,2,4,78400,00ECA2A5,0,936,tiles/pagina_19/tile_4900.png
4901,19,2,5,78416,00ECA2A5,0,936,tiles/pagina_19/tile_4901.png
4902,19,2,6,78432,00ECA2A5,0,936,tiles/pagina_19/tile_4902.png
4903,19,2,7,78448,00ECA2A5,0,936,tiles/pagina_19/tile_4903.png
4904,19,2,8,78464,00ECA2A5,0,936,tiles/pagina_19/tile_4904.png
4905,19,2,9,78480,00ECA2A5,0,936,tiles/pagina_19/tile_4905.png
4906,19,2,10,78496,00ECA2A5,0,936,tiles/pagina_19/tile_4906.png
4907,19,2,11,78512,00ECA2A5,0,936,tiles/pagina_19/tile_4907.png
4908,19,2,12,78528,00ECA2A5,0,936,tiles/pagina_19/tile_4908.png
4909,19,2,13,78544,00ECA2A5,0,936,tiles/pagina_19/tile_4909.png
4910,19,2,14,78560,00ECA2A5,0,936,tiles/pagina_19/tile_4910.png
4911,19,2,15,78576,00ECA2A5,0,936,tiles/pagina_19/tile_4911.png
4912,19,3,0,78592,00ECA2A5,0,936,tiles/pagina_19/tile_4912.png
4913,19,3,1,78608,00ECA2A5,0,936,tiles/pagina_19/tile_4913.png
4914,19,3,2,78624,00ECA2A5,0,936,tiles/pagina_19/tile_4914.png
4915,19,3,3,78640,00ECA2A5,0,936,tiles/pagina_19/tile_4915.png
4916,19,3,4,78656,00ECA2A5,0,936,tiles/pagina_19/tile_4916.png
4917,19,3,5,78672,00ECA2A5,0,936,tiles/pagina_19/tile_4917.png
4918,19,3,6,78688,00ECA2A5,0,936,tiles/pagina_19/tile_4918.png
4919,19,3,7,78704,00ECA2A5,0,936,tiles/pagina_19/tile_4919.png
4920,19,3,8,78720,00ECA2A5,0,936,tiles/pagina_19/tile_4920.png
4921,19,3,9,78736,00ECA2A5,0,936,tiles/pagina_19/tile_4921.png
4922,19,3,10,78752,00ECA2A5,0,936,tiles/pagina_19/tile_4922.png
4923,19,3,11,78768,00ECA2A5,0,936,tiles/pagina_19/tile_4923.png
4924,19,3,12,78784,00ECA2A5,0,936,tiles/pagina_19/tile_4924.png
4925,19,3,13,78800,00ECA2A5,0,936,tiles/pagina_19/tile_4925.png
4926,19,3,14,78816,00ECA2A5,0,936,tiles/pagina_19/tile_4926.png
4927,19,3,15,78832,00ECA2A5,0,936,tiles/pagina_19/tile_4927.png
4928,19,4,0,78848,9929D470,0,3264,tiles/pagina_19/tile_4928.png
4929,19,4,1,78864,5D6782FF,0,,tiles/pagina_19/tile_4929.png
4930,19,4,2,78880,7B8234F5,0,,tiles/pagina_19/tile_4930.png
4931,19,4,3,78896,5292B59F,0,,tiles/pagina_19/tile_4931.png
4932,19,4,4,78912,D54FF770,0,,tiles/pagina_19/tile_4932.png
4933,19,4,5,78928,FEC62C68,0,3269,tiles/pagina_19/tile_4933.png
4934,19,4,6,78944,D54FF770,0,4932,tiles/pagina_19/tile_4934.png
4935,19,4,7,78960,1B368F1F,0,3271,tiles/pagina_19/tile_4935.png
4936,19,4,8,78976,9929D470,0,3264,tiles/pagina_19/tile_4936.png
4937,19,4,9,78992,DD684C7F,0,3265,tiles/pagina_19/tile_4937.png
4938,19,4,10,79008,DDC87642,0,,tiles/pagina_19/tile_4938.png
4939,19,4,11,79024,D622A2D2,0,,tiles/pagina_19/tile_4939.png
4940,19,4,12,79040,2344E190,0,,tiles/pagina_19/tile_4940.png
4941,19,4,13,79056,92B9AA5F,0,,tiles/pagina_19/tile_4941.png
4942,19,4,14,79072,2344E190,0,4940,tiles/pagina_19/tile_4942.png
4943,19,4,15,79088,009A65A8,0,,tiles/pagina_19/tile_4943.png
4944,19,5,0,79104,AB1EB31C,0,,tiles/pagina_19/tile_4944.png
4945,19,5,1,79120,5B294084,0,,tiles/pagina_19/tile_4945.png
4946,19,5,2,79136,AB1EB31C,0,4944,tiles/pagina_19/tile_4946.png
4947,19,5,3,79152,79F90EBF,0,,tiles/pagina_19/tile_4947.png
4948,19,5,4,79168,E4C13E58,0,,tiles/pagina_19/tile_4948.png
4949,19,5,5,79184,E9346388,0,,tiles/pagina_19/tile_4949.png
4950,19,5,6,79200,B2419F2B,0,1238,tiles/pagina_19/tile_4950.png
4951,19,5,7,79216,1F5DA557,0,1239,tiles/pagina_19/tile_4951.png
4952,19,5,8,79232,A6BE9C80,0,,tiles/pagina_19/tile_4952.png
4953,19,5,9,79248,A9E97BDB,0,,tiles/pagina_19/tile_4953.png
4954,19,5,10,79264,69691905,1,22,tiles/pagina_19/tile_4954.png
4955,19,5,11,79280,C4F7D72D,0,,tiles/pagina_19/tile_4955.png
4956,19,5,12,79296,66634DC0,0,,tiles/pagina_19/tile_4956.png
4957,19,5,13,79312,16DEDE5B,0,,tiles/pagina_19/tile_4957.png
4958,19,5,14,79328,2D064DD0,0,,tiles/pagina_19/tile_4958.png
4959,19,5,15,79344,16DEDE5B,0,4957,tiles/pagina_19/tile_4959.png
4960,19,6,0,79360,69691905,1,22,tiles/pagina_19/tile_4960.png
4961,19,6,1,79376,E8D4C3CB,0,3283,tiles/pagina_19/tile_4961.png
4962,19,6,2,79392,2E47A5E3,0,,tiles/pagina_19/tile_4962.png
4963,19,6,3,79408,50AD4504,0,,tiles/pagina_19/tile_4963.png
4964,19,6,4,79424,24055112,0,,tiles/pagina_19/tile_4964.png
4965,19,6,5,79440,162FC03C,0,,tiles/pagina_19/tile_4965.png
4966,19,6,6,79456,69691905,1,22,tiles/pagina_19/tile_4966.png
4967,19,6,7,79472,97618F3D,0,,tiles/pagina_19/tile_4967.png
4968,19,6,8,79488,6DD081D5,0,3290,tiles/pagina_19/tile_4968.png
4969,19,6,9,79504,4BBEF907,0,,tiles/pagina_19/tile_4969.png
4970,19,6,10,79520,3FA84D76,0,3292,tiles/pagina_19/tile_4970.png
4971,19,6,11,79536,B74071B2,0,,tiles/pagina_19/tile_4971.png
4972,19,6,12,79552,530E7D24,0,,tiles/pagina_19/tile_4972.png
4973,19,6,13,79568,A9E97BDB,0,4953,tiles/pagina_19/tile_4973.png
4974,19,6,14,79584,02E09485,0,4698,tiles/pagina_19/tile_4974.png
4975,19,6,15,79600,02E09485,0,4698,tiles/pagina_19/tile_4975.png
4976,19,7,0,79616,F6065405,0,3310,tiles/pagina_19/tile_4976.png
4977,19,7,1,79632,F6065405,0,3310,tiles/pagina_19/tile_4977.png
4978,19,7,2,79648,F6065405,0,3310,tiles/pagina_19/tile_4978.png
4979,19,7,3,79664,F6065405,0,3310,tiles/pagina_19/tile_4979.png
4980,19,7,4,79680,F6065405,0,3310,tiles/pagina_19/tile_4980.png
4981,19,7,5,79696,F6065405,0,3310,tiles/pagina_19/tile_4981.png
4982,19,7,6,79712,F6065405,0,3310,tiles/pagina_19/tile_4982.png
4983,19,7,7,79728,F6065405,0,3310,tiles/pagina_19/tile_4983.png
4984,19,7,8,79744,F6065405,0,3310,tiles/pagina_19/tile_4984.png
4985,19,7,9,79760,F6065405,0,3310,tiles/pagina_19/tile_4985.png
4986,19,7,10,79776,A32EFA61,0,306,tiles/pagina_19/tile_4986.png
4987,19,7,11,79792,DBDC23F1,0,307,tiles/pagina_19/tile_4987.png
4988,19,7,12,79808,684C1B8B,0,1276,tiles/pagina_19/tile_4988.png
4989,19,7,13,79824,E5B32399,0,1277,tiles/pagina_19/tile_4989.png
4990,19,7,14,79840,82819C4E,0,1278,tiles/pagina_19/tile_4990.png
4991,19,7,15,79856,3F51E590,0,1279,tiles/pagina_19/tile_4991.png
4992,19,8,0,79872,EF699221,0,,tiles/pagina_19/tile_4992.png
4993,19,8,1,79888,16B4F598,0,,tiles/pagina_19/tile_4993.png
4994,19,8,2,79904,8E58B085,0,,tiles/pagina_19/tile_4994.png
4995,19,8,3,79920,71EA9A11,0,,tiles/pagina_19/tile_4995.png
4996,19,8,4,79936,C3F3D3CB,0,,tiles/pagina_19/tile_4996.png
4997,19,8,5,79952,B60AEC95,0,,tiles/pagina_19/tile_4997.png
4998,19,8,6,79968,22158E2D,0,,tiles/pagina_19/tile_4998.png
4999,19,8,7,79984,79070B13,0,,tiles/pagina_19/tile_4999.png
5000,19,8,8,80000,7FC9EEFB,0,,tiles/pagina_19/tile_5000.png
5001,19,8,9,80016,F23FC88D,0,,tiles/pagina_19/tile_5001.png
5002,19,8,10,80032,DB2EE9D5,0,,tiles/pagina_19/tile_5002.png
5003,19,8,11,80048,69691905,1,22,tiles/pagina_19/tile_5003.png
5004,19,8,12,80064,2B0AC8E5,0,,tiles/pagina_19/tile_5004.png
5005,19,8,13,80080,A2518822,0,,tiles/pagina_19/tile_5005.png
5006,19,8,14,80096,69691905,1,22,tiles/pagina_19/tile_5006.png
5007,19,8,15,80112,1C2EA533,0,,tiles/pagina_19/tile_5007.png
5008,19,9,0,80128,550D56DB,0,,tiles/pagina_19/tile_5008.png
5009,19,9,1,80144,0505D13E,0,,tiles/pagina_19/tile_5009.png
5010,19,9,2,80160,5922C956,0,,tiles/pagina_19/tile_5010.png
5011,19,9,3,80176,9CA28AF9,0,,tiles/pagina_19/tile_5011.png
5012,19,9,4,80192,7421542D,0,,tiles/pagina_19/tile_5012.png
5013,19,9,5,80208,229D6579,0,,tiles/pagina_19/tile_5013.png
5014,19,9,6,80224,6DFD5350,0,,tiles/pagina_19/tile_5014.png
5015,19,9,7,80240,B4FEF132,0,,tiles/pagina_19/tile_5015.png
5016,19,9,8,80256,09ACA965,0,,tiles/pagina_19/tile_5016.png
5017,19,9,9,80272,FE023FE4,0,,tiles/pagina_19/tile_5017.png
5018,19,9,10,80288,9D520663,0,,tiles/pagina_19/tile_5018.png
5019,19,9,11,80304,0F5318F9,0,,tiles/pagina_19/tile_5019.png
5020,19,9,12,80320,4050FB96,0,,tiles/pagina_19/tile_5020.png
5021,19,9,13,80336,7ACB8EA6,0,,tiles/pagina_19/tile_5021.png
5022,19,9,14,80352,3F3147E5,0,,tiles/pagina_19/tile_5022.png
5023,19,9,15,80368,14551D81,0,,tiles/pagina_19/tile_5023.png
5024,19,10,0,80384,BB74E0A0,0,,tiles/pagina_19/tile_5024.png
5025,19,10,1,80400,0742EDD1,0,,tiles/pagina_19/tile_5025.png
5026,19,10,2,80416,E343866D,0,,tiles/pagina_19/tile_5026.png
5027,19,10,3,80432,40243579,0,,tiles/pagina_19/tile_5027.png
5028,19,10,4,80448,99749D65,0,,tiles/pagina_19/tile_5028.png
5029,19,10,5,80464,69691905,1,22,tiles/pagina_19/tile_5029.png
5030,19,10,6,80480,7BF40307,0,,tiles/pagina_19/tile_5030.png
5031,19,10,7,80496,69691905,1,22,tiles/pagina_19/tile_5031.png
5032,19,10,8,80512,AF12A290,0,,tiles/pagina_19/tile_5032.png
5033,19,10,9,80528,84E5A8BE,0,,tiles/pagina_19/tile_5033.png
5034,19,10,10,80544,0DACAFB1,0,,tiles/pagina_19/tile_5034.png
5035,19,10,11,80560,74886884,0,,tiles/pagina_19/tile_5035.png
5036,19,10,12,80576,9D520663,0,5018,tiles/pagina_19/tile_5036.png
5037,19,10,13,80592,67E00699,0,,tiles/pagina_19/tile_5037.png
5038,19,10,14,80608,4F04257C,0,,tiles/pagina_19/tile_5038.png
5039,19,10,15,80624,F181B7E3,0,,tiles/pagina_19/tile_5039.png
5040,19,11,0,80640,EF699221,0,4992,tiles/pagina_19/tile_5040.png
5041,19,11,1,80656,0D56983F,0,,tiles/pagina_19/tile_5041.png
5042,19,11,2,80672,8E58B085,0,4994,tiles/pagina_19/tile_5042.png
5043,19,11,3,80688,82AB7B5B,0,,tiles/pagina_19/tile_5043.png
5044,19,11,4,80704,57EEEF6C,0,,tiles/pagina_19/tile_5044.png
5045,19,11,5,80720,69691905,1,22,tiles/pagina_19/tile_5045.png
5046,19,11,6,80736,E0258D67,0,,tiles/pagina_19/tile_5046.png
5047,19,11,7,80752,69691905,1,22,tiles/pagina_19/tile_5047.png
5048,19,11,8,80768,CD6B4F55,0,,tiles/pagina_19/tile_5048.png
5049,19,11,9,80784,72E6729B,0,,tiles/pagina_19/tile_5049.png
5050,19,11,10,80800,FBF51025,0,,tiles/pagina_19/tile_5050.png
5051,19,11,11,80816,69691905,1,22,tiles/pagina_19/tile_5051.png
5052,19,11,12,80832,EF699221,0,4992,tiles/pagina_19/tile_5052.png
5053,19,11,13,80848,72DAF18A,0,,tiles/pagina_19/tile_5053.png
5054,19,11,14,80864,8E58B085,0,4994,tiles/pagina_19/tile_5054.png
5055,19,11,15,80880,4E354C91,0,,tiles/pagina_19/tile_5055.png
5056,19,12,0,80896,69691905,1,22,tiles/pagina_19/tile_5056.png
5057,19,12,1,80912,CFD0483C,0,,tiles/pagina_19/tile_5057.png
5058,19,12,2,80928,9DA546F9,0,,tiles/pagina_19/tile_5058.png
5059,19,12,3,80944,883C9D8D,0,,tiles/pagina_19/tile_5059.png
5060,19,12,4,80960,51026591,0,,tiles/pagina_19/tile_5060.png
5061,19,12,5,80976,05D35E71,0,,tiles/pagina_19/tile_5061.png
5062,19,12,6,80992,211B1EB4,0,,tiles/pagina_19/tile_5062.png
5063,19,12,7,81008,69691905,1,22,tiles/pagina_19/tile_5063.png
5064,19,12,8,81024,6669A035,0,,tiles/pagina_19/tile_5064.png
5065,19,12,9,81040,69691905,1,22,tiles/pagina_19/tile_5065.png
5066,19,12,10,81056,E75661A1,0,,tiles/pagina_19/tile_5066.png
5067,19,12,11,81072,14CD031D,0,,tiles/pagina_19/tile_5067.png
5068,19,12,12,81088,E321139B,0,,tiles/pagina_19/tile_5068.png
5069,19,12,13,81104,8D1919BC,0,,tiles/pagina_19/tile_5069.png
5070,19,12,14,81120,54DD09D5,0,,tiles/pagina_19/tile_5070.png
5071,19,12,15,81136,99D4655A,0,,tiles/pagina_19/tile_5071.png
5072,19,13,0,81152,5E8A79A1,0,,tiles/pagina_19/tile_5072.png
5073,19,13,1,81168,A9B01D58,0,,tiles/pagina_19/tile_5073.png
5074,19,13,2,81184,8C49DF50,0,,tiles/pagina_19/tile_5074.png
5075,19,13,3,81200,6EBA303D,0,,tiles/pagina_19/tile_5075.png
5076,19,13,4,81216,B4FB9F18,0,,tiles/pagina_19/tile_5076.png
5077,19,13,5,81232,63E0C428,0,,tiles/pagina_19/tile_5077.png
5078,19,13,6,81248,B2419F2B,0,1238,tiles/pagina_19/tile_5078.png
5079,19,13,7,81264,1F5DA557,0,1239,tiles/pagina_19/tile_5079.png
5080,19,13,8,81280,3625744D,0,,tiles/pagina_19/tile_5080.png
5081,19,13,9,81296,2EBA59E4,0,,tiles/pagina_19/tile_5081.png
5082,19,13,10,81312,3625744D,0,5080,tiles/pagina_19/tile_5082.png
5083,19,13,11,81328,9A723A7A,0,,tiles/pagina_19/tile_5083.png
5084,19,13,12,81344,12934D82,0,,tiles/pagina_19/tile_5084.png
5085,19,13,13,81360,AB0354B4,0,,tiles/pagina_19/tile_5085.png
5086,19,13,14,81376,841AE21A,0,,tiles/pagina_19/tile_5086.png
5087,19,13,15,81392,0569559C,0,,tiles/pagina_19/tile_5087.png
5088,19,14,0,81408,55F4C665,0,,tiles/pagina_19/tile_5088.png
5089,19,14,1,81424,B8ECF552,0,,tiles/pagina_19/tile_5089.png
5090,19,14,2,81440,48166E0D,0,,tiles/pagina_19/tile_5090.png
5091,19,14,3,81456,48166E0D,0,5090,tiles/pagina_19/tile_5091.png
5092,19,14,4,81472,451A68C0,0,,tiles/pagina_19/tile_5092.png
5093,19,14,5,81488,778B58DB,0,,tiles/pagina_19/tile_5093.png
5094,19,14,6,81504,7CEE09A7,0,,tiles/pagina_19/tile_5094.png
5095,19,14,7,81520,33DDB358,0,,tiles/pagina_19/tile_5095.png
5096,19,14,8,81536,84D8A951,0,,tiles/pagina_19/tile_5096.png
5097,19,14,9,81552,F657F0B7,0,,tiles/pagina_19/tile_5097.png
5098,19,14,10,81568,058ED62C,0,,tiles/pagina_19/tile_5098.png
5099,19,14,11,81584,64C30275,0,,tiles/pagina_19/tile_5099.png
5100,19,14,12,81600,10A18450,0,1724,tiles/pagina_19/tile_5100.png
5101,19,14,13,81616,893AF636,0,1725,tiles/pagina_19/tile_5101.png
5102,19,14,14,81632,0BEDD38D,0,,tiles/pagina_19/tile_5102.png
5103,19,14,15,81648,D22BE632,0,,tiles/pagina_19/tile_5103.png
5104,19,15,0,81664,F293CBF8,0,2544,tiles/pagina_19/tile_5104.png
5105,19,15,1,81680,09CEF224,0,,tiles/pagina_19/tile_5105.png
5106,19,15,2,81696,D186B1BF,0,2546,tiles/pagina_19/tile_5106.png
5107,19,15,3,81712,16D94553,0,2547,tiles/pagina_19/tile_5107.png
5108,19,15,4,81728,51F55B53,0,,tiles/pagina_19/tile_5108.png
5109,19,15,5,81744,076A8C44,0,,tiles/pagina_19/tile_5109.png
5110,19,15,6,81760,ABCAB2AB,0,,tiles/pagina_19/tile_5110.png
5111,19,15,7,81776,16D94553,0,2547,tiles/pagina_19/tile_5111.png
5112,19,15,8,81792,0782A928,0,,tiles/pagina_19/tile_5112.png
5113,19,15,9,81808,69691905,1,22,tiles/pagina_19/tile_5113.png
5114,19,15,10,81824,C41FE233,0,,tiles/pagina_19/tile_5114.png
5115,19,15,11,81840,69691905,1,22,tiles/pagina_19/tile_5115.png
5116,19,15,12,81856,61BBAF89,0,,tiles/pagina_19/tile_5116.png
5117,19,15,13,81872,B336C086,0,,tiles/pagina_19/tile_5117.png
5118,19,15,14,81888,DA000DA1,0,,tiles/pagina_19/tile_5118.png
5119,19,15,15,81904,FE620EDC,0,,tiles/pagina_19/tile_5119.png
5120,20,0,0,81920,69691905,1,22,tiles/pagina_20/tile_5120.png
5121,20,0,1,81936,179B1A32,0,,tiles/pagina_20/tile_5121.png
5122,20,0,2,81952,69691905,1,22,tiles/pagina_20/tile_5122.png
5123,20,0,3,81968,9D346025,0,,tiles/pagina_20/tile_5123.png
5124,20,0,4,81984,349297C4,0,,tiles/pagina_20/tile_5124.png
5125,20,0,5,82000,4BE65FA2,0,,tiles/pagina_20/tile_5125.png
5126,20,0,6,82016,B2F95AB0,0,,tiles/pagina_20/tile_5126.png
5127,20,0,7,82032,F3E698B3,0,,tiles/pagina_20/tile_5127.png
5128,20,0,8,82048,7CB0F785,0,,tiles/pagina_20/tile_5128.png
5129,20,0,9,82064,9E495005,0,,tiles/pagina_20/tile_5129.png
5130,20,0,10,82080,65ECAD67,0,,tiles/pagina_20/tile_5130.png
5131,20,0,11,82096,C4AA30F3,0,,tiles/pagina_20/tile_5131.png
5132,20,0,12,82112,94D55AA5,0,,tiles/pagina_20/tile_5132.png
5133,20,0,13,82128,28ACF39D,0,,tiles/pagina_20/tile_5133.png
5134,20,0,14,82144,4EE80FC2,0,,tiles/pagina_20/tile_5134.png
5135,20,0,15,82160,69691905,1,22,tiles/pagina_20/tile_5135.png
5136,20,1,0,82176,68691772,0,16,tiles/pagina_20/tile_5136.png
5137,20,1,1,82192,6D1175C6,0,17,tiles/pagina_20/tile_5137.png
5138,20,1,2,82208,3CF7B44D,0,18,tiles/pagina_20/tile_5138.png
5139,20,1,3,82224,EB7BBB2F,0,19,tiles/pagina_20/tile_5139.png
5140,20,1,4,82240,C29D25A7,0,20,tiles/pagina_20/tile_5140.png
5141,20,1,5,82256,1B75BBA2,0,21,tiles/pagina_20/tile_5141.png
5142,20,1,6,82272,69691905,1,22,tiles/pagina_20/tile_5142.png
5143,20,1,7,82288,1E1D71C5,0,23,tiles/pagina_20/tile_5143.png
5144,20,1,8,82304,BFBF4F45,0,,tiles/pagina_20/tile_5144.png
5145,20,1,9,82320,69691905,1,22,tiles/pagina_20/tile_5145.png
5146,20,1,10,82336,4A662B20,0,,tiles/pagina_20/tile_5146.png
5147,20,1,11,82352,F1B869E3,0,,tiles/pagina_20/tile_5147.png
5148,20,1,12,82368,E10D3D85,0,,tiles/pagina_20/tile_5148.png
5149,20,1,13,82384,49FBC105,0,,tiles/pagina_20/tile_5149.png
5150,20,1,14,82400,69691905,1,22,tiles/pagina_20/tile_5150.png
5151,20,1,15,82416,69691905,1,22,tiles/pagina_20/tile_5151.png
5152,20,2,0,82432,3859D26B,0,,tiles/pagina_20/tile_5152.png
5153,20,2,1,82448,95111A9D,0,,tiles/pagina_20/tile_5153.png
5154,20,2,2,82464,392AC39A,0,,tiles/pagina_20/tile_5154.png
5155,20,2,3,82480,5021DC14,0,,tiles/pagina_20/tile_5155.png
5156,20,2,4,82496,1C6FF3D5,0,,tiles/pagina_20/tile_5156.png
5157,20,2,5,82512,32D2F5BE,0,,tiles/pagina_20/tile_5157.png
5158,20,2,6,82528,C82D3181,0,,tiles/pagina_20/tile_5158.png
5159,20,2,7,82544,8461D1EC,0,,tiles/pagina_20/tile_5159.png
5160,20,2,8,82560,EA9589C9,0,,tiles/pagina_20/tile_5160.png
5161,20,2,9,82576,017ED6FB,0,,tiles/pagina_20/tile_5161.png
5162,20,2,10,82592,7AB6BAE5,0,,tiles/pagina_20/tile_5162.png
5163,20,2,11,82608,D6C6E345,0,,tiles/pagina_20/tile_5163.png
5164,20,2,12,82624,179B1A32,0,5121,tiles/pagina_20/tile_5164.png
5165,20,2,13,82640,349297C4,0,5124,tiles/pagina_20/tile_5165.png
5166,20,2,14,82656,9D346025,0,5123,tiles/pagina_20/tile_5166.png
5167,20,2,15,82672,323F7E4D,0,,tiles/pagina_20/tile_5167.png
5168,20,3,0,82688,F24A31F6,0,,tiles/pagina_20/tile_5168.png
5169,20,3,1,82704,6713D0CD,0,,tiles/pagina_20/tile_5169.png
5170,20,3,2,82720,B1BB2440,0,,tiles/pagina_20/tile_5170.png
5171,20,3,3,82736,A523FF0D,0,,tiles/pagina_20/tile_5171.png
5172,20,3,4,82752,4665DE1B,0,,tiles/pagina_20/tile_5172.png
5173,20,3,5,82768,1AD030ED,0,,tiles/pagina_20/tile_5173.png
5174,20,3,6,82784,9A0BA9C8,0,,tiles/pagina_20/tile_5174.png
5175,20,3,7,82800,D7AD34DD,0,,tiles/pagina_20/tile_5175.png
5176,20,3,8,82816,CF9D1D3A,0,,tiles/pagina_20/tile_5176.png
5177,20,3,9,82832,5C5285F9,0,,tiles/pagina_20/tile_5177.png
5178,20,3,10,82848,09392CF1,0,,tiles/pagina_20/tile_5178.png
5179,20,3,11,82864,1A6721B5,0,,tiles/pagina_20/tile_5179.png
5180,20,3,12,82880,B3148F63,0,,tiles/pagina_20/tile_5180.png
5181,20,3,13,82896,BE8EC11A,0,,tiles/pagina_20/tile_5181.png
5182,20,3,14,82912,1A5EA585,0,,tiles/pagina_20/tile_5182.png
5183,20,3,15,82928,EFD14425,0,,tiles/pagina_20/tile_5183.png
5184,20,4,0,82944,E7B8C87D,0,2286,tiles/pagina_20/tile_5184.png
5185,20,4,1,82960,A5DD9BBA,0,,tiles/pagina_20/tile_5185.png
5186,20,4,2,82976,BFCAF6E4,0,,tiles/pagina_20/tile_5186.png
5187,20,4,3,82992,F0AEE3EA,0,,tiles/pagina_20/tile_5187.png
5188,20,4,4,83008,4502E225,0,,tiles/pagina_20/tile_5188.png
5189,20,4,5,83024,4A8DDF68,0,,tiles/pagina_20/tile_5189.png
5190,20,4,6,83040,83276E93,0,,tiles/pagina_20/tile_5190.png
5191,20,4,7,83056,C87D62F0,0,,tiles/pagina_20/tile_5191.png
5192,20,4,8,83072,DB841E95,0,,tiles/pagina_20/tile_5192.png
5193,20,4,9,83088,8B8B92AF,0,,tiles/pagina_20/tile_5193.png
5194,20,4,10,83104,79251F94,0,,tiles/pagina_20/tile_5194.png
5195,20,4,11,83120,3523E320,0,,tiles/pagina_20/tile_5195.png
5196,20,4,12,83136,2C118391,0,,tiles/pagina_20/tile_5196.png
5197,20,4,13,83152,D71C486F,0,,tiles/pagina_20/tile_5197.png
5198,20,4,14,83168,A2A7AD57,0,,tiles/pagina_20/tile_5198.png
5199,20,4,15,83184,AC041853,0,,tiles/pagina_20/tile_5199.png
5200,20,5,0,83200,68691772,0,16,tiles/pagina_20/tile_5200.png
5201,20,5,1,83216,6D1175C6,0,17,tiles/pagina_20/tile_5201.png
5202,20,5,2,83232,3CF7B44D,0,18,tiles/pagina_20/tile_5202.png
5203,20,5,3,83248,EB7BBB2F,0,19,tiles/pagina_20/tile_5203.png
5204,20,5,4,83264,C29D25A7,0,20,tiles/pagina_20/tile_5204.png
5205,20,5,5,83280,1B75BBA2,0,21,tiles/pagina_20/tile_5205.png
5206,20,5,6,83296,69691905,1,22,tiles/pagina_20/tile_5206.png
5207,20,5,7,83312,1E1D71C5,0,23,tiles/pagina_20/tile_5207.png
5208,20,5,8,83328,7DD8D859,0,,tiles/pagina_20/tile_5208.png
5209,20,5,9,83344,9785E839,0,,tiles/pagina_20/tile_5209.png
5210,20,5,10,83360,24485EDF,0,,tiles/pagina_20/tile_5210.png
5211,20,5,11,83376,754EA4FA,0,,tiles/pagina_20/tile_5211.png
5212,20,5,12,83392,7ABD41D9,0,,tiles/pagina_20/tile_5212.png
5213,20,5,13,83408,CDE16316,0,,tiles/pagina_20/tile_5213.png
5214,20,5,14,83424,4398D5F9,0,,tiles/pagina_20/tile_5214.png
5215,20,5,15,83440,5116242A,0,,tiles/pagina_20/tile_5215.png
5216,20,6,0,83456,69691905,1,22,tiles/pagina_20/tile_5216.png
5217,20,6,1,83472,8F4B2A05,0,,tiles/pagina_20/tile_5217.png
5218,20,6,2,83488,477C17D5,0,,tiles/pagina_20/tile_5218.png
5219,20,6,3,83504,76F71095,0,,tiles/pagina_20/tile_5219.png
5220,20,6,4,83520,EFCAD1F9,0,,tiles/pagina_20/tile_5220.png
5221,20,6,5,83536,40AE52BF,0,,tiles/pagina_20/tile_5221.png
5222,20,6,6,83552,C12EE9CC,0,,tiles/pagina_20/tile_5222.png
5223,20,6,7,83568,E29EB5F9,0,,tiles/pagina_20/tile_5223.png
5224,20,6,8,83584,5B7E812D,0,,tiles/pagina_20/tile_5224.png
5225,20,6,9,83600,C2770397,0,,tiles/pagina_20/tile_5225.png
5226,20,6,10,83616,F8707B29,0,,tiles/pagina_20/tile_5226.png
5227,20,6,11,83632,1FE95304,0,,tiles/pagina_20/tile_5227.png
5228,20,6,12,83648,69691905,1,22,tiles/pagina_20/tile_5228.png
5229,20,6,13,83664,80109F05,0,,tiles/pagina_20/tile_5229.png
5230,20,6,14,83680,1CD6E91D,0,,tiles/pagina_20/tile_5230.png
5231,20,6,15,83696,B5E0B41D,0,,tiles/pagina_20/tile_5231.png
5232,20,7,0,83712,CF9D1D3A,0,5176,tiles/pagina_20/tile_5232.png
5233,20,7,1,83728,14FD84F9,0,,tiles/pagina_20/tile_5233.png
5234,20,7,2,83744,C12EE9CC,0,5222,tiles/pagina_20/tile_5234.png
5235,20,7,3,83760,69691905,1,22,tiles/pagina_20/tile_5235.png
5236,20,7,4,83776,82258A3D,0,,tiles/pagina_20/tile_5236.png
5237,20,7,5,83792,164ACA79,0,,tiles/pagina_20/tile_5237.png
5238,20,7,6,83808,834D8AAD,0,,tiles/pagina_20/tile_5238.png
5239,20,7,7,83824,50CF82AB,0,,tiles/pagina_20/tile_5239.png
5240,20,7,8,83840,E74E6372,0,,tiles/pagina_20/tile_5240.png
5241,20,7,9,83856,FEAD8F1D,0,,tiles/pagina_20/tile_5241.png
5242,20,7,10,83872,83CF1CC3,0,,tiles/pagina_20/tile_5242.png
5243,20,7,11,83888,7007FC8F,0,,tiles/pagina_20/tile_5243.png
5244,20,7,12,83904,93C1A9FD,0,,tiles/pagina_20/tile_5244.png
5245,20,7,13,83920,EF763FAF,0,,tiles/pagina_20/tile_5245.png
5246,20,7,14,83936,360779F5,0,112,tiles/pagina_20/tile_5246.png
5247,20,7,15,83952,360779F5,0,112,tiles/pagina_20/tile_5247.png
5248,20,8,0,83968,7C33757D,0,,tiles/pagina_20/tile_5248.png
5249,20,8,1,83984,689EA35D,0,,tiles/pagina_20/tile_5249.png
5250,20,8,2,84000,072D242D,0,,tiles/pagina_20/tile_5250.png
5251,20,8,3,84016,A1A4F0ED,0,,tiles/pagina_20/tile_5251.png
5252,20,8,4,84032,F9268A0F,0,4228,tiles/pagina_20/tile_5252.png
5253,20,8,5,84048,4B7E6990,0,,tiles/pagina_20/tile_5253.png
5254,20,8,6,84064,9DC6B8C5,0,,tiles/pagina_20/tile_5254.png
5255,20,8,7,84080,7358F893,0,,tiles/pagina_20/tile_5255.png
5256,20,8,8,84096,69691905,1,22,tiles/pagina_20/tile_5256.png
5257,20,8,9,84112,69691905,1,22,tiles/pagina_20/tile_5257.png
5258,20,8,10,84128,F9268A0F,0,4228,tiles/pagina_20/tile_5258.png
5259,20,8,11,84144,E42E6DC2,0,,tiles/pagina_20/tile_5259.png
5260,20,8,12,84160,9DC6B8C5,0,5254,tiles/pagina_20/tile_5260.png
5261,20,8,13,84176,0F47E681,0,,tiles/pagina_20/tile_5261.png
5262,20,8,14,84192,69691905,1,22,tiles/pagina_20/tile_5262.png
5263,20,8,15,84208,69691905,1,22,tiles/pagina_20/tile_5263.png
5264,20,9,0,84224,68691772,0,16,tiles/pagina_20/tile_5264.png
5265,20,9,1,84240,6D1175C6,0,17,tiles/pagina_20/tile_5265.png
5266,20,9,2,84256,3CF7B44D,0,18,tiles/pagina_20/tile_5266.png
5267,20,9,3,84272,EB7BBB2F,0,19,tiles/pagina_20/tile_5267.png
5268,20,9,4,84288,C29D25A7,0,20,tiles/pagina_20/tile_5268.png
5269,20,9,5,84304,1B75BBA2,0,21,tiles/pagina_20/tile_5269.png
5270,20,9,6,84320,69691905,1,22,tiles/pagina_20/tile_5270.png
5271,20,9,7,84336,1E1D71C5,0,23,tiles/pagina_20/tile_5271.png
5272,20,9,8,84352,9082C915,0,,tiles/pagina_20/tile_5272.png
5273,20,9,9,84368,2967D5A7,0,,tiles/pagina_20/tile_5273.png
5274,20,9,10,84384,52C6776A,0,4250,tiles/pagina_20/tile_5274.png
5275,20,9,11,84400,F204EB7E,0,4251,tiles/pagina_20/tile_5275.png
5276,20,9,12,84416,0691F30D,0,,tiles/pagina_20/tile_5276.png
5277,20,9,13,84432,5253E7B4,0,,tiles/pagina_20/tile_5277.png
5278,20,9,14,84448,3C3FB411,0,,tiles/pagina_20/tile_5278.png
5279,20,9,15,84464,F8777351,0,,tiles/pagina_20/tile_5279.png
5280,20,10,0,84480,F9268A0F,0,4228,tiles/pagina_20/tile_5280.png
5281,20,10,1,84496,872164E4,0,,tiles/pagina_20/tile_5281.png
5282,20,10,2,84512,9DC6B8C5,0,5254,tiles/pagina_20/tile_5282.png
5283,20,10,3,84528,56726DFD,0,,tiles/pagina_20/tile_5283.png
5284,20,10,4,84544,69691905,1,22,tiles/pagina_20/tile_5284.png
5285,20,10,5,84560,69691905,1,22,tiles/pagina_20/tile_5285.png
5286,20,10,6,84576,16317A22,0,,tiles/pagina_20/tile_5286.png
5287,20,10,7,84592,AC878C80,0,,tiles/pagina_20/tile_5287.png
5288,20,10,8,84608,8850ED85,0,3240,tiles/pagina_20/tile_5288.png
5289,20,10,9,84624,12100185,0,3241,tiles/pagina_20/tile_5289.png
5290,20,10,10,84640,D01C8B79,0,,tiles/pagina_20/tile_5290.png
5291,20,10,11,84656,F578DC0B,0,,tiles/pagina_20/tile_5291.png
5292,20,10,12,84672,F6028135,0,,tiles/pagina_20/tile_5292.png
5293,20,10,13,84688,EC447C39,0,,tiles/pagina_20/tile_5293.png
5294,20,10,14,84704,847FA3BD,0,,tiles/pagina_20/tile_5294.png
5295,20,10,15,84720,C2B5CC12,0,,tiles/pagina_20/tile_5295.png
5296,20,11,0,84736,D2B060B9,0,,tiles/pagina_20/tile_5296.png
5297,20,11,1,84752,4FDE2D9D,0,,tiles/pagina_20/tile_5297.png
5298,20,11,2,84768,4E725C25,0,2078,tiles/pagina_20/tile_5298.png
5299,20,11,3,84784,85FDC4ED,0,,tiles/pagina_20/tile_5299.png
5300,20,11,4,84800,D2B060B9,0,5296,tiles/pagina_20/tile_5300.png
5301,20,11,5,84816,EAA5DCBE,0,,tiles/pagina_20/tile_5301.png
5302,20,11,6,84832,4E725C25,0,2078,tiles/pagina_20/tile_5302.png
5303,20,11,7,84848,E1B588E5,0,,tiles/pagina_20/tile_5303.png
5304,20,11,8,84864,9D9EBFE6,0,,tiles/pagina_20/tile_5304.png
5305,20,11,9,84880,82418659,0,,tiles/pagina_20/tile_5305.png
5306,20,11,10,84896,2AEA9DE6,0,,tiles/pagina_20/tile_5306.png
5307,20,11,11,84912,B3F752FD,0,,tiles/pagina_20/tile_5307.png
5308,20,11,12,84928,6A6F2FA3,0,,tiles/pagina_20/tile_5308.png
5309,20,11,13,84944,0B3BE995,0,,tiles/pagina_20/tile_5309.png
5310,20,11,14,84960,60880C60,0,3238,tiles/pagina_20/tile_5310.png
5311,20,11,15,84976,E65FB984,0,3239,tiles/pagina_20/tile_5311.png
5312,20,12,0,84992,D01C8B79,0,5290,tiles/pagina_20/tile_5312.png
5313,20,12,1,85008,0F196771,0,,tiles/pagina_20/tile_5313.png
5314,20,12,2,85024,F6028135,0,5292,tiles/pagina_20/tile_5314.png
5315,20,12,3,85040,CFAC19C1,0,,tiles/pagina_20/tile_5315.png
5316,20,12,4,85056,E5BEA37E,0,60,tiles/pagina_20/tile_5316.png
5317,20,12,5,85072,D13A02C3,0,61,tiles/pagina_20/tile_5317.png
5318,20,12,6,85088,14B27A55,0,62,tiles/pagina_20/tile_5318.png
5319,20,12,7,85104,0A6C0505,0,63,tiles/pagina_20/tile_5319.png
5320,20,12,8,85120,DDEAB21D,0,2108,tiles/pagina_20/tile_5320.png
5321,20,12,9,85136,EAE4F801,0,,tiles/pagina_20/tile_5321.png
5322,20,12,10,85152,CEFDD06D,0,2110,tiles/pagina_20/tile_5322.png
5323,20,12,11,85168,B56FDF85,0,,tiles/pagina_20/tile_5323.png
5324,20,12,12,85184,4D4C073F,0,2144,tiles/pagina_20/tile_5324.png
5325,20,12,13,85200,D8C78D48,0,2145,tiles/pagina_20/tile_5325.png
5326,20,12,14,85216,AE4F1DB9,0,,tiles/pagina_20/tile_5326.png
5327,20,12,15,85232,050EFB23,0,,tiles/pagina_20/tile_5327.png
5328,20,13,0,85248,68691772,0,16,tiles/pagina_20/tile_5328.png
5329,20,13,1,85264,6D1175C6,0,17,tiles/pagina_20/tile_5329.png
5330,20,13,2,85280,3CF7B44D,0,18,tiles/pagina_20/tile_5330.png
5331,20,13,3,85296,EB7BBB2F,0,19,tiles/pagina_20/tile_5331.png
5332,20,13,4,85312,C29D25A7,0,20,tiles/pagina_20/tile_5332.png
5333,20,13,5,85328,1B75BBA2,0,21,tiles/pagina_20/tile_5333.png
5334,20,13,6,85344,69691905,1,22,tiles/pagina_20/tile_5334.png
5335,20,13,7,85360,1E1D71C5,0,23,tiles/pagina_20/tile_5335.png
5336,20,13,8,85376,610681B1,0,,tiles/pagina_20/tile_5336.png
5337,20,13,9,85392,381C1556,0,,tiles/pagina_20/tile_5337.png
5338,20,13,10,85408,4E725C25,0,2078,tiles/pagina_20/tile_5338.png
5339,20,13,11,85424,4DFD7D39,0,,tiles/pagina_20/tile_5339.png
5340,20,13,12,85440,A54E0A09,0,,tiles/pagina_20/tile_5340.png
5341,20,13,13,85456,DCCC76E3,0,,tiles/pagina_20/tile_5341.png
5342,20,13,14,85472,1F417125,0,,tiles/pagina_20/tile_5342.png
5343,20,13,15,85488,CBE923C5,0,,tiles/pagina_20/tile_5343.png
5344,20,14,0,85504,4F0A6A69,0,,tiles/pagina_20/tile_5344.png
5345,20,14,1,85520,B12C6678,0,,tiles/pagina_20/tile_5345.png
5346,20,14,2,85536,17A37411,0,,tiles/pagina_20/tile_5346.png
5347,20,14,3,85552,41A43525,0,,tiles/pagina_20/tile_5347.png
5348,20,14,4,85568,9DA4C3C9,0,,tiles/pagina_20/tile_5348.png
5349,20,14,5,85584,EE92E0D6,0,,tiles/pagina_20/tile_5349.png
5350,20,14,6,85600,4E725C25,0,2078,tiles/pagina_20/tile_5350.png
5351,20,14,7,85616,2037EED9,0,,tiles/pagina_20/tile_5351.png
5352,20,14,8,85632,E646C189,0,2076,tiles/pagina_20/tile_5352.png
5353,20,14,9,85648,2120212D,0,,tiles/pagina_20/tile_5353.png
5354,20,14,10,85664,4E725C25,0,2078,tiles/pagina_20/tile_5354.png
5355,20,14,11,85680,38B35505,0,,tiles/pagina_20/tile_5355.png
5356,20,14,12,85696,4E725C25,0,2078,tiles/pagina_20/tile_5356.png
5357,20,14,13,85712,6EBAFB65,0,,tiles/pagina_20/tile_5357.png
5358,20,14,14,85728,4E725C25,0,2078,tiles/pagina_20/tile_5358.png
5359,20,14,15,85744,DC5F58F1,0,,tiles/pagina_20/tile_5359.png
5360,20,15,0,85760,AE4F1DB9,0,5326,tiles/pagina_20/tile_5360.png
5361,20,15,1,85776,13188739,0,,tiles/pagina_20/tile_5361.png
5362,20,15,2,85792,1F417125,0,5342,tiles/pagina_20/tile_5362.png
5363,20,15,3,85808,F5563EBD,0,,tiles/pagina_20/tile_5363.png
5364,20,15,4,85824,AE4F1DB9,0,5326,tiles/pagina_20/tile_5364.png
5365,20,15,5,85840,908C3737,0,,tiles/pagina_20/tile_5365.png
5366,20,15,6,85856,1F417125,0,5342,tiles/pagina_20/tile_5366.png
5367,20,15,7,85872,DBE724F5,0,,tiles/pagina_20/tile_5367.png
5368,20,15,8,85888,9D9EBFE6,0,5304,tiles/pagina_20/tile_5368.png
5369,20,15,9,85904,82418659,0,5305,tiles/pagina_20/tile_5369.png
5370,20,15,10,85920,2AEA9DE6,0,5306,tiles/pagina_20/tile_5370.png
5371,20,15,11,85936,B3F752FD,0,5307,tiles/pagina_20/tile_5371.png
5372,20,15,12,85952,6A6F2FA3,0,5308,tiles/pagina_20/tile_5372.png
5373,20,15,13,85968,0B3BE995,0,5309,tiles/pagina_20/tile_5373.png
5374,20,15,14,85984,1F417125,0,5342,tiles/pagina_20/tile_5374.png
5375,20,15,15,86000,A75B3DE7,0,,tiles/pagina_20/tile_5375.png
5376,21,0,0,86016,C53493AB,0,,tiles/pagina_21/tile_5376.png
5377,21,0,1,86032,6ABC7CC0,0,,tiles/pagina_21/tile_5377.png
5378,21,0,2,86048,04356AA5,0,,tiles/pagina_21/tile_5378.png
5379,21,0,3,86064,CA1685B1,0,,tiles/pagina_21/tile_5379.png
5380,21,0,4,86080,FC3854A6,0,4,tiles/pagina_21/tile_5380.png
5381,21,0,5,86096,889B545B,0,5,tiles/pagina_21/tile_5381.png
5382,21,0,6,86112,005A0E1B,0,4358,tiles/pagina_21/tile_5382.png
5383,21,0,7,86128,F5CD6F13,0,4359,tiles/pagina_21/tile_5383.png
5384,21,0,8,86144,A7A8EE2F,0,,tiles/pagina_21/tile_5384.png
5385,21,0,9,86160,720B6DBF,0,,tiles/pagina_21/tile_5385.png
5386,21,0,10,86176,4D3E641F,0,,tiles/pagina_21/tile_5386.png
5387,21,0,11,86192,0DD9BCF3,0,11,tiles/pagina_21/tile_5387.png
5388,21,0,12,86208,04356AA5,0,5378,tiles/pagina_21/tile_5388.png
5389,21,0,13,86224,F16ABD29,0,,tiles/pagina_21/tile_5389.png
5390,21,0,14,86240,3F255D6E,0,14,tiles/pagina_21/tile_5390.png
5391,21,0,15,86256,C9BEC31E,0,15,tiles/pagina_21/tile_5391.png
5392,21,1,0,86272,68691772,0,16,tiles/pagina_21/tile_5392.png
5393,21,1,1,86288,6D1175C6,0,17,tiles/pagina_21/tile_5393.png
5394,21,1,2,86304,3CF7B44D,0,18,tiles/pagina_21/tile_5394.png
5395,21,1,3,86320,EB7BBB2F,0,19,tiles/pagina_21/tile_5395.png
5396,21,1,4,86336,C29D25A7,0,20,tiles/pagina_21/tile_5396.png
5397,21,1,5,86352,1B75BBA2,0,21,tiles/pagina_21/tile_5397.png
5398,21,1,6,86368,69691905,1,22,tiles/pagina_21/tile_5398.png
5399,21,1,7,86384,1E1D71C5,0,23,tiles/pagina_21/tile_5399.png
5400,21,1,8,86400,418489CD,0,24,tiles/pagina_21/tile_5400.png
5401,21,1,9,86416,31E1D4B9,0,25,tiles/pagina_21/tile_5401.png
5402,21,1,10,86432,AD01B42D,0,,tiles/pagina_21/tile_5402.png
5403,21,1,11,86448,B692B345,0,,tiles/pagina_21/tile_5403.png
5404,21,1,12,86464,4E902BB6,0,4380,tiles/pagina_21/tile_5404.png
5405,21,1,13,86480,31E1D4B9,0,25,tiles/pagina_21/tile_5405.png
5406,21,1,14,86496,F7CE2585,0,,tiles/pagina_21/tile_5406.png
5407,21,1,15,86512,B692B345,0,5403,tiles/pagina_21/tile_5407.png
5408,21,2,0,86528,06555413,0,,tiles/pagina_21/tile_5408.png
5409,21,2,1,86544,BB3A24E4,0,,tiles/pagina_21/tile_5409.png
5410,21,2,2,86560,BCDB7D53,0,,tiles/pagina_21/tile_5410.png
5411,21,2,3,86576,E0059EE6,0,,tiles/pagina_21/tile_5411.png
5412,21,2,4,86592,06555413,0,5408,tiles/pagina_21/tile_5412.png
5413,21,2,5,86608,394D0301,0,,tiles/pagina_21/tile_5413.png
5414,21,2,6,86624,6FE96960,0,38,tiles/pagina_21/tile_5414.png
5415,21,2,7,86640,9EB57E55,0,39,tiles/pagina_21/tile_5415.png
5416,21,2,8,86656,5568376F,0,40,tiles/pagina_21/tile_5416.png
5417,21,2,9,86672,2FBDA2E1,0,,tiles/pagina_21/tile_5417.png
5418,21,2,10,86688,69691905,1,22,tiles/pagina_21/tile_5418.png
5419,21,2,11,86704,69691905,1,22,tiles/pagina_21/tile_5419.png
5420,21,2,12,86720,A7A8EE2F,0,5384,tiles/pagina_21/tile_5420.png
5421,21,2,13,86736,8B56D35D,0,,tiles/pagina_21/tile_5421.png
5422,21,2,14,86752,D12FFD05,0,,tiles/pagina_21/tile_5422.png
5423,21,2,15,86768,F6DF545D,0,,tiles/pagina_21/tile_5423.png
5424,21,3,0,86784,69691905,1,22,tiles/pagina_21/tile_5424.png
5425,21,3,1,86800,38A45ADC,0,49,tiles/pagina_21/tile_5425.png
5426,21,3,2,86816,69691905,1,22,tiles/pagina_21/tile_5426.png
5427,21,3,3,86832,9FF8A105,0,28,tiles/pagina_21/tile_5427.png
5428,21,3,4,86848,7C9589AC,0,52,tiles/pagina_21/tile_5428.png
5429,21,3,5,86864,CC6FED26,0,53,tiles/pagina_21/tile_5429.png
5430,21,3,6,86880,0BA88925,0,,tiles/pagina_21/tile_5430.png
5431,21,3,7,86896,5842DBD5,0,,tiles/pagina_21/tile_5431.png
5432,21,3,8,86912,C51FE798,0,4408,tiles/pagina_21/tile_5432.png
5433,21,3,9,86928,31E1D4B9,0,25,tiles/pagina_21/tile_5433.png
5434,21,3,10,86944,B0A520A5,0,,tiles/pagina_21/tile_5434.png
5435,21,3,11,86960,B692B345,0,5403,tiles/pagina_21/tile_5435.png
5436,21,3,12,86976,E5BEA37E,0,60,tiles/pagina_21/tile_5436.png
5437,21,3,13,86992,D13A02C3,0,61,tiles/pagina_21/tile_5437.png
5438,21,3,14,87008,14B27A55,0,62,tiles/pagina_21/tile_5438.png
5439,21,3,15,87024,0A6C0505,0,63,tiles/pagina_21/tile_5439.png
5440,21,4,0,87040,088EDAE5,0,,tiles/pagina_21/tile_5440.png
5441,21,4,1,87056,6484E8C7,0,,tiles/pagina_21/tile_5441.png
5442,21,4,2,87072,D9DA92FD,0,,tiles/pagina_21/tile_5442.png
5443,21,4,3,87088,793A91D7,0,,tiles/pagina_21/tile_5443.png
5444,21,4,4,87104,69691905,1,22,tiles/pagina_21/tile_5444.png
5445,21,4,5,87120,E020CC45,0,69,tiles/pagina_21/tile_5445.png
5446,21,4,6,87136,3EFD6645,0,70,tiles/pagina_21/tile_5446.png
5447,21,4,7,87152,050FEDF1,0,71,tiles/pagina_21/tile_5447.png
5448,21,4,8,87168,D6DE1923,0,72,tiles/pagina_21/tile_5448.png
5449,21,4,9,87184,49CD0EC5,0,73,tiles/pagina_21/tile_5449.png
5450,21,4,10,87200,CCA39F3D,0,74,tiles/pagina_21/tile_5450.png
5451,21,4,11,87216,09EC9105,0,75,tiles/pagina_21/tile_5451.png
5452,21,4,12,87232,69691905,1,22,tiles/pagina_21/tile_5452.png
5453,21,4,13,87248,D0C8A17E,0,77,tiles/pagina_21/tile_5453.png
5454,21,4,14,87264,8E3DCE65,0,,tiles/pagina_21/tile_5454.png
5455,21,4,15,87280,75AFE159,0,,tiles/pagina_21/tile_5455.png
5456,21,5,0,87296,68691772,0,16,tiles/pagina_21/tile_5456.png
5457,21,5,1,87312,6D1175C6,0,17,tiles/pagina_21/tile_5457.png
5458,21,5,2,87328,3CF7B44D,0,18,tiles/pagina_21/tile_5458.png
5459,21,5,3,87344,EB7BBB2F,0,19,tiles/pagina_21/tile_5459.png
5460,21,5,4,87360,C29D25A7,0,20,tiles/pagina_21/tile_5460.png
5461,21,5,5,87376,1B75BBA2,0,21,tiles/pagina_21/tile_5461.png
5462,21,5,6,87392,69691905,1,22,tiles/pagina_21/tile_5462.png
5463,21,5,7,87408,1E1D71C5,0,23,tiles/pagina_21/tile_5463.png
5464,21,5,8,87424,D92291C8,0,88,tiles/pagina_21/tile_5464.png
5465,21,5,9,87440,3EDE3552,0,89,tiles/pagina_21/tile_5465.png
5466,21,5,10,87456,A94CD1E5,0,90,tiles/pagina_21/tile_5466.png
5467,21,5,11,87472,50C7E400,0,91,tiles/pagina_21/tile_5467.png
5468,21,5,12,87488,8DC8C905,0,92,tiles/pagina_21/tile_5468.png
5469,21,5,13,87504,5DEA1AE5,0,,tiles/pagina_21/tile_5469.png
5470,21,5,14,87520,7B09C3D5,0,94,tiles/pagina_21/tile_5470.png
5471,21,5,15,87536,69691905,1,22,tiles/pagina_21/tile_5471.png
5472,21,6,0,87552,0C86969A,0,96,tiles/pagina_21/tile_5472.png
5473,21,6,1,87568,5571F1C5,0,97,tiles/pagina_21/tile_5473.png
5474,21,6,2,87584,E0CEB15D,0,98,tiles/pagina_21/tile_5474.png
5475,21,6,3,87600,69691905,1,22,tiles/pagina_21/tile_5475.png
5476,21,6,4,87616,D0962A25,0,100,tiles/pagina_21/tile_5476.png
5477,21,6,5,87632,C9BA8CD5,0,101,tiles/pagina_21/tile_5477.png
5478,21,6,6,87648,239886CC,0,102,tiles/pagina_21/tile_5478.png
5479,21,6,7,87664,7075A9AD,0,103,tiles/pagina_21/tile_5479.png
5480,21,6,8,87680,8DC8C905,0,92,tiles/pagina_21/tile_5480.png
5481,21,6,9,87696,35B93F45,0,,tiles/pagina_21/tile_5481.png
5482,21,6,10,87712,2F86DDF0,0,106,tiles/pagina_21/tile_5482.png
5483,21,6,11,87728,2ED6C772,0,107,tiles/pagina_21/tile_5483.png
5484,21,6,12,87744,6D98B27D,0,108,tiles/pagina_21/tile_5484.png
5485,21,6,13,87760,FD547405,0,109,tiles/pagina_21/tile_5485.png
5486,21,6,14,87776,9F0D0975,0,,tiles/pagina_21/tile_5486.png
5487,21,6,15,87792,69691905,1,22,tiles/pagina_21/tile_5487.png
5488,21,7,0,87808,2E9BBA1D,0,,tiles/pagina_21/tile_5488.png
5489,21,7,1,87824,DE728E2D,0,,tiles/pagina_21/tile_5489.png
5490,21,7,2,87840,83C9DA58,0,,tiles/pagina_21/tile_5490.png
5491,21,7,3,87856,63731651,0,,tiles/pagina_21/tile_5491.png
5492,21,7,4,87872,83C9DA58,0,5490,tiles/pagina_21/tile_5492.png
5493,21,7,5,87888,E1502EEE,0,,tiles/pagina_21/tile_5493.png
5494,21,7,6,87904,A9C46E82,0,,tiles/pagina_21/tile_5494.png
5495,21,7,7,87920,BF28EB0C,0,,tiles/pagina_21/tile_5495.png
5496,21,7,8,87936,9FF8A105,0,28,tiles/pagina_21/tile_5496.png
5497,21,7,9,87952,6B752EA5,0,121,tiles/pagina_21/tile_5497.png
5498,21,7,10,87968,D57CC3DB,0,122,tiles/pagina_21/tile_5498.png
5499,21,7,11,87984,E47AAFA5,0,123,tiles/pagina_21/tile_5499.png
5500,21,7,12,88000,7D8EAD86,0,124,tiles/pagina_21/tile_5500.png
5501,21,7,13,88016,8728EE5D,0,125,tiles/pagina_21/tile_5501.png
5502,21,7,14,88032,681456F5,0,126,tiles/pagina_21/tile_5502.png
5503,21,7,15,88048,69691905,1,22,tiles/pagina_21/tile_5503.png
5504,21,8,0,88064,A7A8EE2F,0,5384,tiles/pagina_21/tile_5504.png
5505,21,8,1,88080,8B56D35D,0,5421,tiles/pagina_21/tile_5505.png
5506,21,8,2,88096,D12FFD05,0,5422,tiles/pagina_21/tile_5506.png
5507,21,8,3,88112,F6DF545D,0,5423,tiles/pagina_21/tile_5507.png
5508,21,8,4,88128,D319FE7F,0,132,tiles/pagina_21/tile_5508.png
5509,21,8,5,88144,66D1315B,0,133,tiles/pagina_21/tile_5509.png
5510,21,8,6,88160,96271495,0,,tiles/pagina_21/tile_5510.png
5511,21,8,7,88176,919FDE97,0,,tiles/pagina_21/tile_5511.png
5512,21,8,8,88192,69691905,1,22,tiles/pagina_21/tile_5512.png
5513,21,8,9,88208,69691905,1,22,tiles/pagina_21/tile_5513.png
5514,21,8,10,88224,D319FE7F,0,132,tiles/pagina_21/tile_5514.png
5515,21,8,11,88240,7F61BBC3,0,139,tiles/pagina_21/tile_5515.png
5516,21,8,12,88256,96271495,0,5510,tiles/pagina_21/tile_5516.png
5517,21,8,13,88272,A163C2C1,0,,tiles/pagina_21/tile_5517.png
5518,21,8,14,88288,69691905,1,22,tiles/pagina_21/tile_5518.png
5519,21,8,15,88304,69691905,1,22,tiles/pagina_21/tile_5519.png
5520,21,9,0,88320,68691772,0,16,tiles/pagina_21/tile_5520.png
5521,21,9,1,88336,6D1175C6,0,17,tiles/pagina_21/tile_5521.png
5522,21,9,2,88352,3CF7B44D,0,18,tiles/pagina_21/tile_5522.png
5523,21,9,3,88368,EB7BBB2F,0,19,tiles/pagina_21/tile_5523.png
5524,21,9,4,88384,C29D25A7,0,20,tiles/pagina_21/tile_5524.png
5525,21,9,5,88400,1B75BBA2,0,21,tiles/pagina_21/tile_5525.png
5526,21,9,6,88416,69691905,1,22,tiles/pagina_21/tile_5526.png
5527,21,9,7,88432,1E1D71C5,0,23,tiles/pagina_21/tile_5527.png
5528,21,9,8,88448,578782D5,0,,tiles/pagina_21/tile_5528.png
5529,21,9,9,88464,D9A8A793,0,,tiles/pagina_21/tile_5529.png
5530,21,9,10,88480,B1BA470E,0,4506,tiles/pagina_21/tile_5530.png
5531,21,9,11,88496,1581B696,0,4507,tiles/pagina_21/tile_5531.png
5532,21,9,12,88512,5C4F074F,0,4508,tiles/pagina_21/tile_5532.png
5533,21,9,13,88528,9D20EF84,0,4509,tiles/pagina_21/tile_5533.png
5534,21,9,14,88544,CC643311,0,,tiles/pagina_21/tile_5534.png
5535,21,9,15,88560,AA79B561,0,4511,tiles/pagina_21/tile_5535.png
5536,21,10,0,88576,D319FE7F,0,132,tiles/pagina_21/tile_5536.png
5537,21,10,1,88592,126F5649,0,161,tiles/pagina_21/tile_5537.png
5538,21,10,2,88608,96271495,0,5510,tiles/pagina_21/tile_5538.png
5539,21,10,3,88624,BA0838F5,0,,tiles/pagina_21/tile_5539.png
5540,21,10,4,88640,69691905,1,22,tiles/pagina_21/tile_5540.png
5541,21,10,5,88656,69691905,1,22,tiles/pagina_21/tile_5541.png
5542,21,10,6,88672,3049B397,0,,tiles/pagina_21/tile_5542.png
5543,21,10,7,88688,7FD5DD08,0,,tiles/pagina_21/tile_5543.png
5544,21,10,8,88704,4A1093AA,0,,tiles/pagina_21/tile_5544.png
5545,21,10,9,88720,0A156C76,0,169,tiles/pagina_21/tile_5545.png
5546,21,10,10,88736,89F5EC45,0,,tiles/pagina_21/tile_5546.png
5547,21,10,11,88752,B33DEE7D,0,171,tiles/pagina_21/tile_5547.png
5548,21,10,12,88768,5DF88A1F,0,,tiles/pagina_21/tile_5548.png
5549,21,10,13,88784,424311EF,0,,tiles/pagina_21/tile_5549.png
5550,21,10,14,88800,F85D7971,0,174,tiles/pagina_21/tile_5550.png
5551,21,10,15,88816,13F12D01,0,175,tiles/pagina_21/tile_5551.png
5552,21,11,0,88832,142D3B91,0,176,tiles/pagina_21/tile_5552.png
5553,21,11,1,88848,8877CBA8,0,,tiles/pagina_21/tile_5553.png
5554,21,11,2,88864,D0E03D65,0,178,tiles/pagina_21/tile_5554.png
5555,21,11,3,88880,6D98A7E1,0,,tiles/pagina_21/tile_5555.png
5556,21,11,4,88896,00C7C1F6,0,,tiles/pagina_21/tile_5556.png
5557,21,11,5,88912,6543AE4C,0,4533,tiles/pagina_21/tile_5557.png
5558,21,11,6,88928,A1D5CA51,0,,tiles/pagina_21/tile_5558.png
5559,21,11,7,88944,0CA05901,0,4535,tiles/pagina_21/tile_5559.png
5560,21,11,8,88960,4D3E641F,0,5386,tiles/pagina_21/tile_5560.png
5561,21,11,9,88976,9E5E47C0,0,1,tiles/pagina_21/tile_5561.png
5562,21,11,10,88992,04356AA5,0,5378,tiles/pagina_21/tile_5562.png
5563,21,11,11,89008,69681531,0,,tiles/pagina_21/tile_5563.png
5564,21,11,12,89024,120DD6E5,0,188,tiles/pagina_21/tile_5564.png
5565,21,11,13,89040,466B839F,0,189,tiles/pagina_21/tile_5565.png
5566,21,11,14,89056,1FE46841,0,,tiles/pagina_21/tile_5566.png
5567,21,11,15,89072,36EF2E8D,0,,tiles/pagina_21/tile_5567.png
5568,21,12,0,89088,E1A688D4,0,192,tiles/pagina_21/tile_5568.png
5569,21,12,1,89104,A169870E,0,193,tiles/pagina_21/tile_5569.png
5570,21,12,2,89120,4382CBBD,0,194,tiles/pagina_21/tile_5570.png
5571,21,12,3,89136,B751AF89,0,195,tiles/pagina_21/tile_5571.png
5572,21,12,4,89152,53156D85,0,4550,tiles/pagina_21/tile_5572.png
5573,21,12,5,89168,BC737685,0,4549,tiles/pagina_21/tile_5573.png
5574,21,12,6,89184,53156D85,0,4550,tiles/pagina_21/tile_5574.png
5575,21,12,7,89200,BC737685,0,4549,tiles/pagina_21/tile_5575.png
5576,21,12,8,89216,24010CDA,0,200,tiles/pagina_21/tile_5576.png
5577,21,12,9,89232,A169870E,0,193,tiles/pagina_21/tile_5577.png
5578,21,12,10,89248,45914EC9,0,202,tiles/pagina_21/tile_5578.png
5579,21,12,11,89264,2E68D1B9,0,203,tiles/pagina_21/tile_5579.png
5580,21,12,12,89280,A12E832C,0,204,tiles/pagina_21/tile_5580.png
5581,21,12,13,89296,A169870E,0,193,tiles/pagina_21/tile_5581.png
5582,21,12,14,89312,BB690B91,0,206,tiles/pagina_21/tile_5582.png
5583,21,12,15,89328,795D031D,0,207,tiles/pagina_21/tile_5583.png
5584,21,13,0,89344,68691772,0,16,tiles/pagina_21/tile_5584.png
5585,21,13,1,89360,6D1175C6,0,17,tiles/pagina_21/tile_5585.png
5586,21,13,2,89376,3CF7B44D,0,18,tiles/pagina_21/tile_5586.png
5587,21,13,3,89392,EB7BBB2F,0,19,tiles/pagina_21/tile_5587.png
5588,21,13,4,89408,C29D25A7,0,20,tiles/pagina_21/tile_5588.png
5589,21,13,5,89424,1B75BBA2,0,21,tiles/pagina_21/tile_5589.png
5590,21,13,6,89440,69691905,1,22,tiles/pagina_21/tile_5590.png
5591,21,13,7,89456,1E1D71C5,0,23,tiles/pagina_21/tile_5591.png
5592,21,13,8,89472,B6290CEB,0,,tiles/pagina_21/tile_5592.png
5593,21,13,9,89488,F9EF4720,0,217,tiles/pagina_21/tile_5593.png
5594,21,13,10,89504,04356AA5,0,5378,tiles/pagina_21/tile_5594.png
5595,21,13,11,89520,CA1685B1,0,5379,tiles/pagina_21/tile_5595.png
5596,21,13,12,89536,0FEDA686,0,220,tiles/pagina_21/tile_5596.png
5597,21,13,13,89552,889B545B,0,5,tiles/pagina_21/tile_5597.png
5598,21,13,14,89568,BB690B91,0,206,tiles/pagina_21/tile_5598.png
5599,21,13,15,89584,2E68D1B9,0,203,tiles/pagina_21/tile_5599.png
5600,21,14,0,89600,005A0E1B,0,4358,tiles/pagina_21/tile_5600.png
5601,21,14,1,89616,F5CD6F13,0,4359,tiles/pagina_21/tile_5601.png
5602,21,14,2,89632,360779F5,0,112,tiles/pagina_21/tile_5602.png
5603,21,14,3,89648,360779F5,0,112,tiles/pagina_21/tile_5603.png
5604,21,14,4,89664,69691905,1,22,tiles/pagina_21/tile_5604.png
5605,21,14,5,89680,63485D05,0,4581,tiles/pagina_21/tile_5605.png
5606,21,14,6,89696,8DC8C905,0,92,tiles/pagina_21/tile_5606.png
5607,21,14,7,89712,264AA685,0,4583,tiles/pagina_21/tile_5607.png
5608,21,14,8,89728,4D3E641F,0,5386,tiles/pagina_21/tile_5608.png
5609,21,14,9,89744,9E5E47C0,0,1,tiles/pagina_21/tile_5609.png
5610,21,14,10,89760,04356AA5,0,5378,tiles/pagina_21/tile_5610.png
5611,21,14,11,89776,69681531,0,5563,tiles/pagina_21/tile_5611.png
5612,21,14,12,89792,BB690B91,0,206,tiles/pagina_21/tile_5612.png
5613,21,14,13,89808,B751AF89,0,195,tiles/pagina_21/tile_5613.png
5614,21,14,14,89824,69691905,1,22,tiles/pagina_21/tile_5614.png
5615,21,14,15,89840,BC737685,0,4549,tiles/pagina_21/tile_5615.png
5616,21,15,0,89856,0408E8D4,0,240,tiles/pagina_21/tile_5616.png
5617,21,15,1,89872,2F2EA08E,0,241,tiles/pagina_21/tile_5617.png
5618,21,15,2,89888,3F441EE1,0,,tiles/pagina_21/tile_5618.png
5619,21,15,3,89904,32D73F7F,0,,tiles/pagina_21/tile_5619.png
5620,21,15,4,89920,6A063474,0,244,tiles/pagina_21/tile_5620.png
5621,21,15,5,89936,9D75487E,0,245,tiles/pagina_21/tile_5621.png
5622,21,15,6,89952,4382CBBD,0,194,tiles/pagina_21/tile_5622.png
5623,21,15,7,89968,430EBBA1,0,,tiles/pagina_21/tile_5623.png
5624,21,15,8,89984,6A063474,0,244,tiles/pagina_21/tile_5624.png
5625,21,15,9,90000,9DBA3DEC,0,249,tiles/pagina_21/tile_5625.png
5626,21,15,10,90016,3F441EE1,0,5618,tiles/pagina_21/tile_5626.png
5627,21,15,11,90032,0B715785,0,,tiles/pagina_21/tile_5627.png
5628,21,15,12,90048,53156D85,0,4550,tiles/pagina_21/tile_5628.png
5629,21,15,13,90064,69691905,1,22,tiles/pagina_21/tile_5629.png
5630,21,15,14,90080,53156D85,0,4550,tiles/pagina_21/tile_5630.png
5631,21,15,15,90096,BC737685,0,4549,tiles/pagina_21/tile_5631.png
5632,22,0,0,90112,4E804EF3,0,,tiles/pagina_22/tile_5632.png
5633,22,0,1,90128,0200D71E,0,,tiles/pagina_22/tile_5633.png
5634,22,0,2,90144,B9A2A894,0,384,tiles/pagina_22/tile_5634.png
5635,22,0,3,90160,03C19BC1,0,386,tiles/pagina_22/tile_5635.png
5636,22,0,4,90176,53B91B95,0,,tiles/pagina_22/tile_5636.png
5637,22,0,5,90192,69691905,1,22,tiles/pagina_22/tile_5637.png
5638,22,0,6,90208,69691905,1,22,tiles/pagina_22/tile_5638.png
5639,22,0,7,90224,69691905,1,22,tiles/pagina_22/tile_5639.png
5640,22,0,8,90240,69691905,1,22,tiles/pagina_22/tile_5640.png
5641,22,0,9,90256,2755709A,0,,tiles/pagina_22/tile_5641.png
5642,22,0,10,90272,CB4527FC,0,,tiles/pagina_22/tile_5642.png
5643,22,0,11,90288,4989C8B8,0,,tiles/pagina_22/tile_5643.png
5644,22,0,12,90304,16D5C8B2,0,,tiles/pagina_22/tile_5644.png
5645,22,0,13,90320,D3D90625,0,,tiles/pagina_22/tile_5645.png
5646,22,0,14,90336,6E432BE1,0,,tiles/pagina_22/tile_5646.png
5647,22,0,15,90352,ED8C64E3,0,772,tiles/pagina_22/tile_5647.png
5648,22,1,0,90368,12569603,0,,tiles/pagina_22/tile_5648.png
5649,22,1,1,90384,E648D083,0,,tiles/pagina_22/tile_5649.png
5650,22,1,2,90400,839D67B6,0,385,tiles/pagina_22/tile_5650.png
5651,22,1,3,90416,AFC82825,0,387,tiles/pagina_22/tile_5651.png
5652,22,1,4,90432,A8BB4309,0,,tiles/pagina_22/tile_5652.png
5653,22,1,5,90448,8E69AC5D,0,,tiles/pagina_22/tile_5653.png
5654,22,1,6,90464,9163F53D,0,,tiles/pagina_22/tile_5654.png
5655,22,1,7,90480,81B0CCF2,0,,tiles/pagina_22/tile_5655.png
5656,22,1,8,90496,865E7EA3,0,,tiles/pagina_22/tile_5656.png
5657,22,1,9,90512,D552AA7D,0,,tiles/pagina_22/tile_5657.png
5658,22,1,10,90528,BD8CA1D0,0,,tiles/pagina_22/tile_5658.png
5659,22,1,11,90544,6E561962,0,,tiles/pagina_22/tile_5659.png
5660,22,1,12,90560,C47657E4,0,,tiles/pagina_22/tile_5660.png
5661,22,1,13,90576,2932C522,0,,tiles/pagina_22/tile_5661.png
5662,22,1,14,90592,39B5CBB9,0,,tiles/pagina_22/tile_5662.png
5663,22,1,15,90608,006906C9,0,,tiles/pagina_22/tile_5663.png
5664,22,2,0,90624,4EA3EC86,0,,tiles/pagina_22/tile_5664.png
5665,22,2,1,90640,CE9F1FD7,0,,tiles/pagina_22/tile_5665.png
5666,22,2,2,90656,084AB06F,0,,tiles/pagina_22/tile_5666.png
5667,22,2,3,90672,BA3D47EC,0,,tiles/pagina_22/tile_5667.png
5668,22,2,4,90688,E78E96AC,0,,tiles/pagina_22/tile_5668.png
5669,22,2,5,90704,F83CF375,0,,tiles/pagina_22/tile_5669.png
5670,22,2,6,90720,97E9942C,0,,tiles/pagina_22/tile_5670.png
5671,22,2,7,90736,1620BEA5,0,,tiles/pagina_22/tile_5671.png
5672,22,2,8,90752,FB0B107C,0,,tiles/pagina_22/tile_5672.png
5673,22,2,9,90768,E88DDD05,0,,tiles/pagina_22/tile_5673.png
5674,22,2,10,90784,6FE0B5D9,0,,tiles/pagina_22/tile_5674.png
5675,22,2,11,90800,D0669DFB,0,,tiles/pagina_22/tile_5675.png
5676,22,2,12,90816,3B9194D7,0,,tiles/pagina_22/tile_5676.png
5677,22,2,13,90832,A22DDF51,0,,tiles/pagina_22/tile_5677.png
5678,22,2,14,90848,6CD5A0A0,0,,tiles/pagina_22/tile_5678.png
5679,22,2,15,90864,90A4E836,0,,tiles/pagina_22/tile_5679.png
5680,22,3,0,90880,43DF3932,0,,tiles/pagina_22/tile_5680.png
5681,22,3,1,90896,10E49FFB,0,,tiles/pagina_22/tile_5681.png
5682,22,3,2,90912,FD8528FA,0,,tiles/pagina_22/tile_5682.png
5683,22,3,3,90928,4C5E6F78,0,,tiles/pagina_22/tile_5683.png
5684,22,3,4,90944,91AD6FDC,0,,tiles/pagina_22/tile_5684.png
5685,22,3,5,90960,0AE4BF96,0,,tiles/pagina_22/tile_5685.png
5686,22,3,6,90976,D979BA37,0,,tiles/pagina_22/tile_5686.png
5687,22,3,7,90992,9257802A,0,,tiles/pagina_22/tile_5687.png
5688,22,3,8,91008,D955993A,0,,tiles/pagina_22/tile_5688.png
5689,22,3,9,91024,50F85FDE,0,,tiles/pagina_22/tile_5689.png
5690,22,3,10,91040,A726978E,0,,tiles/pagina_22/tile_5690.png
5691,22,3,11,91056,B189A466,0,,tiles/pagina_22/tile_5691.png
5692,22,3,12,91072,825DCFDD,0,,tiles/pagina_22/tile_5692.png
5693,22,3,13,91088,2C2398D4,0,,tiles/pagina_22/tile_5693.png
5694,22,3,14,91104,104D4D1D,0,,tiles/pagina_22/tile_5694.png
5695,22,3,15,91120,7BD5885D,0,,tiles/pagina_22/tile_5695.png
5696,22,4,0,91136,B09CB091,0,624,tiles/pagina_22/tile_5696.png
5697,22,4,1,91152,27DA335B,0,625,tiles/pagina_22/tile_5697.png
5698,22,4,2,91168,A1B82622,0,626,tiles/pagina_22/tile_5698.png
5699,22,4,3,91184,C1A0E4DF,0,627,tiles/pagina_22/tile_5699.png
5700,22,4,4,91200,9902A92B,0,,tiles/pagina_22/tile_5700.png
5701,22,4,5,91216,5A7BD4F7,0,,tiles/pagina_22/tile_5701.png
5702,22,4,6,91232,78FA34CB,0,,tiles/pagina_22/tile_5702.png
5703,22,4,7,91248,49CA0ABD,0,,tiles/pagina_22/tile_5703.png
5704,22,4,8,91264,B908B8AF,0,,tiles/pagina_22/tile_5704.png
5705,22,4,9,91280,66F3A8F0,0,,tiles/pagina_22/tile_5705.png
5706,22,4,10,91296,CCF6BDDA,0,,tiles/pagina_22/tile_5706.png
5707,22,4,11,91312,8707F978,0,,tiles/pagina_22/tile_5707.png
5708,22,4,12,91328,538AFEF5,0,,tiles/pagina_22/tile_5708.png
5709,22,4,13,91344,8258D4FD,0,,tiles/pagina_22/tile_5709.png
5710,22,4,14,91360,3EF2EDDA,0,,tiles/pagina_22/tile_5710.png
5711,22,4,15,91376,3B400CCF,0,,tiles/pagina_22/tile_5711.png
5712,22,5,0,91392,494AE044,0,628,tiles/pagina_22/tile_5712.png
5713,22,5,1,91408,F3B3BD46,0,629,tiles/pagina_22/tile_5713.png
5714,22,5,2,91424,65090DDC,0,630,tiles/pagina_22/tile_5714.png
5715,22,5,3,91440,8D3B3653,0,631,tiles/pagina_22/tile_5715.png
5716,22,5,4,91456,06B03198,0,,tiles/pagina_22/tile_5716.png
5717,22,5,5,91472,35DC113A,0,,tiles/pagina_22/tile_5717.png
5718,22,5,6,91488,FD930138,0,,tiles/pagina_22/tile_5718.png
5719,22,5,7,91504,BA37B52F,0,4059,tiles/pagina_22/tile_5719.png
5720,22,5,8,91520,AC171E3D,0,,tiles/pagina_22/tile_5720.png
5721,22,5,9,91536,E8D7897D,0,,tiles/pagina_22/tile_5721.png
5722,22,5,10,91552,FFD4B86B,0,,tiles/pagina_22/tile_5722.png
5723,22,5,11,91568,C810579D,0,,tiles/pagina_22/tile_5723.png
5724,22,5,12,91584,D2F302F8,0,860,tiles/pagina_22/tile_5724.png
5725,22,5,13,91600,AE875BBA,0,861,tiles/pagina_22/tile_5725.png
5726,22,5,14,91616,B353F37C,0,862,tiles/pagina_22/tile_5726.png
5727,22,5,15,91632,EE8197A0,0,863,tiles/pagina_22/tile_5727.png
5728,22,6,0,91648,A0FBD29D,0,,tiles/pagina_22/tile_5728.png
5729,22,6,1,91664,C750F69D,0,,tiles/pagina_22/tile_5729.png
5730,22,6,2,91680,769A5D1D,0,,tiles/pagina_22/tile_5730.png
5731,22,6,3,91696,B5BAE29D,0,,tiles/pagina_22/tile_5731.png
5732,22,6,4,91712,371E0EE5,0,,tiles/pagina_22/tile_5732.png
5733,22,6,5,91728,32DFF977,0,,tiles/pagina_22/tile_5733.png
5734,22,6,6,91744,C1509208,0,,tiles/pagina_22/tile_5734.png
5735,22,6,7,91760,470F113B,0,,tiles/pagina_22/tile_5735.png
5736,22,6,8,91776,853837C6,0,,tiles/pagina_22/tile_5736.png
5737,22,6,9,91792,BCF6D1CD,0,,tiles/pagina_22/tile_5737.png
5738,22,6,10,91808,C65BCB13,0,,tiles/pagina_22/tile_5738.png
5739,22,6,11,91824,0374668F,0,,tiles/pagina_22/tile_5739.png
5740,22,6,12,91840,732AE772,0,,tiles/pagina_22/tile_5740.png
5741,22,6,13,91856,FB097EF2,0,,tiles/pagina_22/tile_5741.png
5742,22,6,14,91872,FB097EF2,0,5741,tiles/pagina_22/tile_5742.png
5743,22,6,15,91888,A4AAAFE5,0,,tiles/pagina_22/tile_5743.png
5744,22,7,0,91904,CEE60921,0,632,tiles/pagina_22/tile_5744.png
5745,22,7,1,91920,C0285EB9,0,633,tiles/pagina_22/tile_5745.png
5746,22,7,2,91936,38C77781,0,634,tiles/pagina_22/tile_5746.png
5747,22,7,3,91952,671A7DD5,0,635,tiles/pagina_22/tile_5747.png
5748,22,7,4,91968,658F5595,0,,tiles/pagina_22/tile_5748.png
5749,22,7,5,91984,F6113DB9,0,,tiles/pagina_22/tile_5749.png
5750,22,7,6,92000,519BB4AA,0,,tiles/pagina_22/tile_5750.png
5751,22,7,7,92016,6AA9CE84,0,,tiles/pagina_22/tile_5751.png
5752,22,7,8,92032,E2759AC0,0,,tiles/pagina_22/tile_5752.png
5753,22,7,9,92048,4F603B77,0,,tiles/pagina_22/tile_5753.png
5754,22,7,10,92064,5D8B0E91,0,,tiles/pagina_22/tile_5754.png
5755,22,7,11,92080,3EE2BC4C,0,,tiles/pagina_22/tile_5755.png
5756,22,7,12,92096,CD22C271,0,3194,tiles/pagina_22/tile_5756.png
5757,22,7,13,92112,67FB58F5,0,3195,tiles/pagina_22/tile_5757.png
5758,22,7,14,92128,A83C34F5,0,3196,tiles/pagina_22/tile_5758.png
5759,22,7,15,92144,840A4571,0,3197,tiles/pagina_22/tile_5759.png
5760,22,8,0,92160,4FA9CA96,0,,tiles/pagina_22/tile_5760.png
5761,22,8,1,92176,12CDE1FC,0,,tiles/pagina_22/tile_5761.png
5762,22,8,2,92192,E782981E,0,,tiles/pagina_22/tile_5762.png
5763,22,8,3,92208,4D9F1A24,0,,tiles/pagina_22/tile_5763.png
5764,22,8,4,92224,4B6C17D3,0,,tiles/pagina_22/tile_5764.png
5765,22,8,5,92240,A6010623,0,,tiles/pagina_22/tile_5765.png
5766,22,8,6,92256,0F6D6B3D,0,,tiles/pagina_22/tile_5766.png
5767,22,8,7,92272,EAA1E03D,0,,tiles/pagina_22/tile_5767.png
5768,22,8,8,92288,0B21511B,0,,tiles/pagina_22/tile_5768.png
5769,22,8,9,92304,43CF4D33,0,,tiles/pagina_22/tile_5769.png
5770,22,8,10,92320,B942CC4D,0,,tiles/pagina_22/tile_5770.png
5771,22,8,11,92336,5526EF25,0,,tiles/pagina_22/tile_5771.png
5772,22,8,12,92352,DD05C025,0,,tiles/pagina_22/tile_5772.png
5773,22,8,13,92368,69691905,1,22,tiles/pagina_22/tile_5773.png
5774,22,8,14,92384,5526EF25,0,5771,tiles/pagina_22/tile_5774.png
5775,22,8,15,92400,5526EF25,0,5771,tiles/pagina_22/tile_5775.png
5776,22,9,0,92416,D2F302F8,0,860,tiles/pagina_22/tile_5776.png
5777,22,9,1,92432,AE875BBA,0,861,tiles/pagina_22/tile_5777.png
5778,22,9,2,92448,B353F37C,0,862,tiles/pagina_22/tile_5778.png
5779,22,9,3,92464,EE8197A0,0,863,tiles/pagina_22/tile_5779.png
5780,22,9,4,92480,0944ED6D,0,1726,tiles/pagina_22/tile_5780.png
5781,22,9,5,92496,0944ED6D,0,1726,tiles/pagina_22/tile_5781.png
5782,22,9,6,92512,0944ED6D,0,1726,tiles/pagina_22/tile_5782.png
5783,22,9,7,92528,0944ED6D,0,1726,tiles/pagina_22/tile_5783.png
5784,22,9,8,92544,0944ED6D,0,1726,tiles/pagina_22/tile_5784.png
5785,22,9,9,92560,0944ED6D,0,1726,tiles/pagina_22/tile_5785.png
5786,22,9,10,92576,0944ED6D,0,1726,tiles/pagina_22/tile_5786.png
5787,22,9,11,92592,0944ED6D,0,1726,tiles/pagina_22/tile_5787.png
5788,22,9,12,92608,0944ED6D,0,1726,tiles/pagina_22/tile_5788.png
5789,22,9,13,92624,0944ED6D,0,1726,tiles/pagina_22/tile_5789.png
5790,22,9,14,92640,0944ED6D,0,1726,tiles/pagina_22/tile_5790.png
5791,22,9,15,92656,0944ED6D,0,1726,tiles/pagina_22/tile_5791.png
5792,22,10,0,92672,0944ED6D,0,1726,tiles/pagina_22/tile_5792.png
5793,22,10,1,92688,0944ED6D,0,1726,tiles/pagina_22/tile_5793.png
5794,22,10,2,92704,D7A4A83A,0,,tiles/pagina_22/tile_5794.png
5795,22,10,3,92720,738DD148,0,,tiles/pagina_22/tile_5795.png
5796,22,10,4,92736,F444AF01,0,,tiles/pagina_22/tile_5796.png
5797,22,10,5,92752,03B42AD1,0,,tiles/pagina_22/tile_5797.png
5798,22,10,6,92768,642F5D2A,0,,tiles/pagina_22/tile_5798.png
5799,22,10,7,92784,03899DA8,0,,tiles/pagina_22/tile_5799.png
5800,22,10,8,92800,1598931F,0,,tiles/pagina_22/tile_5800.png
5801,22,10,9,92816,4A0125C7,0,,tiles/pagina_22/tile_5801.png
5802,22,10,10,92832,9D01BC75,0,,tiles/pagina_22/tile_5802.png
5803,22,10,11,92848,83682C75,0,,tiles/pagina_22/tile_5803.png
5804,22,10,12,92864,B4A5E436,0,,tiles/pagina_22/tile_5804.png
5805,22,10,13,92880,C56A78CC,0,,tiles/pagina_22/tile_5805.png
5806,22,10,14,92896,AA887FAC,0,,tiles/pagina_22/tile_5806.png
5807,22,10,15,92912,9669088A,0,,tiles/pagina_22/tile_5807.png
5808,22,11,0,92928,5466620D,0,508,tiles/pagina_22/tile_5808.png
5809,22,11,1,92944,5466620D,0,508,tiles/pagina_22/tile_5809.png
5810,22,11,2,92960,A1DD8D05,0,2518,tiles/pagina_22/tile_5810.png
5811,22,11,3,92976,A1DD8D05,0,2518,tiles/pagina_22/tile_5811.png
5812,22,11,4,92992,A829C875,0,,tiles/pagina_22/tile_5812.png
5813,22,11,5,93008,A829C875,0,5812,tiles/pagina_22/tile_5813.png
5814,22,11,6,93024,360779F5,0,112,tiles/pagina_22/tile_5814.png
5815,22,11,7,93040,360779F5,0,112,tiles/pagina_22/tile_5815.png
5816,22,11,8,93056,6DEBB9FD,0,535,tiles/pagina_22/tile_5816.png
5817,22,11,9,93072,A5C4DD93,0,,tiles/pagina_22/tile_5817.png
5818,22,11,10,93088,6C64E39D,0,,tiles/pagina_22/tile_5818.png
5819,22,11,11,93104,6DEBB9FD,0,535,tiles/pagina_22/tile_5819.png
5820,22,11,12,93120,C0511EFD,0,,tiles/pagina_22/tile_5820.png
5821,22,11,13,93136,273882B7,0,,tiles/pagina_22/tile_5821.png
5822,22,11,14,93152,4569E68D,0,,tiles/pagina_22/tile_5822.png
5823,22,11,15,93168,C0511EFD,0,5820,tiles/pagina_22/tile_5823.png
5824,22,12,0,93184,AD2685A2,0,2752,tiles/pagina_22/tile_5824.png
5825,22,12,1,93200,6A4F05F5,0,2753,tiles/pagina_22/tile_5825.png
5826,22,12,2,93216,F66789A3,0,2754,tiles/pagina_22/tile_5826.png
5827,22,12,3,93232,64C4EF4E,0,2755,tiles/pagina_22/tile_5827.png
5828,22,12,4,93248,61C485D5,0,2756,tiles/pagina_22/tile_5828.png
5829,22,12,5,93264,542AE59C,0,2757,tiles/pagina_22/tile_5829.png
5830,22,12,6,93280,E3F9CBE5,0,2758,tiles/pagina_22/tile_5830.png
5831,22,12,7,93296,07897345,0,2759,tiles/pagina_22/tile_5831.png
5832,22,12,8,93312,FC0C6B8B,0,2760,tiles/pagina_22/tile_5832.png
5833,22,12,9,93328,AED34A3D,0,2761,tiles/pagina_22/tile_5833.png
5834,22,12,10,93344,FBDCE939,0,2762,tiles/pagina_22/tile_5834.png
5835,22,12,11,93360,8775CF35,0,2763,tiles/pagina_22/tile_5835.png
5836,22,12,12,93376,92274C52,0,2764,tiles/pagina_22/tile_5836.png
5837,22,12,13,93392,D99DDB4B,0,2765,tiles/pagina_22/tile_5837.png
5838,22,12,14,93408,8723992D,0,2766,tiles/pagina_22/tile_5838.png
5839,22,12,15,93424,E87A5765,0,2767,tiles/pagina_22/tile_5839.png
5840,22,13,0,93440,9C799461,0,2768,tiles/pagina_22/tile_5840.png
5841,22,13,1,93456,637E54BD,0,2769,tiles/pagina_22/tile_5841.png
5842,22,13,2,93472,7B1ADCC0,0,2770,tiles/pagina_22/tile_5842.png
5843,22,13,3,93488,D4DDA85D,0,2771,tiles/pagina_22/tile_5843.png
5844,22,13,4,93504,0598A595,0,2772,tiles/pagina_22/tile_5844.png
5845,22,13,5,93520,754009D5,0,2773,tiles/pagina_22/tile_5845.png
5846,22,13,6,93536,F98E7F91,0,2774,tiles/pagina_22/tile_5846.png
5847,22,13,7,93552,026504E8,0,2775,tiles/pagina_22/tile_5847.png
5848,22,13,8,93568,67F9B2CE,0,2776,tiles/pagina_22/tile_5848.png
5849,22,13,9,93584,70B4DB81,0,2777,tiles/pagina_22/tile_5849.png
5850,22,13,10,93600,FDF4AE85,0,2778,tiles/pagina_22/tile_5850.png
5851,22,13,11,93616,04A5CEE5,0,2779,tiles/pagina_22/tile_5851.png
5852,22,13,12,93632,2AA02B30,0,2780,tiles/pagina_22/tile_5852.png
5853,22,13,13,93648,E4714EFC,0,2781,tiles/pagina_22/tile_5853.png
5854,22,13,14,93664,36E3987D,0,2782,tiles/pagina_22/tile_5854.png
5855,22,13,15,93680,79197D7E,0,2783,tiles/pagina_22/tile_5855.png
5856,22,14,0,93696,D8AE9D12,0,2784,tiles/pagina_22/tile_5856.png
5857,22,14,1,93712,67FE4DE7,0,2785,tiles/pagina_22/tile_5857.png
5858,22,14,2,93728,1F0778AD,0,2786,tiles/pagina_22/tile_5858.png
5859,22,14,3,93744,2A099BE3,0,2787,tiles/pagina_22/tile_5859.png
5860,22,14,4,93760,232AA980,0,2788,tiles/pagina_22/tile_5860.png
5861,22,14,5,93776,C2EBBB72,0,2789,tiles/pagina_22/tile_5861.png
5862,22,14,6,93792,FFE86FBC,0,2790,tiles/pagina_22/tile_5862.png
5863,22,14,7,93808,C1DAC2FE,0,2791,tiles/pagina_22/tile_5863.png
5864,22,14,8,93824,8B976DD9,0,2792,tiles/pagina_22/tile_5864.png
5865,22,14,9,93840,0230840F,0,2793,tiles/pagina_22/tile_5865.png
5866,22,14,10,93856,68C5EE05,0,2794,tiles/pagina_22/tile_5866.png
5867,22,14,11,93872,B4304D56,0,2795,tiles/pagina_22/tile_5867.png
5868,22,14,12,93888,9BBE452F,0,2796,tiles/pagina_22/tile_5868.png
5869,22,14,13,93904,05F318FD,0,2797,tiles/pagina_22/tile_5869.png
5870,22,14,14,93920,E14FD6D5,0,2798,tiles/pagina_22/tile_5870.png
5871,22,14,15,93936,602DB469,0,2799,tiles/pagina_22/tile_5871.png
5872,22,15,0,93952,EABA5CD9,0,2800,tiles/pagina_22/tile_5872.png
5873,22,15,1,93968,8AD027B1,0,2801,tiles/pagina_22/tile_5873.png
5874,22,15,2,93984,92D5BC36,0,2802,tiles/pagina_22/tile_5874.png
5875,22,15,3,94000,3441CC96,0,2803,tiles/pagina_22/tile_5875.png
5876,22,15,4,94016,6D1AD189,0,2804,tiles/pagina_22/tile_5876.png
5877,22,15,5,94032,61052DB5,0,2805,tiles/pagina_22/tile_5877.png
5878,22,15,6,94048,E403D531,0,2806,tiles/pagina_22/tile_5878.png
5879,22,15,7,94064,6A7DBBDF,0,2807,tiles/pagina_22/tile_5879.png
5880,22,15,8,94080,58995425,0,2808,tiles/pagina_22/tile_5880.png
5881,22,15,9,94096,69691905,1,22,tiles/pagina_22/tile_5881.png
5882,22,15,10,94112,46DB65D3,0,2810,tiles/pagina_22/tile_5882.png
5883,22,15,11,94128,0D27A299,0,2811,tiles/pagina_22/tile_5883.png
5884,22,15,12,94144,3418E270,0,2812,tiles/pagina_22/tile_5884.png
5885,22,15,13,94160,95FF355D,0,2813,tiles/pagina_22/tile_5885.png
5886,22,15,14,94176,6E59C22F,0,2814,tiles/pagina_22/tile_5886.png
5887,22,15,15,94192,0C165A57,0,2815,tiles/pagina_22/tile_5887.png
5888,23,0,0,94208,67BDE0CD,0,,tiles/pagina_23/tile_5888.png
5889,23,0,1,94224,F85708D5,0,,tiles/pagina_23/tile_5889.png
5890,23,0,2,94240,3D8F132D,0,,tiles/pagina_23/tile_5890.png
5891,23,0,3,94256,C6A60305,0,,tiles/pagina_23/tile_5891.png
5892,23,0,4,94272,30C2E891,0,,tiles/pagina_23/tile_5892.png
5893,23,0,5,94288,347FA175,0,,tiles/pagina_23/tile_5893.png
5894,23,0,6,94304,1C21E2B5,0,,tiles/pagina_23/tile_5894.png
5895,23,0,7,94320,45085885,0,,tiles/pagina_23/tile_5895.png
5896,23,0,8,94336,816C5D45,0,,tiles/pagina_23/tile_5896.png
5897,23,0,9,94352,D6E51569,0,,tiles/pagina_23/tile_5897.png
5898,23,0,10,94368,5C1AF0AD,0,,tiles/pagina_23/tile_5898.png
5899,23,0,11,94384,7EB35A55,0,,tiles/pagina_23/tile_5899.png
5900,23,0,12,94400,11DF23B5,0,,tiles/pagina_23/tile_5900.png
5901,23,0,13,94416,F61029A1,0,,tiles/pagina_23/tile_5901.png
5902,23,0,14,94432,82BF52D5,0,,tiles/pagina_23/tile_5902.png
5903,23,0,15,94448,459B17A5,0,,tiles/pagina_23/tile_5903.png
5904,23,1,0,94464,98D50E45,0,,tiles/pagina_23/tile_5904.png
5905,23,1,1,94480,F5DA499D,0,,tiles/pagina_23/tile_5905.png
5906,23,1,2,94496,E719FF49,0,,tiles/pagina_23/tile_5906.png
5907,23,1,3,94512,4A6CB721,0,,tiles/pagina_23/tile_5907.png
5908,23,1,4,94528,7A4C4915,0,,tiles/pagina_23/tile_5908.png
5909,23,1,5,94544,F85F6075,0,,tiles/pagina_23/tile_5909.png
5910,23,1,6,94560,5F38EC85,0,,tiles/pagina_23/tile_5910.png
5911,23,1,7,94576,7E996445,0,,tiles/pagina_23/tile_5911.png
5912,23,1,8,94592,853D35C1,0,,tiles/pagina_23/tile_5912.png
5913,23,1,9,94608,22A8FA69,0,,tiles/pagina_23/tile_5913.png
5914,23,1,10,94624,ADECD82D,0,,tiles/pagina_23/tile_5914.png
5915,23,1,11,94640,A07DAE85,0,,tiles/pagina_23/tile_5915.png
5916,23,1,12,94656,01552AF5,0,,tiles/pagina_23/tile_5916.png
5917,23,1,13,94672,5382905D,0,,tiles/pagina_23/tile_5917.png
5918,23,1,14,94688,F8CA7841,0,,tiles/pagina_23/tile_5918.png
5919,23,1,15,94704,91B202C5,0,,tiles/pagina_23/tile_5919.png
5920,23,2,0,94720,873EE7A5,0,,tiles/pagina_23/tile_5920.png
5921,23,2,1,94736,53A8E179,0,,tiles/pagina_23/tile_5921.png
5922,23,2,2,94752,858DC3A5,0,,tiles/pagina_23/tile_5922.png
5923,23,2,3,94768,730939BD,0,,tiles/pagina_23/tile_5923.png
5924,23,2,4,94784,EC7BB2E5,0,,tiles/pagina_23/tile_5924.png
5925,23,2,5,94800,44164411,0,,tiles/pagina_23/tile_5925.png
5926,23,2,6,94816,3A4B8989,0,,tiles/pagina_23/tile_5926.png
5927,23,2,7,94832,DBE0078D,0,,tiles/pagina_23/tile_5927.png
5928,23,2,8,94848,789104AB,0,,tiles/pagina_23/tile_5928.png
5929,23,2,9,94864,D9EE91E9,0,,tiles/pagina_23/tile_5929.png
5930,23,2,10,94880,9A5FB79D,0,,tiles/pagina_23/tile_5930.png
5931,23,2,11,94896,4AAD8E75,0,,tiles/pagina_23/tile_5931.png
5932,23,2,12,94912,67A6B886,0,,tiles/pagina_23/tile_5932.png
5933,23,2,13,94928,5283147A,0,,tiles/pagina_23/tile_5933.png
5934,23,2,14,94944,7E165B47,0,,tiles/pagina_23/tile_5934.png
5935,23,2,15,94960,1532A9E5,0,,tiles/pagina_23/tile_5935.png
5936,23,3,0,94976,396FAC15,0,,tiles/pagina_23/tile_5936.png
5937,23,3,1,94992,84319F15,0,,tiles/pagina_23/tile_5937.png
5938,23,3,2,95008,228B21C5,0,,tiles/pagina_23/tile_5938.png
5939,23,3,3,95024,2E172575,0,,tiles/pagina_23/tile_5939.png
5940,23,3,4,95040,B0C451D9,0,,tiles/pagina_23/tile_5940.png
5941,23,3,5,95056,29409545,0,,tiles/pagina_23/tile_5941.png
5942,23,3,6,95072,5880D819,0,,tiles/pagina_23/tile_5942.png
5943,23,3,7,95088,C8CD981D,0,,tiles/pagina_23/tile_5943.png
5944,23,3,8,95104,D734FEBD,0,,tiles/pagina_23/tile_5944.png
5945,23,3,9,95120,66E4D0F9,0,,tiles/pagina_23/tile_5945.png
5946,23,3,10,95136,1EEACAC5,0,,tiles/pagina_23/tile_5946.png
5947,23,3,11,95152,DDD27865,0,,tiles/pagina_23/tile_5947.png
5948,23,3,12,95168,AF25CFCE,0,,tiles/pagina_23/tile_5948.png
5949,23,3,13,95184,7F34D7AA,0,,tiles/pagina_23/tile_5949.png
5950,23,3,14,95200,73199D4B,0,,tiles/pagina_23/tile_5950.png
5951,23,3,15,95216,1D931F01,0,,tiles/pagina_23/tile_5951.png
5952,23,4,0,95232,05703147,0,,tiles/pagina_23/tile_5952.png
5953,23,4,1,95248,90C2C357,0,,tiles/pagina_23/tile_5953.png
5954,23,4,2,95264,A9F1A2FB,0,,tiles/pagina_23/tile_5954.png
5955,23,4,3,95280,A6DEFE85,0,,tiles/pagina_23/tile_5955.png
5956,23,4,4,95296,9DB406E1,0,,tiles/pagina_23/tile_5956.png
5957,23,4,5,95312,B444A74D,0,,tiles/pagina_23/tile_5957.png
5958,23,4,6,95328,903A9D35,0,,tiles/pagina_23/tile_5958.png
5959,23,4,7,95344,1AB7EDC5,0,2340,tiles/pagina_23/tile_5959.png
5960,23,4,8,95360,10EC84CE,0,,tiles/pagina_23/tile_5960.png
5961,23,4,9,95376,D09A1B49,0,,tiles/pagina_23/tile_5961.png
5962,23,4,10,95392,F43532F3,0,,tiles/pagina_23/tile_5962.png
5963,23,4,11,95408,1161EEDD,0,,tiles/pagina_23/tile_5963.png
5964,23,4,12,95424,D9C9E767,0,,tiles/pagina_23/tile_5964.png
5965,23,4,13,95440,81966567,0,2955,tiles/pagina_23/tile_5965.png
5966,23,4,14,95456,7D26C029,0,,tiles/pagina_23/tile_5966.png
5967,23,4,15,95472,69E238D5,0,,tiles/pagina_23/tile_5967.png
5968,23,5,0,95488,FD8EAE29,0,,tiles/pagina_23/tile_5968.png
5969,23,5,1,95504,2D4B8BC1,0,,tiles/pagina_23/tile_5969.png
5970,23,5,2,95520,B0864F3B,0,,tiles/pagina_23/tile_5970.png
5971,23,5,3,95536,1F9281AF,0,,tiles/pagina_23/tile_5971.png
5972,23,5,4,95552,AA09072F,0,,tiles/pagina_23/tile_5972.png
5973,23,5,5,95568,22D817AD,0,,tiles/pagina_23/tile_5973.png
5974,23,5,6,95584,DA2ECB99,0,,tiles/pagina_23/tile_5974.png
5975,23,5,7,95600,89AE6CB5,0,,tiles/pagina_23/tile_5975.png
5976,23,5,8,95616,4CE04AB6,0,,tiles/pagina_23/tile_5976.png
5977,23,5,9,95632,DEBE937C,0,,tiles/pagina_23/tile_5977.png
5978,23,5,10,95648,576AC0BD,0,,tiles/pagina_23/tile_5978.png
5979,23,5,11,95664,1FBF046B,0,,tiles/pagina_23/tile_5979.png
5980,23,5,12,95680,6E650A6D,0,,tiles/pagina_23/tile_5980.png
5981,23,5,13,95696,21E80765,0,,tiles/pagina_23/tile_5981.png
5982,23,5,14,95712,2A8D957F,0,,tiles/pagina_23/tile_5982.png
5983,23,5,15,95728,38D4699F,0,,tiles/pagina_23/tile_5983.png
5984,23,6,0,95744,9727CEDD,0,,tiles/pagina_23/tile_5984.png
5985,23,6,1,95760,8F727094,0,,tiles/pagina_23/tile_5985.png
5986,23,6,2,95776,22CA713B,0,,tiles/pagina_23/tile_5986.png
5987,23,6,3,95792,751F599C,0,,tiles/pagina_23/tile_5987.png
5988,23,6,4,95808,721B8C95,0,,tiles/pagina_23/tile_5988.png
5989,23,6,5,95824,8AF31405,0,,tiles/pagina_23/tile_5989.png
5990,23,6,6,95840,4BC8E24D,0,,tiles/pagina_23/tile_5990.png
5991,23,6,7,95856,45AB7B85,0,,tiles/pagina_23/tile_5991.png
5992,23,6,8,95872,F05274A1,0,,tiles/pagina_23/tile_5992.png
5993,23,6,9,95888,206E42AD,0,,tiles/pagina_23/tile_5993.png
5994,23,6,10,95904,0A2DD6ED,0,,tiles/pagina_23/tile_5994.png
5995,23,6,11,95920,E4191371,0,,tiles/pagina_23/tile_5995.png
5996,23,6,12,95936,526DFF43,0,,tiles/pagina_23/tile_5996.png
5997,23,6,13,95952,51EE3D92,0,,tiles/pagina_23/tile_5997.png
5998,23,6,14,95968,FE96BE6D,0,,tiles/pagina_23/tile_5998.png
5999,23,6,15,95984,1F475385,0,,tiles/pagina_23/tile_5999.png
6000,23,7,0,96000,27951895,0,,tiles/pagina_23/tile_6000.png
6001,23,7,1,96016,FB206D23,0,,tiles/pagina_23/tile_6001.png
6002,23,7,2,96032,56B4754C,0,,tiles/pagina_23/tile_6002.png
6003,23,7,3,96048,18D94105,0,,tiles/pagina_23/tile_6003.png
6004,23,7,4,96064,F4079103,0,,tiles/pagina_23/tile_6004.png
6005,23,7,5,96080,28C7D300,0,,tiles/pagina_23/tile_6005.png
6006,23,7,6,96096,28B20C26,0,,tiles/pagina_23/tile_6006.png
6007,23,7,7,96112,E9C84670,0,,tiles/pagina_23/tile_6007.png
6008,23,7,8,96128,C1824183,0,,tiles/pagina_23/tile_6008.png
6009,23,7,9,96144,BABBC5E1,0,,tiles/pagina_23/tile_6009.png
6010,23,7,10,96160,69691905,1,22,tiles/pagina_23/tile_6010.png
6011,23,7,11,96176,25437905,0,,tiles/pagina_23/tile_6011.png
6012,23,7,12,96192,8D6C9332,0,,tiles/pagina_23/tile_6012.png
6013,23,7,13,96208,C54279AF,0,,tiles/pagina_23/tile_6013.png
6014,23,7,14,96224,22EBB189,0,,tiles/pagina_23/tile_6014.png
6015,23,7,15,96240,F5232601,0,,tiles/pagina_23/tile_6015.png
6016,23,8,0,96256,A4139E99,0,,tiles/pagina_23/tile_6016.png
6017,23,8,1,96272,E79B2D75,0,,tiles/pagina_23/tile_6017.png
6018,23,8,2,96288,A50F9415,0,,tiles/pagina_23/tile_6018.png
6019,23,8,3,96304,993F86AD,0,,tiles/pagina_23/tile_6019.png
6020,23,8,4,96320,55F6EF65,0,,tiles/pagina_23/tile_6020.png
6021,23,8,5,96336,FFF3BE5D,0,,tiles/pagina_23/tile_6021.png
6022,23,8,6,96352,F705AAA5,0,,tiles/pagina_23/tile_6022.png
6023,23,8,7,96368,37507209,0,,tiles/pagina_23/tile_6023.png
6024,23,8,8,96384,C9E70C0D,0,,tiles/pagina_23/tile_6024.png
6025,23,8,9,96400,C1CAAF69,0,,tiles/pagina_23/tile_6025.png
6026,23,8,10,96416,A37350A9,0,,tiles/pagina_23/tile_6026.png
6027,23,8,11,96432,BABC3E51,0,,tiles/pagina_23/tile_6027.png
6028,23,8,12,96448,47437AB5,0,,tiles/pagina_23/tile_6028.png
6029,23,8,13,96464,23131E05,0,,tiles/pagina_23/tile_6029.png
6030,23,8,14,96480,27A1E89D,0,,tiles/pagina_23/tile_6030.png
6031,23,8,15,96496,E4416585,0,,tiles/pagina_23/tile_6031.png
6032,23,9,0,96512,7AD11AE9,0,,tiles/pagina_23/tile_6032.png
6033,23,9,1,96528,D3C1B389,0,,tiles/pagina_23/tile_6033.png
6034,23,9,2,96544,09953FF5,0,,tiles/pagina_23/tile_6034.png
6035,23,9,3,96560,1AB7EDC5,0,2340,tiles/pagina_23/tile_6035.png
6036,23,9,4,96576,27B6F169,0,,tiles/pagina_23/tile_6036.png
6037,23,9,5,96592,789B9909,0,,tiles/pagina_23/tile_6037.png
6038,23,9,6,96608,D0201854,0,,tiles/pagina_23/tile_6038.png
6039,23,9,7,96624,68E23742,0,,tiles/pagina_23/tile_6039.png
6040,23,9,8,96640,C0A34845,0,,tiles/pagina_23/tile_6040.png
6041,23,9,9,96656,EA5A270D,0,,tiles/pagina_23/tile_6041.png
6042,23,9,10,96672,AE50C335,0,,tiles/pagina_23/tile_6042.png
6043,23,9,11,96688,D918774D,0,,tiles/pagina_23/tile_6043.png
6044,23,9,12,96704,9E7454AD,0,,tiles/pagina_23/tile_6044.png
6045,23,9,13,96720,3AA66285,0,,tiles/pagina_23/tile_6045.png
6046,23,9,14,96736,9238A8DD,0,,tiles/pagina_23/tile_6046.png
6047,23,9,15,96752,C57567F5,0,,tiles/pagina_23/tile_6047.png
6048,23,10,0,96768,8B3C0E7B,0,1440,tiles/pagina_23/tile_6048.png
6049,23,10,1,96784,13072F77,0,1441,tiles/pagina_23/tile_6049.png
6050,23,10,2,96800,6E5DC97D,0,1442,tiles/pagina_23/tile_6050.png
6051,23,10,3,96816,0CB0F67B,0,1443,tiles/pagina_23/tile_6051.png
6052,23,10,4,96832,6DF5C0C7,0,1508,tiles/pagina_23/tile_6052.png
6053,23,10,5,96848,48C7EB7D,0,1509,tiles/pagina_23/tile_6053.png
6054,23,10,6,96864,ED40F005,0,,tiles/pagina_23/tile_6054.png
6055,23,10,7,96880,25E4D3FD,0,,tiles/pagina_23/tile_6055.png
6056,23,10,8,96896,61A1C9BB,0,1507,tiles/pagina_23/tile_6056.png
6057,23,10,9,96912,56BF93BB,0,,tiles/pagina_23/tile_6057.png
6058,23,10,10,96928,DA61AD05,0,,tiles/pagina_23/tile_6058.png
6059,23,10,11,96944,B21C26F5,0,,tiles/pagina_23/tile_6059.png
6060,23,10,12,96960,3F4E520F,0,,tiles/pagina_23/tile_6060.png
6061,23,10,13,96976,81249215,0,,tiles/pagina_23/tile_6061.png
6062,23,10,14,96992,33B9A150,0,,tiles/pagina_23/tile_6062.png
6063,23,10,15,97008,9AC15F23,0,,tiles/pagina_23/tile_6063.png
6064,23,11,0,97024,F75C9E05,0,,tiles/pagina_23/tile_6064.png
6065,23,11,1,97040,3BBCED2D,0,,tiles/pagina_23/tile_6065.png
6066,23,11,2,97056,DEED705D,0,,tiles/pagina_23/tile_6066.png
6067,23,11,3,97072,A0AB57DD,0,,tiles/pagina_23/tile_6067.png
6068,23,11,4,97088,809300C5,0,,tiles/pagina_23/tile_6068.png
6069,23,11,5,97104,384C5E5D,0,,tiles/pagina_23/tile_6069.png
6070,23,11,6,97120,303BC845,0,,tiles/pagina_23/tile_6070.png
6071,23,11,7,97136,1A4F047D,0,,tiles/pagina_23/tile_6071.png
6072,23,11,8,97152,F6020465,0,,tiles/pagina_23/tile_6072.png
6073,23,11,9,97168,804BBBE5,0,,tiles/pagina_23/tile_6073.png
6074,23,11,10,97184,737CA62D,0,,tiles/pagina_23/tile_6074.png
6075,23,11,11,97200,AB838145,0,,tiles/pagina_23/tile_6075.png
6076,23,11,12,97216,B5F9BC2D,0,,tiles/pagina_23/tile_6076.png
6077,23,11,13,97232,8350A00D,0,,tiles/pagina_23/tile_6077.png
6078,23,11,14,97248,981F1B65,0,,tiles/pagina_23/tile_6078.png
6079,23,11,15,97264,AE718215,0,,tiles/pagina_23/tile_6079.png
6080,23,12,0,97280,8339335D,0,,tiles/pagina_23/tile_6080.png
6081,23,12,1,97296,E86334BD,0,,tiles/pagina_23/tile_6081.png
6082,23,12,2,97312,568EC595,0,,tiles/pagina_23/tile_6082.png
6083,23,12,3,97328,06B6E6F5,0,,tiles/pagina_23/tile_6083.png
6084,23,12,4,97344,3522DDAD,0,,tiles/pagina_23/tile_6084.png
6085,23,12,5,97360,EACD3E05,0,,tiles/pagina_23/tile_6085.png
6086,23,12,6,97376,CCE44D4D,0,,tiles/pagina_23/tile_6086.png
6087,23,12,7,97392,035B7AD5,0,,tiles/pagina_23/tile_6087.png
6088,23,12,8,97408,79879AB5,0,,tiles/pagina_23/tile_6088.png
6089,23,12,9,97424,A281AF6D,0,,tiles/pagina_23/tile_6089.png
6090,23,12,10,97440,2C47BAB5,0,,tiles/pagina_23/tile_6090.png
6091,23,12,11,97456,281F8B4D,0,,tiles/pagina_23/tile_6091.png
6092,23,12,12,97472,3E302C25,0,,tiles/pagina_23/tile_6092.png
6093,23,12,13,97488,88D118D5,0,,tiles/pagina_23/tile_6093.png
6094,23,12,14,97504,D4D37795,0,,tiles/pagina_23/tile_6094.png
6095,23,12,15,97520,72551F45,0,,tiles/pagina_23/tile_6095.png
6096,23,13,0,97536,8A403D25,0,,tiles/pagina_23/tile_6096.png
6097,23,13,1,97552,2D268715,0,,tiles/pagina_23/tile_6097.png
6098,23,13,2,97568,D10127AD,0,,tiles/pagina_23/tile_6098.png
6099,23,13,3,97584,BC57C40D,0,,tiles/pagina_23/tile_6099.png
6100,23,13,4,97600,44BDD2CD,0,,tiles/pagina_23/tile_6100.png
6101,23,13,5,97616,D322BA9D,0,,tiles/pagina_23/tile_6101.png
6102,23,13,6,97632,60AFE399,0,,tiles/pagina_23/tile_6102.png
6103,23,13,7,97648,FD605215,0,,tiles/pagina_23/tile_6103.png
6104,23,13,8,97664,62ED7305,0,,tiles/pagina_23/tile_6104.png
6105,23,13,9,97680,C22F89A5,0,,tiles/pagina_23/tile_6105.png
6106,23,13,10,97696,7246A595,0,,tiles/pagina_23/tile_6106.png
6107,23,13,11,97712,3A95D7F5,0,,tiles/pagina_23/tile_6107.png
6108,23,13,12,97728,44724D45,0,,tiles/pagina_23/tile_6108.png
6109,23,13,13,97744,0B064EB5,0,,tiles/pagina_23/tile_6109.png
6110,23,13,14,97760,0BA21555,0,,tiles/pagina_23/tile_6110.png
6111,23,13,15,97776,D754725D,0,,tiles/pagina_23/tile_6111.png
6112,23,14,0,97792,4D9810ED,0,,tiles/pagina_23/tile_6112.png
6113,23,14,1,97808,EE118902,0,,tiles/pagina_23/tile_6113.png
6114,23,14,2,97824,F3837A15,0,,tiles/pagina_23/tile_6114.png
6115,23,14,3,97840,326E2653,0,,tiles/pagina_23/tile_6115.png
6116,23,14,4,97856,070B0ACD,0,,tiles/pagina_23/tile_6116.png
6117,23,14,5,97872,EF2D35C3,0,,tiles/pagina_23/tile_6117.png
6118,23,14,6,97888,AA4A24E2,0,,tiles/pagina_23/tile_6118.png
6119,23,14,7,97904,0D758511,0,,tiles/pagina_23/tile_6119.png
6120,23,14,8,97920,6C6CFE04,0,,tiles/pagina_23/tile_6120.png
6121,23,14,9,97936,4AC11975,0,,tiles/pagina_23/tile_6121.png
6122,23,14,10,97952,2EAC3705,0,,tiles/pagina_23/tile_6122.png
6123,23,14,11,97968,DD993C35,0,,tiles/pagina_23/tile_6123.png
6124,23,14,12,97984,BFAD57EB,0,,tiles/pagina_23/tile_6124.png
6125,23,14,13,98000,B1ED51BA,0,,tiles/pagina_23/tile_6125.png
6126,23,14,14,98016,43077102,0,,tiles/pagina_23/tile_6126.png
6127,23,14,15,98032,BFE4FEE2,0,,tiles/pagina_23/tile_6127.png
6128,23,15,0,98048,CBFDE58A,0,,tiles/pagina_23/tile_6128.png
6129,23,15,1,98064,8D77256B,0,,tiles/pagina_23/tile_6129.png
6130,23,15,2,98080,1F014418,0,,tiles/pagina_23/tile_6130.png
6131,23,15,3,98096,7963A807,0,,tiles/pagina_23/tile_6131.png
6132,23,15,4,98112,7578F4D8,0,,tiles/pagina_23/tile_6132.png
6133,23,15,5,98128,D9294CA0,0,,tiles/pagina_23/tile_6133.png
6134,23,15,6,98144,49D7ECA0,0,,tiles/pagina_23/tile_6134.png
6135,23,15,7,98160,D777C047,0,,tiles/pagina_23/tile_6135.png
6136,23,15,8,98176,B6370E5E,0,,tiles/pagina_23/tile_6136.png
6137,23,15,9,98192,43E668AA,0,,tiles/pagina_23/tile_6137.png
6138,23,15,10,98208,101EDD37,0,,tiles/pagina_23/tile_6138.png
6139,23,15,11,98224,7834D92D,0,1531,tiles/pagina_23/tile_6139.png
6140,23,15,12,98240,4E84D8FD,0,766,tiles/pagina_23/tile_6140.png
6141,23,15,13,98256,6DEBB9FD,0,535,tiles/pagina_23/tile_6141.png
6142,23,15,14,98272,360779F5,0,112,tiles/pagina_23/tile_6142.png
6143,23,15,15,98288,69691905,1,22,tiles/pagina_23/tile_6143.png
6144,24,0,0,98304,23730427,0,3968,tiles/pagina_24/tile_6144.png
6145,24,0,1,98320,C099F8A3,0,3969,tiles/pagina_24/tile_6145.png
6146,24,0,2,98336,0E8C5BA1,0,3970,tiles/pagina_24/tile_6146.png
6147,24,0,3,98352,510AA2C7,0,3971,tiles/pagina_24/tile_6147.png
6148,24,0,4,98368,94C5EB05,0,3972,tiles/pagina_24/tile_6148.png
6149,24,0,5,98384,94C5EB05,0,3972,tiles/pagina_24/tile_6149.png
6150,24,0,6,98400,69691905,1,22,tiles/pagina_24/tile_6150.png
6151,24,0,7,98416,69691905,1,22,tiles/pagina_24/tile_6151.png
6152,24,0,8,98432,B191F187,0,,tiles/pagina_24/tile_6152.png
6153,24,0,9,98448,531534B7,0,3977,tiles/pagina_24/tile_6153.png
6154,24,0,10,98464,DF0F006A,0,3978,tiles/pagina_24/tile_6154.png
6155,24,0,11,98480,3B3C617F,0,3979,tiles/pagina_24/tile_6155.png
6156,24,0,12,98496,15D646AD,0,3980,tiles/pagina_24/tile_6156.png
6157,24,0,13,98512,095C6B4B,0,3981,tiles/pagina_24/tile_6157.png
6158,24,0,14,98528,B5CCE321,0,3982,tiles/pagina_24/tile_6158.png
6159,24,0,15,98544,CCC2B921,0,3983,tiles/pagina_24/tile_6159.png
6160,24,1,0,98560,51C7F36A,0,3984,tiles/pagina_24/tile_6160.png
6161,24,1,1,98576,057B189A,0,3985,tiles/pagina_24/tile_6161.png
6162,24,1,2,98592,7B7648BC,0,4084,tiles/pagina_24/tile_6162.png
6163,24,1,3,98608,ADA08C4F,0,4085,tiles/pagina_24/tile_6163.png
6164,24,1,4,98624,AE01237D,0,,tiles/pagina_24/tile_6164.png
6165,24,1,5,98640,C353F3C5,0,,tiles/pagina_24/tile_6165.png
6166,24,1,6,98656,21ADC02C,0,,tiles/pagina_24/tile_6166.png
6167,24,1,7,98672,234DC5EC,0,,tiles/pagina_24/tile_6167.png
6168,24,1,8,98688,5152E28F,0,3992,tiles/pagina_24/tile_6168.png
6169,24,1,9,98704,DF56754B,0,3993,tiles/pagina_24/tile_6169.png
6170,24,1,10,98720,9C047855,0,3994,tiles/pagina_24/tile_6170.png
6171,24,1,11,98736,1D0AEB9F,0,3995,tiles/pagina_24/tile_6171.png
6172,24,1,12,98752,D045055D,0,1845,tiles/pagina_24/tile_6172.png
6173,24,1,13,98768,4EE6D51F,0,3997,tiles/pagina_24/tile_6173.png
6174,24,1,14,98784,BB546535,0,3998,tiles/pagina_24/tile_6174.png
6175,24,1,15,98800,0C6BE775,0,1847,tiles/pagina_24/tile_6175.png
6176,24,2,0,98816,4E84D8FD,0,766,tiles/pagina_24/tile_6176.png
6177,24,2,1,98832,4E84D8FD,0,766,tiles/pagina_24/tile_6177.png
6178,24,2,2,98848,4E84D8FD,0,766,tiles/pagina_24/tile_6178.png
6179,24,2,3,98864,4E84D8FD,0,766,tiles/pagina_24/tile_6179.png
6180,24,2,4,98880,481C3993,0,,tiles/pagina_24/tile_6180.png
6181,24,2,5,98896,39F881A4,0,4005,tiles/pagina_24/tile_6181.png
6182,24,2,6,98912,FDB3447F,0,4006,tiles/pagina_24/tile_6182.png
6183,24,2,7,98928,162533CB,0,4007,tiles/pagina_24/tile_6183.png
6184,24,2,8,98944,50CADB34,0,4008,tiles/pagina_24/tile_6184.png
6185,24,2,9,98960,F57E7EB5,0,4009,tiles/pagina_24/tile_6185.png
6186,24,2,10,98976,9C9FFA9D,0,4010,tiles/pagina_24/tile_6186.png
6187,24,2,11,98992,D79780A7,0,4011,tiles/pagina_24/tile_6187.png
6188,24,2,12,99008,959FD89D,0,1849,tiles/pagina_24/tile_6188.png
6189,24,2,13,99024,B9BE8D15,0,4013,tiles/pagina_24/tile_6189.png
6190,24,2,14,99040,0BA3DE85,0,4014,tiles/pagina_24/tile_6190.png
6191,24,2,15,99056,B49F3705,0,1851,tiles/pagina_24/tile_6191.png
6192,24,3,0,99072,F8001C2F,0,4016,tiles/pagina_24/tile_6192.png
6193,24,3,1,99088,F8001C2F,0,4016,tiles/pagina_24/tile_6193.png
6194,24,3,2,99104,590B6756,0,4018,tiles/pagina_24/tile_6194.png
6195,24,3,3,99120,E5A1E2A5,0,4019,tiles/pagina_24/tile_6195.png
6196,24,3,4,99136,1A96549D,0,308,tiles/pagina_24/tile_6196.png
6197,24,3,5,99152,F20ABAD5,0,309,tiles/pagina_24/tile_6197.png
6198,24,3,6,99168,2A90701D,0,3214,tiles/pagina_24/tile_6198.png
6199,24,3,7,99184,9B0A8FD1,0,3215,tiles/pagina_24/tile_6199.png
6200,24,3,8,99200,74204C1D,0,312,tiles/pagina_24/tile_6200.png
6201,24,3,9,99216,11E98799,0,4025,tiles/pagina_24/tile_6201.png
6202,24,3,10,99232,868083D0,0,4026,tiles/pagina_24/tile_6202.png
6203,24,3,11,99248,8E2452AA,0,4027,tiles/pagina_24/tile_6203.png
6204,24,3,12,99264,1A96549D,0,308,tiles/pagina_24/tile_6204.png
6205,24,3,13,99280,F20ABAD5,0,309,tiles/pagina_24/tile_6205.png
6206,24,3,14,99296,2A90701D,0,3214,tiles/pagina_24/tile_6206.png
6207,24,3,15,99312,9B0A8FD1,0,3215,tiles/pagina_24/tile_6207.png
6208,24,4,0,99328,390B971A,0,636,tiles/pagina_24/tile_6208.png
6209,24,4,1,99344,34E4F663,0,637,tiles/pagina_24/tile_6209.png
6210,24,4,2,99360,EBF6B058,0,638,tiles/pagina_24/tile_6210.png
6211,24,4,3,99376,5CFF097A,0,639,tiles/pagina_24/tile_6211.png
6212,24,4,4,99392,001E31DD,0,4036,tiles/pagina_24/tile_6212.png
6213,24,4,5,99408,521C4E5B,0,4037,tiles/pagina_24/tile_6213.png
6214,24,4,6,99424,2B3E375F,0,4038,tiles/pagina_24/tile_6214.png
6215,24,4,7,99440,DA55A63D,0,,tiles/pagina_24/tile_6215.png
6216,24,4,8,99456,72A1A889,0,4040,tiles/pagina_24/tile_6216.png
6217,24,4,9,99472,3DF6F40B,0,4041,tiles/pagina_24/tile_6217.png
6218,24,4,10,99488,A4A15876,0,4086,tiles/pagina_24/tile_6218.png
6219,24,4,11,99504,545B9213,0,4087,tiles/pagina_24/tile_6219.png
6220,24,4,12,99520,7D3F6FD1,0,4044,tiles/pagina_24/tile_6220.png
6221,24,4,13,99536,EE5143EC,0,4045,tiles/pagina_24/tile_6221.png
6222,24,4,14,99552,EDEC5BB7,0,4046,tiles/pagina_24/tile_6222.png
6223,24,4,15,99568,27D35880,0,4047,tiles/pagina_24/tile_6223.png
6224,24,5,0,99584,6E18A5E6,0,4048,tiles/pagina_24/tile_6224.png
6225,24,5,1,99600,EB6FF745,0,4049,tiles/pagina_24/tile_6225.png
6226,24,5,2,99616,28BB9086,0,4050,tiles/pagina_24/tile_6226.png
6227,24,5,3,99632,FDFF70DC,0,4051,tiles/pagina_24/tile_6227.png
6228,24,5,4,99648,521C4E5B,0,4037,tiles/pagina_24/tile_6228.png
6229,24,5,5,99664,64BB0F3C,0,,tiles/pagina_24/tile_6229.png
6230,24,5,6,99680,C90A698D,0,4054,tiles/pagina_24/tile_6230.png
6231,24,5,7,99696,FCD7A70F,0,4055,tiles/pagina_24/tile_6231.png
6232,24,5,8,99712,4832647A,0,310,tiles/pagina_24/tile_6232.png
6233,24,5,9,99728,C715B158,0,311,tiles/pagina_24/tile_6233.png
6234,24,5,10,99744,7C8629E7,0,4058,tiles/pagina_24/tile_6234.png
6235,24,5,11,99760,BA37B52F,0,4059,tiles/pagina_24/tile_6235.png
6236,24,5,12,99776,51579EDE,0,3986,tiles/pagina_24/tile_6236.png
6237,24,5,13,99792,5DC6E11B,0,3987,tiles/pagina_24/tile_6237.png
6238,24,5,14,99808,5109DB6D,0,3990,tiles/pagina_24/tile_6238.png
6239,24,5,15,99824,5A110F7D,0,3991,tiles/pagina_24/tile_6239.png
6240,24,6,0,99840,E814C5FF,0,4064,tiles/pagina_24/tile_6240.png
6241,24,6,1,99856,DF37E272,0,4065,tiles/pagina_24/tile_6241.png
6242,24,6,2,99872,582279F4,0,4066,tiles/pagina_24/tile_6242.png
6243,24,6,3,99888,254AEB71,0,4067,tiles/pagina_24/tile_6243.png
6244,24,6,4,99904,6474A97D,0,,tiles/pagina_24/tile_6244.png
6245,24,6,5,99920,39822205,0,4069,tiles/pagina_24/tile_6245.png
6246,24,6,6,99936,98AE69E2,0,4070,tiles/pagina_24/tile_6246.png
6247,24,6,7,99952,C606C07D,0,4071,tiles/pagina_24/tile_6247.png
6248,24,6,8,99968,69691905,1,22,tiles/pagina_24/tile_6248.png
6249,24,6,9,99984,69691905,1,22,tiles/pagina_24/tile_6249.png
6250,24,6,10,100000,69691905,1,22,tiles/pagina_24/tile_6250.png
6251,24,6,11,100016,69691905,1,22,tiles/pagina_24/tile_6251.png
6252,24,6,12,100032,1FF23A99,0,,tiles/pagina_24/tile_6252.png
6253,24,6,13,100048,21607BC9,0,,tiles/pagina_24/tile_6253.png
6254,24,6,14,100064,E4783C9F,0,4078,tiles/pagina_24/tile_6254.png
6255,24,6,15,100080,3BBA21A5,0,4079,tiles/pagina_24/tile_6255.png
6256,24,7,0,100096,F7A63C7D,0,4080,tiles/pagina_24/tile_6256.png
6257,24,7,1,100112,CD2D74A4,0,4081,tiles/pagina_24/tile_6257.png
6258,24,7,2,100128,FCC463F5,0,4082,tiles/pagina_24/tile_6258.png
6259,24,7,3,100144,0419E458,0,4083,tiles/pagina_24/tile_6259.png
6260,24,7,4,100160,69691905,1,22,tiles/pagina_24/tile_6260.png
6261,24,7,5,100176,69691905,1,22,tiles/pagina_24/tile_6261.png
6262,24,7,6,100192,69691905,1,22,tiles/pagina_24/tile_6262.png
6263,24,7,7,100208,69691905,1,22,tiles/pagina_24/tile_6263.png
6264,24,7,8,100224,7B7648BC,0,4084,tiles/pagina_24/tile_6264.png
6265,24,7,9,100240,ADA08C4F,0,4085,tiles/pagina_24/tile_6265.png
6266,24,7,10,100256,A4A15876,0,4086,tiles/pagina_24/tile_6266.png
6267,24,7,11,100272,545B9213,0,4087,tiles/pagina_24/tile_6267.png
6268,24,7,12,100288,4E84D8FD,0,766,tiles/pagina_24/tile_6268.png
6269,24,7,13,100304,6DEBB9FD,0,535,tiles/pagina_24/tile_6269.png
6270,24,7,14,100320,360779F5,0,112,tiles/pagina_24/tile_6270.png
6271,24,7,15,100336,69691905,1,22,tiles/pagina_24/tile_6271.png
6272,24,8,0,100352,5BE8C2DB,0,,tiles/pagina_24/tile_6272.png
6273,24,8,1,100368,9A4C1D1A,0,,tiles/pagina_24/tile_6273.png
6274,24,8,2,100384,0ABD6F19,0,,tiles/pagina_24/tile_6274.png
6275,24,8,3,100400,3E5B5757,0,,tiles/pagina_24/tile_6275.png
6276,24,8,4,100416,31C835B9,0,,tiles/pagina_24/tile_6276.png
6277,24,8,5,100432,31C835B9,0,6276,tiles/pagina_24/tile_6277.png
6278,24,8,6,100448,69691905,1,22,tiles/pagina_24/tile_6278.png
6279,24,8,7,100464,69691905,1,22,tiles/pagina_24/tile_6279.png
6280,24,8,8,100480,47607658,0,,tiles/pagina_24/tile_6280.png
6281,24,8,9,100496,AF01A7EF,0,,tiles/pagina_24/tile_6281.png
6282,24,8,10,100512,BCEA5476,0,,tiles/pagina_24/tile_6282.png
6283,24,8,11,100528,F406162E,0,,tiles/pagina_24/tile_6283.png
6284,24,8,12,100544,15D646AD,0,3980,tiles/pagina_24/tile_6284.png
6285,24,8,13,100560,095C6B4B,0,3981,tiles/pagina_24/tile_6285.png
6286,24,8,14,100576,B5CCE321,0,3982,tiles/pagina_24/tile_6286.png
6287,24,8,15,100592,CCC2B921,0,3983,tiles/pagina_24/tile_6287.png
6288,24,9,0,100608,44670DD9,0,,tiles/pagina_24/tile_6288.png
6289,24,9,1,100624,460AC8FD,0,,tiles/pagina_24/tile_6289.png
6290,24,9,2,100640,4CDE4E6C,0,,tiles/pagina_24/tile_6290.png
6291,24,9,3,100656,55A8773E,0,,tiles/pagina_24/tile_6291.png
6292,24,9,4,100672,001576B5,0,,tiles/pagina_24/tile_6292.png
6293,24,9,5,100688,59D4F281,0,,tiles/pagina_24/tile_6293.png
6294,24,9,6,100704,56624FE6,0,,tiles/pagina_24/tile_6294.png
6295,24,9,7,100720,6427A9DF,0,,tiles/pagina_24/tile_6295.png
6296,24,9,8,100736,BAF241A5,0,,tiles/pagina_24/tile_6296.png
6297,24,9,9,100752,06B03198,0,5716,tiles/pagina_24/tile_6297.png
6298,24,9,10,100768,3E011ABB,0,,tiles/pagina_24/tile_6298.png
6299,24,9,11,100784,F0264A55,0,,tiles/pagina_24/tile_6299.png
6300,24,9,12,100800,D045055D,0,1845,tiles/pagina_24/tile_6300.png
6301,24,9,13,100816,4EE6D51F,0,3997,tiles/pagina_24/tile_6301.png
6302,24,9,14,100832,BB546535,0,3998,tiles/pagina_24/tile_6302.png
6303,24,9,15,100848,0C6BE775,0,1847,tiles/pagina_24/tile_6303.png
6304,24,10,0,100864,4E84D8FD,0,766,tiles/pagina_24/tile_6304.png
6305,24,10,1,100880,4E84D8FD,0,766,tiles/pagina_24/tile_6305.png
6306,24,10,2,100896,4E84D8FD,0,766,tiles/pagina_24/tile_6306.png
6307,24,10,3,100912,4E84D8FD,0,766,tiles/pagina_24/tile_6307.png
6308,24,10,4,100928,69F12E6E,0,4004,tiles/pagina_24/tile_6308.png
6309,24,10,5,100944,39F881A4,0,4005,tiles/pagina_24/tile_6309.png
6310,24,10,6,100960,FDB3447F,0,4006,tiles/pagina_24/tile_6310.png
6311,24,10,7,100976,162533CB,0,4007,tiles/pagina_24/tile_6311.png
6312,24,10,8,100992,42565C7C,0,,tiles/pagina_24/tile_6312.png
6313,24,10,9,101008,E35FAFB5,0,,tiles/pagina_24/tile_6313.png
6314,24,10,10,101024,3150DC9A,0,,tiles/pagina_24/tile_6314.png
6315,24,10,11,101040,87F0DACF,0,,tiles/pagina_24/tile_6315.png
6316,24,10,12,101056,959FD89D,0,1849,tiles/pagina_24/tile_6316.png
6317,24,10,13,101072,B9BE8D15,0,4013,tiles/pagina_24/tile_6317.png
6318,24,10,14,101088,0BA3DE85,0,4014,tiles/pagina_24/tile_6318.png
6319,24,10,15,101104,B49F3705,0,1851,tiles/pagina_24/tile_6319.png
6320,24,11,0,101120,7906855B,0,,tiles/pagina_24/tile_6320.png
6321,24,11,1,101136,10B852A3,0,,tiles/pagina_24/tile_6321.png
6322,24,11,2,101152,2761F292,0,,tiles/pagina_24/tile_6322.png
6323,24,11,3,101168,E5A1E2A5,0,4019,tiles/pagina_24/tile_6323.png
6324,24,11,4,101184,1A96549D,0,308,tiles/pagina_24/tile_6324.png
6325,24,11,5,101200,F20ABAD5,0,309,tiles/pagina_24/tile_6325.png
6326,24,11,6,101216,2A90701D,0,3214,tiles/pagina_24/tile_6326.png
6327,24,11,7,101232,B0F7CDF5,0,,tiles/pagina_24/tile_6327.png
6328,24,11,8,101248,74204C1D,0,312,tiles/pagina_24/tile_6328.png
6329,24,11,9,101264,7A089DBD,0,313,tiles/pagina_24/tile_6329.png
6330,24,11,10,101280,48529450,0,314,tiles/pagina_24/tile_6330.png
6331,24,11,11,101296,6903CA6A,0,315,tiles/pagina_24/tile_6331.png
6332,24,11,12,101312,1A96549D,0,308,tiles/pagina_24/tile_6332.png
6333,24,11,13,101328,F20ABAD5,0,309,tiles/pagina_24/tile_6333.png
6334,24,11,14,101344,2A90701D,0,3214,tiles/pagina_24/tile_6334.png
6335,24,11,15,101360,B0F7CDF5,0,6327,tiles/pagina_24/tile_6335.png
6336,24,12,0,101376,390B971A,0,636,tiles/pagina_24/tile_6336.png
6337,24,12,1,101392,34E4F663,0,637,tiles/pagina_24/tile_6337.png
6338,24,12,2,101408,EBF6B058,0,638,tiles/pagina_24/tile_6338.png
6339,24,12,3,101424,5CFF097A,0,639,tiles/pagina_24/tile_6339.png
6340,24,12,4,101440,38034B6D,0,,tiles/pagina_24/tile_6340.png
6341,24,12,5,101456,BB3417DB,0,,tiles/pagina_24/tile_6341.png
6342,24,12,6,101472,58C828D6,0,,tiles/pagina_24/tile_6342.png
6343,24,12,7,101488,E21F2459,0,,tiles/pagina_24/tile_6343.png
6344,24,12,8,101504,72A1A889,0,4040,tiles/pagina_24/tile_6344.png
6345,24,12,9,101520,3DF6F40B,0,4041,tiles/pagina_24/tile_6345.png
6346,24,12,10,101536,7F234A91,0,,tiles/pagina_24/tile_6346.png
6347,24,12,11,101552,8FDED7DF,0,,tiles/pagina_24/tile_6347.png
6348,24,12,12,101568,7D3F6FD1,0,4044,tiles/pagina_24/tile_6348.png
6349,24,12,13,101584,EE5143EC,0,4045,tiles/pagina_24/tile_6349.png
6350,24,12,14,101600,EDEC5BB7,0,4046,tiles/pagina_24/tile_6350.png
6351,24,12,15,101616,27D35880,0,4047,tiles/pagina_24/tile_6351.png
6352,24,13,0,101632,A7A6286D,0,,tiles/pagina_24/tile_6352.png
6353,24,13,1,101648,B5B31BA8,0,,tiles/pagina_24/tile_6353.png
6354,24,13,2,101664,5C59327E,0,,tiles/pagina_24/tile_6354.png
6355,24,13,3,101680,3DFCCD40,0,,tiles/pagina_24/tile_6355.png
6356,24,13,4,101696,7049BC3B,0,,tiles/pagina_24/tile_6356.png
6357,24,13,5,101712,BB2A75BE,0,,tiles/pagina_24/tile_6357.png
6358,24,13,6,101728,C90A698D,0,4054,tiles/pagina_24/tile_6358.png
6359,24,13,7,101744,FCD7A70F,0,4055,tiles/pagina_24/tile_6359.png
6360,24,13,8,101760,4832647A,0,310,tiles/pagina_24/tile_6360.png
6361,24,13,9,101776,C715B158,0,311,tiles/pagina_24/tile_6361.png
6362,24,13,10,101792,7C8629E7,0,4058,tiles/pagina_24/tile_6362.png
6363,24,13,11,101808,BA37B52F,0,4059,tiles/pagina_24/tile_6363.png
6364,24,13,12,101824,0141BD40,0,,tiles/pagina_24/tile_6364.png
6365,24,13,13,101840,BAD9B3DE,0,,tiles/pagina_24/tile_6365.png
6366,24,13,14,101856,64310D25,0,,tiles/pagina_24/tile_6366.png
6367,24,13,15,101872,7244F9A5,0,,tiles/pagina_24/tile_6367.png
6368,24,14,0,101888,9F22F3B3,0,,tiles/pagina_24/tile_6368.png
6369,24,14,1,101904,C7B7678C,0,,tiles/pagina_24/tile_6369.png
6370,24,14,2,101920,2C3464B4,0,,tiles/pagina_24/tile_6370.png
6371,24,14,3,101936,254AEB71,0,4067,tiles/pagina_24/tile_6371.png
6372,24,14,4,101952,6474A97D,0,6244,tiles/pagina_24/tile_6372.png
6373,24,14,5,101968,39822205,0,4069,tiles/pagina_24/tile_6373.png
6374,24,14,6,101984,98AE69E2,0,4070,tiles/pagina_24/tile_6374.png
6375,24,14,7,102000,C606C07D,0,4071,tiles/pagina_24/tile_6375.png
6376,24,14,8,102016,69691905,1,22,tiles/pagina_24/tile_6376.png
6377,24,14,9,102032,69691905,1,22,tiles/pagina_24/tile_6377.png
6378,24,14,10,102048,69691905,1,22,tiles/pagina_24/tile_6378.png
6379,24,14,11,102064,69691905,1,22,tiles/pagina_24/tile_6379.png
6380,24,14,12,102080,1FF23A99,0,6252,tiles/pagina_24/tile_6380.png
6381,24,14,13,102096,21607BC9,0,6253,tiles/pagina_24/tile_6381.png
6382,24,14,14,102112,E4783C9F,0,4078,tiles/pagina_24/tile_6382.png
6383,24,14,15,102128,3BBA21A5,0,4079,tiles/pagina_24/tile_6383.png
6384,24,15,0,102144,23D34535,0,,tiles/pagina_24/tile_6384.png
6385,24,15,1,102160,DD0C0C06,0,,tiles/pagina_24/tile_6385.png
6386,24,15,2,102176,4E7F0629,0,,tiles/pagina_24/tile_6386.png
6387,24,15,3,102192,72FAE8A3,0,,tiles/pagina_24/tile_6387.png
6388,24,15,4,102208,69691905,1,22,tiles/pagina_24/tile_6388.png
6389,24,15,5,102224,90E470BB,0,,tiles/pagina_24/tile_6389.png
6390,24,15,6,102240,69691905,1,22,tiles/pagina_24/tile_6390.png
6391,24,15,7,102256,FB332B85,0,,tiles/pagina_24/tile_6391.png
6392,24,15,8,102272,E39DABA1,0,,tiles/pagina_24/tile_6392.png
6393,24,15,9,102288,ECF4E6AE,0,,tiles/pagina_24/tile_6393.png
6394,24,15,10,102304,0A046BA5,0,,tiles/pagina_24/tile_6394.png
6395,24,15,11,102320,7133F537,0,,tiles/pagina_24/tile_6395.png
6396,24,15,12,102336,4E84D8FD,0,766,tiles/pagina_24/tile_6396.png
6397,24,15,13,102352,6DEBB9FD,0,535,tiles/pagina_24/tile_6397.png
6398,24,15,14,102368,360779F5,0,112,tiles/pagina_24/tile_6398.png
6399,24,15,15,102384,69691905,1,22,tiles/pagina_24/tile_6399.png
6400,25,0,0,102400,76B749F9,0,,tiles/pagina_25/tile_6400.png
6401,25,0,1,102416,D6F8B5E5,0,,tiles/pagina_25/tile_6401.png
6402,25,0,2,102432,C3D9B9E3,0,,tiles/pagina_25/tile_6402.png
6403,25,0,3,102448,0299BFCB,0,,tiles/pagina_25/tile_6403.png
6404,25,0,4,102464,54A9907D,0,,tiles/pagina_25/tile_6404.png
6405,25,0,5,102480,54A9907D,0,6404,tiles/pagina_25/tile_6405.png
6406,25,0,6,102496,69691905,1,22,tiles/pagina_25/tile_6406.png
6407,25,0,7,102512,69691905,1,22,tiles/pagina_25/tile_6407.png
6408,25,0,8,102528,7698AAAE,0,,tiles/pagina_25/tile_6408.png
6409,25,0,9,102544,3DB5973D,0,,tiles/pagina_25/tile_6409.png
6410,25,0,10,102560,44BC6DF1,0,,tiles/pagina_25/tile_6410.png
6411,25,0,11,102576,39287CD1,0,,tiles/pagina_25/tile_6411.png
6412,25,0,12,102592,15D646AD,0,3980,tiles/pagina_25/tile_6412.png
6413,25,0,13,102608,095C6B4B,0,3981,tiles/pagina_25/tile_6413.png
6414,25,0,14,102624,B5CCE321,0,3982,tiles/pagina_25/tile_6414.png
6415,25,0,15,102640,CCC2B921,0,3983,tiles/pagina_25/tile_6415.png
6416,25,1,0,102656,CC1668EB,0,,tiles/pagina_25/tile_6416.png
6417,25,1,1,102672,1DD60AD8,0,,tiles/pagina_25/tile_6417.png
6418,25,1,2,102688,E39DABA1,0,6392,tiles/pagina_25/tile_6418.png
6419,25,1,3,102704,ECF4E6AE,0,6393,tiles/pagina_25/tile_6419.png
6420,25,1,4,102720,CCEC3EE8,0,,tiles/pagina_25/tile_6420.png
6421,25,1,5,102736,5890C7AF,0,,tiles/pagina_25/tile_6421.png
6422,25,1,6,102752,413FE196,0,,tiles/pagina_25/tile_6422.png
6423,25,1,7,102768,C5A8C7F0,0,,tiles/pagina_25/tile_6423.png
6424,25,1,8,102784,77FF24CF,0,,tiles/pagina_25/tile_6424.png
6425,25,1,9,102800,B1353F30,0,,tiles/pagina_25/tile_6425.png
6426,25,1,10,102816,CF3FBE4F,0,,tiles/pagina_25/tile_6426.png
6427,25,1,11,102832,8D8C1469,0,,tiles/pagina_25/tile_6427.png
6428,25,1,12,102848,D045055D,0,1845,tiles/pagina_25/tile_6428.png
6429,25,1,13,102864,4EE6D51F,0,3997,tiles/pagina_25/tile_6429.png
6430,25,1,14,102880,BB546535,0,3998,tiles/pagina_25/tile_6430.png
6431,25,1,15,102896,0C6BE775,0,1847,tiles/pagina_25/tile_6431.png
6432,25,2,0,102912,4E84D8FD,0,766,tiles/pagina_25/tile_6432.png
6433,25,2,1,102928,4E84D8FD,0,766,tiles/pagina_25/tile_6433.png
6434,25,2,2,102944,4E84D8FD,0,766,tiles/pagina_25/tile_6434.png
6435,25,2,3,102960,4E84D8FD,0,766,tiles/pagina_25/tile_6435.png
6436,25,2,4,102976,5EA9F42A,0,,tiles/pagina_25/tile_6436.png
6437,25,2,5,102992,39F881A4,0,4005,tiles/pagina_25/tile_6437.png
6438,25,2,6,103008,473D0791,0,,tiles/pagina_25/tile_6438.png
6439,25,2,7,103024,162533CB,0,4007,tiles/pagina_25/tile_6439.png
6440,25,2,8,103040,86ED8259,0,,tiles/pagina_25/tile_6440.png
6441,25,2,9,103056,DC6AAA21,0,,tiles/pagina_25/tile_6441.png
6442,25,2,10,103072,2877BF15,0,,tiles/pagina_25/tile_6442.png
6443,25,2,11,103088,AFCAAE47,0,,tiles/pagina_25/tile_6443.png
6444,25,2,12,103104,959FD89D,0,1849,tiles/pagina_25/tile_6444.png
6445,25,2,13,103120,B9BE8D15,0,4013,tiles/pagina_25/tile_6445.png
6446,25,2,14,103136,0BA3DE85,0,4014,tiles/pagina_25/tile_6446.png
6447,25,2,15,103152,B49F3705,0,1851,tiles/pagina_25/tile_6447.png
6448,25,3,0,103168,16DD4867,0,,tiles/pagina_25/tile_6448.png
6449,25,3,1,103184,16DD4867,0,6448,tiles/pagina_25/tile_6449.png
6450,25,3,2,103200,B70814A6,0,,tiles/pagina_25/tile_6450.png
6451,25,3,3,103216,E5A1E2A5,0,4019,tiles/pagina_25/tile_6451.png
6452,25,3,4,103232,1A96549D,0,308,tiles/pagina_25/tile_6452.png
6453,25,3,5,103248,E76789BD,0,,tiles/pagina_25/tile_6453.png
6454,25,3,6,103264,5E5C0CFD,0,,tiles/pagina_25/tile_6454.png
6455,25,3,7,103280,6240AA7D,0,,tiles/pagina_25/tile_6455.png
6456,25,3,8,103296,74204C1D,0,312,tiles/pagina_25/tile_6456.png
6457,25,3,9,103312,443D98E5,0,,tiles/pagina_25/tile_6457.png
6458,25,3,10,103328,F474FF70,0,,tiles/pagina_25/tile_6458.png
6459,25,3,11,103344,DAC7B90A,0,,tiles/pagina_25/tile_6459.png
6460,25,3,12,103360,1A96549D,0,308,tiles/pagina_25/tile_6460.png
6461,25,3,13,103376,E76789BD,0,6453,tiles/pagina_25/tile_6461.png
6462,25,3,14,103392,5E5C0CFD,0,6454,tiles/pagina_25/tile_6462.png
6463,25,3,15,103408,6240AA7D,0,6455,tiles/pagina_25/tile_6463.png
6464,25,4,0,103424,390B971A,0,636,tiles/pagina_25/tile_6464.png
6465,25,4,1,103440,34E4F663,0,637,tiles/pagina_25/tile_6465.png
6466,25,4,2,103456,EBF6B058,0,638,tiles/pagina_25/tile_6466.png
6467,25,4,3,103472,5CFF097A,0,639,tiles/pagina_25/tile_6467.png
6468,25,4,4,103488,918847ED,0,,tiles/pagina_25/tile_6468.png
6469,25,4,5,103504,39B73EE7,0,,tiles/pagina_25/tile_6469.png
6470,25,4,6,103520,8EF3C1D8,0,,tiles/pagina_25/tile_6470.png
6471,25,4,7,103536,C9C3E279,0,,tiles/pagina_25/tile_6471.png
6472,25,4,8,103552,C876DC87,0,,tiles/pagina_25/tile_6472.png
6473,25,4,9,103568,FCD7A70F,0,4055,tiles/pagina_25/tile_6473.png
6474,25,4,10,103584,0A046BA5,0,6394,tiles/pagina_25/tile_6474.png
6475,25,4,11,103600,7133F537,0,6395,tiles/pagina_25/tile_6475.png
6476,25,4,12,103616,7D3F6FD1,0,4044,tiles/pagina_25/tile_6476.png
6477,25,4,13,103632,EE5143EC,0,4045,tiles/pagina_25/tile_6477.png
6478,25,4,14,103648,EDEC5BB7,0,4046,tiles/pagina_25/tile_6478.png
6479,25,4,15,103664,27D35880,0,4047,tiles/pagina_25/tile_6479.png
6480,25,5,0,103680,96D8F6FE,0,,tiles/pagina_25/tile_6480.png
6481,25,5,1,103696,11F82FBE,0,,tiles/pagina_25/tile_6481.png
6482,25,5,2,103712,11FA3156,0,,tiles/pagina_25/tile_6482.png
6483,25,5,3,103728,FD8875DC,0,,tiles/pagina_25/tile_6483.png
6484,25,5,4,103744,39B73EE7,0,6469,tiles/pagina_25/tile_6484.png
6485,25,5,5,103760,CC01FCF1,0,,tiles/pagina_25/tile_6485.png
6486,25,5,6,103776,C90A698D,0,4054,tiles/pagina_25/tile_6486.png
6487,25,5,7,103792,FCD7A70F,0,4055,tiles/pagina_25/tile_6487.png
6488,25,5,8,103808,4832647A,0,310,tiles/pagina_25/tile_6488.png
6489,25,5,9,103824,C715B158,0,311,tiles/pagina_25/tile_6489.png
6490,25,5,10,103840,7C8629E7,0,4058,tiles/pagina_25/tile_6490.png
6491,25,5,11,103856,BA37B52F,0,4059,tiles/pagina_25/tile_6491.png
6492,25,5,12,103872,E01D46D7,0,,tiles/pagina_25/tile_6492.png
6493,25,5,13,103888,FACC925F,0,,tiles/pagina_25/tile_6493.png
6494,25,5,14,103904,B1A22385,0,,tiles/pagina_25/tile_6494.png
6495,25,5,15,103920,47F67785,0,,tiles/pagina_25/tile_6495.png
6496,25,6,0,103936,0F39D66F,0,,tiles/pagina_25/tile_6496.png
6497,25,6,1,103952,AF2E3516,0,,tiles/pagina_25/tile_6497.png
6498,25,6,2,103968,9E5C8334,0,,tiles/pagina_25/tile_6498.png
6499,25,6,3,103984,254AEB71,0,4067,tiles/pagina_25/tile_6499.png
6500,25,6,4,104000,6474A97D,0,6244,tiles/pagina_25/tile_6500.png
6501,25,6,5,104016,39822205,0,4069,tiles/pagina_25/tile_6501.png
6502,25,6,6,104032,98AE69E2,0,4070,tiles/pagina_25/tile_6502.png
6503,25,6,7,104048,C606C07D,0,4071,tiles/pagina_25/tile_6503.png
6504,25,6,8,104064,69691905,1,22,tiles/pagina_25/tile_6504.png
6505,25,6,9,104080,69691905,1,22,tiles/pagina_25/tile_6505.png
6506,25,6,10,104096,69691905,1,22,tiles/pagina_25/tile_6506.png
6507,25,6,11,104112,69691905,1,22,tiles/pagina_25/tile_6507.png
6508,25,6,12,104128,1FF23A99,0,6252,tiles/pagina_25/tile_6508.png
6509,25,6,13,104144,21607BC9,0,6253,tiles/pagina_25/tile_6509.png
6510,25,6,14,104160,E4783C9F,0,4078,tiles/pagina_25/tile_6510.png
6511,25,6,15,104176,3BBA21A5,0,4079,tiles/pagina_25/tile_6511.png
6512,25,7,0,104192,169157E8,0,,tiles/pagina_25/tile_6512.png
6513,25,7,1,104208,AC3815DE,0,,tiles/pagina_25/tile_6513.png
6514,25,7,2,104224,BDA11A17,0,,tiles/pagina_25/tile_6514.png
6515,25,7,3,104240,7D818D08,0,,tiles/pagina_25/tile_6515.png
6516,25,7,4,104256,94185576,0,,tiles/pagina_25/tile_6516.png
6517,25,7,5,104272,44E44731,0,,tiles/pagina_25/tile_6517.png
6518,25,7,6,104288,C87D10B5,0,,tiles/pagina_25/tile_6518.png
6519,25,7,7,104304,57B1A06D,0,,tiles/pagina_25/tile_6519.png
6520,25,7,8,104320,94185576,0,6516,tiles/pagina_25/tile_6520.png
6521,25,7,9,104336,44E44731,0,6517,tiles/pagina_25/tile_6521.png
6522,25,7,10,104352,C87D10B5,0,6518,tiles/pagina_25/tile_6522.png
6523,25,7,11,104368,57B1A06D,0,6519,tiles/pagina_25/tile_6523.png
6524,25,7,12,104384,4E84D8FD,0,766,tiles/pagina_25/tile_6524.png
6525,25,7,13,104400,6DEBB9FD,0,535,tiles/pagina_25/tile_6525.png
6526,25,7,14,104416,360779F5,0,112,tiles/pagina_25/tile_6526.png
6527,25,7,15,104432,69691905,1,22,tiles/pagina_25/tile_6527.png
6528,25,8,0,104448,382519A5,0,,tiles/pagina_25/tile_6528.png
6529,25,8,1,104464,1B3C65DF,0,,tiles/pagina_25/tile_6529.png
6530,25,8,2,104480,2C3AFB3B,0,,tiles/pagina_25/tile_6530.png
6531,25,8,3,104496,BCA65104,0,,tiles/pagina_25/tile_6531.png
6532,25,8,4,104512,F4D5A3DB,0,,tiles/pagina_25/tile_6532.png
6533,25,8,5,104528,F4D5A3DB,0,6532,tiles/pagina_25/tile_6533.png
6534,25,8,6,104544,69691905,1,22,tiles/pagina_25/tile_6534.png
6535,25,8,7,104560,69691905,1,22,tiles/pagina_25/tile_6535.png
6536,25,8,8,104576,BB4E0BCA,0,,tiles/pagina_25/tile_6536.png
6537,25,8,9,104592,ED0275F5,0,,tiles/pagina_25/tile_6537.png
6538,25,8,10,104608,5A50F2E1,0,,tiles/pagina_25/tile_6538.png
6539,25,8,11,104624,CE4F2A99,0,,tiles/pagina_25/tile_6539.png
6540,25,8,12,104640,15D646AD,0,3980,tiles/pagina_25/tile_6540.png
6541,25,8,13,104656,095C6B4B,0,3981,tiles/pagina_25/tile_6541.png
6542,25,8,14,104672,B5CCE321,0,3982,tiles/pagina_25/tile_6542.png
6543,25,8,15,104688,CCC2B921,0,3983,tiles/pagina_25/tile_6543.png
6544,25,9,0,104704,85E24B7C,0,,tiles/pagina_25/tile_6544.png
6545,25,9,1,104720,84C1033C,0,,tiles/pagina_25/tile_6545.png
6546,25,9,2,104736,4CDE4E6C,0,6290,tiles/pagina_25/tile_6546.png
6547,25,9,3,104752,55A8773E,0,6291,tiles/pagina_25/tile_6547.png
6548,25,9,4,104768,DAAE153B,0,,tiles/pagina_25/tile_6548.png
6549,25,9,5,104784,5A663601,0,,tiles/pagina_25/tile_6549.png
6550,25,9,6,104800,49A4E8FC,0,,tiles/pagina_25/tile_6550.png
6551,25,9,7,104816,6D4BCAE2,0,,tiles/pagina_25/tile_6551.png
6552,25,9,8,104832,F38FDD02,0,,tiles/pagina_25/tile_6552.png
6553,25,9,9,104848,A7FCD259,0,,tiles/pagina_25/tile_6553.png
6554,25,9,10,104864,91454F7D,0,,tiles/pagina_25/tile_6554.png
6555,25,9,11,104880,9AC824AF,0,,tiles/pagina_25/tile_6555.png
6556,25,9,12,104896,D045055D,0,1845,tiles/pagina_25/tile_6556.png
6557,25,9,13,104912,4EE6D51F,0,3997,tiles/pagina_25/tile_6557.png
6558,25,9,14,104928,BB546535,0,3998,tiles/pagina_25/tile_6558.png
6559,25,9,15,104944,0C6BE775,0,1847,tiles/pagina_25/tile_6559.png
6560,25,10,0,104960,4E84D8FD,0,766,tiles/pagina_25/tile_6560.png
6561,25,10,1,104976,4E84D8FD,0,766,tiles/pagina_25/tile_6561.png
6562,25,10,2,104992,4E84D8FD,0,766,tiles/pagina_25/tile_6562.png
6563,25,10,3,105008,4E84D8FD,0,766,tiles/pagina_25/tile_6563.png
6564,25,10,4,105024,481C3993,0,6180,tiles/pagina_25/tile_6564.png
6565,25,10,5,105040,39F881A4,0,4005,tiles/pagina_25/tile_6565.png
6566,25,10,6,105056,0E3D6233,0,,tiles/pagina_25/tile_6566.png
6567,25,10,7,105072,162533CB,0,4007,tiles/pagina_25/tile_6567.png
6568,25,10,8,105088,C89AA7E2,0,,tiles/pagina_25/tile_6568.png
6569,25,10,9,105104,E35FAFB5,0,6313,tiles/pagina_25/tile_6569.png
6570,25,10,10,105120,E9BB27A8,0,,tiles/pagina_25/tile_6570.png
6571,25,10,11,105136,4AEBDD93,0,,tiles/pagina_25/tile_6571.png
6572,25,10,12,105152,959FD89D,0,1849,tiles/pagina_25/tile_6572.png
6573,25,10,13,105168,B9BE8D15,0,4013,tiles/pagina_25/tile_6573.png
6574,25,10,14,105184,0BA3DE85,0,4014,tiles/pagina_25/tile_6574.png
6575,25,10,15,105200,B49F3705,0,1851,tiles/pagina_25/tile_6575.png
6576,25,11,0,105216,10B852A3,0,6321,tiles/pagina_25/tile_6576.png
6577,25,11,1,105232,7906855B,0,6320,tiles/pagina_25/tile_6577.png
6578,25,11,2,105248,B381189A,0,,tiles/pagina_25/tile_6578.png
6579,25,11,3,105264,E5A1E2A5,0,4019,tiles/pagina_25/tile_6579.png
6580,25,11,4,105280,8D6EB909,0,,tiles/pagina_25/tile_6580.png
6581,25,11,5,105296,E3AB6E8D,0,,tiles/pagina_25/tile_6581.png
6582,25,11,6,105312,D4A8639D,0,,tiles/pagina_25/tile_6582.png
6583,25,11,7,105328,9B0A8FD1,0,3215,tiles/pagina_25/tile_6583.png
6584,25,11,8,105344,74204C1D,0,312,tiles/pagina_25/tile_6584.png
6585,25,11,9,105360,7A089DBD,0,313,tiles/pagina_25/tile_6585.png
6586,25,11,10,105376,48529450,0,314,tiles/pagina_25/tile_6586.png
6587,25,11,11,105392,6903CA6A,0,315,tiles/pagina_25/tile_6587.png
6588,25,11,12,105408,8D6EB909,0,6580,tiles/pagina_25/tile_6588.png
6589,25,11,13,105424,E3AB6E8D,0,6581,tiles/pagina_25/tile_6589.png
6590,25,11,14,105440,D4A8639D,0,6582,tiles/pagina_25/tile_6590.png
6591,25,11,15,105456,9B0A8FD1,0,3215,tiles/pagina_25/tile_6591.png
6592,25,12,0,105472,390B971A,0,636,tiles/pagina_25/tile_6592.png
6593,25,12,1,105488,34E4F663,0,637,tiles/pagina_25/tile_6593.png
6594,25,12,2,105504,EBF6B058,0,638,tiles/pagina_25/tile_6594.png
6595,25,12,3,105520,5CFF097A,0,639,tiles/pagina_25/tile_6595.png
6596,25,12,4,105536,38034B6D,0,6340,tiles/pagina_25/tile_6596.png
6597,25,12,5,105552,7049BC3B,0,6356,tiles/pagina_25/tile_6597.png
6598,25,12,6,105568,58C828D6,0,6342,tiles/pagina_25/tile_6598.png
6599,25,12,7,105584,C33ED77F,0,,tiles/pagina_25/tile_6599.png
6600,25,12,8,105600,C90A698D,0,4054,tiles/pagina_25/tile_6600.png
6601,25,12,9,105616,FCD7A70F,0,4055,tiles/pagina_25/tile_6601.png
6602,25,12,10,105632,7F234A91,0,6346,tiles/pagina_25/tile_6602.png
6603,25,12,11,105648,8FDED7DF,0,6347,tiles/pagina_25/tile_6603.png
6604,25,12,12,105664,7D3F6FD1,0,4044,tiles/pagina_25/tile_6604.png
6605,25,12,13,105680,EE5143EC,0,4045,tiles/pagina_25/tile_6605.png
6606,25,12,14,105696,EDEC5BB7,0,4046,tiles/pagina_25/tile_6606.png
6607,25,12,15,105712,27D35880,0,4047,tiles/pagina_25/tile_6607.png
6608,25,13,0,105728,EBA2EA25,0,,tiles/pagina_25/tile_6608.png
6609,25,13,1,105744,64A4A7C8,0,,tiles/pagina_25/tile_6609.png
6610,25,13,2,105760,FC221ED6,0,,tiles/pagina_25/tile_6610.png
6611,25,13,3,105776,5190235C,0,,tiles/pagina_25/tile_6611.png
6612,25,13,4,105792,BB3417DB,0,6341,tiles/pagina_25/tile_6612.png
6613,25,13,5,105808,3BB9C14C,0,,tiles/pagina_25/tile_6613.png
6614,25,13,6,105824,C90A698D,0,4054,tiles/pagina_25/tile_6614.png
6615,25,13,7,105840,FCD7A70F,0,4055,tiles/pagina_25/tile_6615.png
6616,25,13,8,105856,4832647A,0,310,tiles/pagina_25/tile_6616.png
6617,25,13,9,105872,C715B158,0,311,tiles/pagina_25/tile_6617.png
6618,25,13,10,105888,7C8629E7,0,4058,tiles/pagina_25/tile_6618.png
6619,25,13,11,105904,BA37B52F,0,4059,tiles/pagina_25/tile_6619.png
6620,25,13,12,105920,68970609,0,,tiles/pagina_25/tile_6620.png
6621,25,13,13,105936,3584FF61,0,,tiles/pagina_25/tile_6621.png
6622,25,13,14,105952,3BD08EE5,0,,tiles/pagina_25/tile_6622.png
6623,25,13,15,105968,5BD8D065,0,,tiles/pagina_25/tile_6623.png
6624,25,14,0,105984,9F22F3B3,0,6368,tiles/pagina_25/tile_6624.png
6625,25,14,1,106000,C7B7678C,0,6369,tiles/pagina_25/tile_6625.png
6626,25,14,2,106016,2C3464B4,0,6370,tiles/pagina_25/tile_6626.png
6627,25,14,3,106032,254AEB71,0,4067,tiles/pagina_25/tile_6627.png
6628,25,14,4,106048,6474A97D,0,6244,tiles/pagina_25/tile_6628.png
6629,25,14,5,106064,39822205,0,4069,tiles/pagina_25/tile_6629.png
6630,25,14,6,106080,98AE69E2,0,4070,tiles/pagina_25/tile_6630.png
6631,25,14,7,106096,C606C07D,0,4071,tiles/pagina_25/tile_6631.png
6632,25,14,8,106112,69691905,1,22,tiles/pagina_25/tile_6632.png
6633,25,14,9,106128,69691905,1,22,tiles/pagina_25/tile_6633.png
6634,25,14,10,106144,69691905,1,22,tiles/pagina_25/tile_6634.png
6635,25,14,11,106160,69691905,1,22,tiles/pagina_25/tile_6635.png
6636,25,14,12,106176,1FF23A99,0,6252,tiles/pagina_25/tile_6636.png
6637,25,14,13,106192,21607BC9,0,6253,tiles/pagina_25/tile_6637.png
6638,25,14,14,106208,E4783C9F,0,4078,tiles/pagina_25/tile_6638.png
6639,25,14,15,106224,3BBA21A5,0,4079,tiles/pagina_25/tile_6639.png
6640,25,15,0,106240,A0763F7B,0,,tiles/pagina_25/tile_6640.png
6641,25,15,1,106256,8B5DF9A8,0,,tiles/pagina_25/tile_6641.png
6642,25,15,2,106272,97D3C069,0,,tiles/pagina_25/tile_6642.png
6643,25,15,3,106288,603A4B86,0,,tiles/pagina_25/tile_6643.png
6644,25,15,4,106304,E39DABA1,0,6392,tiles/pagina_25/tile_6644.png
6645,25,15,5,106320,ECF4E6AE,0,6393,tiles/pagina_25/tile_6645.png
6646,25,15,6,106336,0A046BA5,0,6394,tiles/pagina_25/tile_6646.png
6647,25,15,7,106352,7133F537,0,6395,tiles/pagina_25/tile_6647.png
6648,25,15,8,106368,69691905,1,22,tiles/pagina_25/tile_6648.png
6649,25,15,9,106384,90E470BB,0,6389,tiles/pagina_25/tile_6649.png
6650,25,15,10,106400,69691905,1,22,tiles/pagina_25/tile_6650.png
6651,25,15,11,106416,FB332B85,0,6391,tiles/pagina_25/tile_6651.png
6652,25,15,12,106432,4E84D8FD,0,766,tiles/pagina_25/tile_6652.png
6653,25,15,13,106448,6DEBB9FD,0,535,tiles/pagina_25/tile_6653.png
6654,25,15,14,106464,360779F5,0,112,tiles/pagina_25/tile_6654.png
6655,25,15,15,106480,69691905,1,22,tiles/pagina_25/tile_6655.png
6656,26,0,0,106496,5CA6F300,0,,tiles/pagina_26/tile_6656.png
6657,26,0,1,106512,5C6024BC,0,513,tiles/pagina_26/tile_6657.png
6658,26,0,2,106528,9DC3A378,0,,tiles/pagina_26/tile_6658.png
6659,26,0,3,106544,0AD4FD23,0,,tiles/pagina_26/tile_6659.png
6660,26,0,4,106560,916D0CE5,0,,tiles/pagina_26/tile_6660.png
6661,26,0,5,106576,69691905,1,22,tiles/pagina_26/tile_6661.png
6662,26,0,6,106592,69691905,1,22,tiles/pagina_26/tile_6662.png
6663,26,0,7,106608,69691905,1,22,tiles/pagina_26/tile_6663.png
6664,26,0,8,106624,69691905,1,22,tiles/pagina_26/tile_6664.png
6665,26,0,9,106640,C239825D,0,521,tiles/pagina_26/tile_6665.png
6666,26,0,10,106656,02FA223C,0,522,tiles/pagina_26/tile_6666.png
6667,26,0,11,106672,319C9D98,0,523,tiles/pagina_26/tile_6667.png
6668,26,0,12,106688,8200E39B,0,524,tiles/pagina_26/tile_6668.png
6669,26,0,13,106704,D6C3A2BF,0,525,tiles/pagina_26/tile_6669.png
6670,26,0,14,106720,9B2A25ED,0,526,tiles/pagina_26/tile_6670.png
6671,26,0,15,106736,02BE8A37,0,527,tiles/pagina_26/tile_6671.png
6672,26,1,0,106752,7C9B8265,0,528,tiles/pagina_26/tile_6672.png
6673,26,1,1,106768,38864632,0,529,tiles/pagina_26/tile_6673.png
6674,26,1,2,106784,1528765E,0,,tiles/pagina_26/tile_6674.png
6675,26,1,3,106800,BB20FAD9,0,,tiles/pagina_26/tile_6675.png
6676,26,1,4,106816,0A507CF9,0,,tiles/pagina_26/tile_6676.png
6677,26,1,5,106832,3002F841,0,,tiles/pagina_26/tile_6677.png
6678,26,1,6,106848,2656FF51,0,,tiles/pagina_26/tile_6678.png
6679,26,1,7,106864,532E2B92,0,,tiles/pagina_26/tile_6679.png
6680,26,1,8,106880,13BE2696,0,,tiles/pagina_26/tile_6680.png
6681,26,1,9,106896,532E2B92,0,6679,tiles/pagina_26/tile_6681.png
6682,26,1,10,106912,9F412294,0,538,tiles/pagina_26/tile_6682.png
6683,26,1,11,106928,F2FA6B7E,0,539,tiles/pagina_26/tile_6683.png
6684,26,1,12,106944,330E3748,0,540,tiles/pagina_26/tile_6684.png
6685,26,1,13,106960,5DF4A49F,0,541,tiles/pagina_26/tile_6685.png
6686,26,1,14,106976,D62C2917,0,542,tiles/pagina_26/tile_6686.png
6687,26,1,15,106992,B3D3C847,0,543,tiles/pagina_26/tile_6687.png
6688,26,2,0,107008,239DE901,0,544,tiles/pagina_26/tile_6688.png
6689,26,2,1,107024,72BF982D,0,545,tiles/pagina_26/tile_6689.png
6690,26,2,2,107040,C309620D,0,546,tiles/pagina_26/tile_6690.png
6691,26,2,3,107056,2AD2EB5E,0,,tiles/pagina_26/tile_6691.png
6692,26,2,4,107072,BF9F361F,0,548,tiles/pagina_26/tile_6692.png
6693,26,2,5,107088,CAF77215,0,,tiles/pagina_26/tile_6693.png
6694,26,2,6,107104,F2E5527D,0,550,tiles/pagina_26/tile_6694.png
6695,26,2,7,107120,2D3C180A,0,551,tiles/pagina_26/tile_6695.png
6696,26,2,8,107136,D7CB2E16,0,552,tiles/pagina_26/tile_6696.png
6697,26,2,9,107152,4E9DCD53,0,553,tiles/pagina_26/tile_6697.png
6698,26,2,10,107168,826CD09B,0,554,tiles/pagina_26/tile_6698.png
6699,26,2,11,107184,C5A788F2,0,555,tiles/pagina_26/tile_6699.png
6700,26,2,12,107200,68EC79BE,0,556,tiles/pagina_26/tile_6700.png
6701,26,2,13,107216,B7144696,0,557,tiles/pagina_26/tile_6701.png
6702,26,2,14,107232,C7C0E1A3,0,558,tiles/pagina_26/tile_6702.png
6703,26,2,15,107248,CCD7DEAF,0,559,tiles/pagina_26/tile_6703.png
6704,26,3,0,107264,69691905,1,22,tiles/pagina_26/tile_6704.png
6705,26,3,1,107280,69691905,1,22,tiles/pagina_26/tile_6705.png
6706,26,3,2,107296,69691905,1,22,tiles/pagina_26/tile_6706.png
6707,26,3,3,107312,69691905,1,22,tiles/pagina_26/tile_6707.png
6708,26,3,4,107328,6DEBB9FD,0,535,tiles/pagina_26/tile_6708.png
6709,26,3,5,107344,AEC7EB7D,0,3364,tiles/pagina_26/tile_6709.png
6710,26,3,6,107360,1E93DDCD,0,,tiles/pagina_26/tile_6710.png
6711,26,3,7,107376,2656FF51,0,6678,tiles/pagina_26/tile_6711.png
6712,26,3,8,107392,09E860A1,0,568,tiles/pagina_26/tile_6712.png
6713,26,3,9,107408,EDEA8EB8,0,569,tiles/pagina_26/tile_6713.png
6714,26,3,10,107424,B124713F,0,570,tiles/pagina_26/tile_6714.png
6715,26,3,11,107440,5AF18C57,0,571,tiles/pagina_26/tile_6715.png
6716,26,3,12,107456,6DEBB9FD,0,535,tiles/pagina_26/tile_6716.png
6717,26,3,13,107472,6DEBB9FD,0,535,tiles/pagina_26/tile_6717.png
6718,26,3,14,107488,770935B1,0,574,tiles/pagina_26/tile_6718.png
6719,26,3,15,107504,532AE15D,0,575,tiles/pagina_26/tile_6719.png
6720,26,4,0,107520,E69B9DF1,0,576,tiles/pagina_26/tile_6720.png
6721,26,4,1,107536,1851FA6D,0,577,tiles/pagina_26/tile_6721.png
6722,26,4,2,107552,E78FED55,0,578,tiles/pagina_26/tile_6722.png
6723,26,4,3,107568,4D505EBD,0,579,tiles/pagina_26/tile_6723.png
6724,26,4,4,107584,C99C08E5,0,502,tiles/pagina_26/tile_6724.png
6725,26,4,5,107600,4E4DCEE9,0,503,tiles/pagina_26/tile_6725.png
6726,26,4,6,107616,587C81BA,0,582,tiles/pagina_26/tile_6726.png
6727,26,4,7,107632,692DB1B9,0,583,tiles/pagina_26/tile_6727.png
6728,26,4,8,107648,6DF124B1,0,504,tiles/pagina_26/tile_6728.png
6729,26,4,9,107664,2C88B101,0,505,tiles/pagina_26/tile_6729.png
6730,26,4,10,107680,2EE94684,0,586,tiles/pagina_26/tile_6730.png
6731,26,4,11,107696,C3B2A432,0,587,tiles/pagina_26/tile_6731.png
6732,26,4,12,107712,E1F606D4,0,506,tiles/pagina_26/tile_6732.png
6733,26,4,13,107728,95D70794,0,507,tiles/pagina_26/tile_6733.png
6734,26,4,14,107744,C916FA1B,0,590,tiles/pagina_26/tile_6734.png
6735,26,4,15,107760,82519B11,0,591,tiles/pagina_26/tile_6735.png
6736,26,5,0,107776,9698472A,0,592,tiles/pagina_26/tile_6736.png
6737,26,5,1,107792,9C44354A,0,593,tiles/pagina_26/tile_6737.png
6738,26,5,2,107808,5C443C08,0,594,tiles/pagina_26/tile_6738.png
6739,26,5,3,107824,BB1542EB,0,595,tiles/pagina_26/tile_6739.png
6740,26,5,4,107840,772756CA,0,596,tiles/pagina_26/tile_6740.png
6741,26,5,5,107856,94DB194A,0,597,tiles/pagina_26/tile_6741.png
6742,26,5,6,107872,5E3936E9,0,598,tiles/pagina_26/tile_6742.png
6743,26,5,7,107888,912F122E,0,599,tiles/pagina_26/tile_6743.png
6744,26,5,8,107904,BD7AFC56,0,,tiles/pagina_26/tile_6744.png
6745,26,5,9,107920,648DBC0B,0,,tiles/pagina_26/tile_6745.png
6746,26,5,10,107936,B05BC729,0,602,tiles/pagina_26/tile_6746.png
6747,26,5,11,107952,FA9AA0BC,0,603,tiles/pagina_26/tile_6747.png
6748,26,5,12,107968,76AD7A9D,0,604,tiles/pagina_26/tile_6748.png
6749,26,5,13,107984,81781735,0,605,tiles/pagina_26/tile_6749.png
6750,26,5,14,108000,D8F3D3FD,0,606,tiles/pagina_26/tile_6750.png
6751,26,5,15,108016,E94CEA0D,0,607,tiles/pagina_26/tile_6751.png
6752,26,6,0,108032,1B420279,0,608,tiles/pagina_26/tile_6752.png
6753,26,6,1,108048,62740229,0,609,tiles/pagina_26/tile_6753.png
6754,26,6,2,108064,308D56FD,0,610,tiles/pagina_26/tile_6754.png
6755,26,6,3,108080,6E66C15A,0,611,tiles/pagina_26/tile_6755.png
6756,26,6,4,108096,453C2F05,0,612,tiles/pagina_26/tile_6756.png
6757,26,6,5,108112,08B2CE75,0,613,tiles/pagina_26/tile_6757.png
6758,26,6,6,108128,4D529BBD,0,614,tiles/pagina_26/tile_6758.png
6759,26,6,7,108144,53DAD221,0,615,tiles/pagina_26/tile_6759.png
6760,26,6,8,108160,9CD70156,0,616,tiles/pagina_26/tile_6760.png
6761,26,6,9,108176,E21D182E,0,617,tiles/pagina_26/tile_6761.png
6762,26,6,10,108192,5C5F083E,0,618,tiles/pagina_26/tile_6762.png
6763,26,6,11,108208,81C889FD,0,619,tiles/pagina_26/tile_6763.png
6764,26,6,12,108224,0DDDA0F7,0,620,tiles/pagina_26/tile_6764.png
6765,26,6,13,108240,DFB69C49,0,621,tiles/pagina_26/tile_6765.png
6766,26,6,14,108256,E2D303B7,0,622,tiles/pagina_26/tile_6766.png
6767,26,6,15,108272,9C696F3F,0,623,tiles/pagina_26/tile_6767.png
6768,26,7,0,108288,B09CB091,0,624,tiles/pagina_26/tile_6768.png
6769,26,7,1,108304,27DA335B,0,625,tiles/pagina_26/tile_6769.png
6770,26,7,2,108320,A1B82622,0,626,tiles/pagina_26/tile_6770.png
6771,26,7,3,108336,C1A0E4DF,0,627,tiles/pagina_26/tile_6771.png
6772,26,7,4,108352,494AE044,0,628,tiles/pagina_26/tile_6772.png
6773,26,7,5,108368,F3B3BD46,0,629,tiles/pagina_26/tile_6773.png
6774,26,7,6,108384,65090DDC,0,630,tiles/pagina_26/tile_6774.png
6775,26,7,7,108400,8D3B3653,0,631,tiles/pagina_26/tile_6775.png
6776,26,7,8,108416,CEE60921,0,632,tiles/pagina_26/tile_6776.png
6777,26,7,9,108432,C0285EB9,0,633,tiles/pagina_26/tile_6777.png
6778,26,7,10,108448,38C77781,0,634,tiles/pagina_26/tile_6778.png
6779,26,7,11,108464,671A7DD5,0,635,tiles/pagina_26/tile_6779.png
6780,26,7,12,108480,3EF2EDDA,0,5710,tiles/pagina_26/tile_6780.png
6781,26,7,13,108496,3B400CCF,0,5711,tiles/pagina_26/tile_6781.png
6782,26,7,14,108512,53B91B95,0,5636,tiles/pagina_26/tile_6782.png
6783,26,7,15,108528,D3D90625,0,5645,tiles/pagina_26/tile_6783.png
6784,26,8,0,108544,2335B378,0,,tiles/pagina_26/tile_6784.png
6785,26,8,1,108560,57630C19,0,,tiles/pagina_26/tile_6785.png
6786,26,8,2,108576,3C1039B4,0,,tiles/pagina_26/tile_6786.png
6787,26,8,3,108592,95B2E6FD,0,,tiles/pagina_26/tile_6787.png
6788,26,8,4,108608,C401F909,0,,tiles/pagina_26/tile_6788.png
6789,26,8,5,108624,C07213D1,0,,tiles/pagina_26/tile_6789.png
6790,26,8,6,108640,BEC41D33,0,,tiles/pagina_26/tile_6790.png
6791,26,8,7,108656,2E867AC5,0,,tiles/pagina_26/tile_6791.png
6792,26,8,8,108672,F412EDA2,0,,tiles/pagina_26/tile_6792.png
6793,26,8,9,108688,E8CD7B62,0,,tiles/pagina_26/tile_6793.png
6794,26,8,10,108704,7CF57C27,0,,tiles/pagina_26/tile_6794.png
6795,26,8,11,108720,0663C293,0,,tiles/pagina_26/tile_6795.png
6796,26,8,12,108736,8707F978,0,5707,tiles/pagina_26/tile_6796.png
6797,26,8,13,108752,987883B5,0,,tiles/pagina_26/tile_6797.png
6798,26,8,14,108768,3C20E843,0,,tiles/pagina_26/tile_6798.png
6799,26,8,15,108784,0FEB2F93,0,,tiles/pagina_26/tile_6799.png
6800,26,9,0,108800,4956F4F2,0,,tiles/pagina_26/tile_6800.png
6801,26,9,1,108816,69A1FF03,0,,tiles/pagina_26/tile_6801.png
6802,26,9,2,108832,895DF157,0,,tiles/pagina_26/tile_6802.png
6803,26,9,3,108848,046FC937,0,,tiles/pagina_26/tile_6803.png
6804,26,9,4,108864,CAF3419E,0,,tiles/pagina_26/tile_6804.png
6805,26,9,5,108880,F4266771,0,,tiles/pagina_26/tile_6805.png
6806,26,9,6,108896,F21E08C1,0,,tiles/pagina_26/tile_6806.png
6807,26,9,7,108912,2B589019,0,,tiles/pagina_26/tile_6807.png
6808,26,9,8,108928,5152E28F,0,3992,tiles/pagina_26/tile_6808.png
6809,26,9,9,108944,DF56754B,0,3993,tiles/pagina_26/tile_6809.png
6810,26,9,10,108960,9C047855,0,3994,tiles/pagina_26/tile_6810.png
6811,26,9,11,108976,1D0AEB9F,0,3995,tiles/pagina_26/tile_6811.png
6812,26,9,12,108992,BAD87AFE,0,,tiles/pagina_26/tile_6812.png
6813,26,9,13,109008,AEE27C27,0,,tiles/pagina_26/tile_6813.png
6814,26,9,14,109024,82E36E3D,0,,tiles/pagina_26/tile_6814.png
6815,26,9,15,109040,830136D1,0,,tiles/pagina_26/tile_6815.png
6816,26,10,0,109056,4E84D8FD,0,766,tiles/pagina_26/tile_6816.png
6817,26,10,1,109072,4E84D8FD,0,766,tiles/pagina_26/tile_6817.png
6818,26,10,2,109088,4E84D8FD,0,766,tiles/pagina_26/tile_6818.png
6819,26,10,3,109104,4E84D8FD,0,766,tiles/pagina_26/tile_6819.png
6820,26,10,4,109120,AEC181EA,0,,tiles/pagina_26/tile_6820.png
6821,26,10,5,109136,96FF0EE3,0,,tiles/pagina_26/tile_6821.png
6822,26,10,6,109152,6F259355,0,,tiles/pagina_26/tile_6822.png
6823,26,10,7,109168,822FA29B,0,,tiles/pagina_26/tile_6823.png
6824,26,10,8,109184,2C036112,0,2684,tiles/pagina_26/tile_6824.png
6825,26,10,9,109200,2D4207D9,0,,tiles/pagina_26/tile_6825.png
6826,26,10,10,109216,86B805CC,0,,tiles/pagina_26/tile_6826.png
6827,26,10,11,109232,42F520D9,0,,tiles/pagina_26/tile_6827.png
6828,26,10,12,109248,0AE1C147,0,,tiles/pagina_26/tile_6828.png
6829,26,10,13,109264,8258D4FD,0,5709,tiles/pagina_26/tile_6829.png
6830,26,10,14,109280,1D07F875,0,,tiles/pagina_26/tile_6830.png
6831,26,10,15,109296,F3CDA29B,0,,tiles/pagina_26/tile_6831.png
6832,26,11,0,109312,2023F0AD,0,,tiles/pagina_26/tile_6832.png
6833,26,11,1,109328,681E3E85,0,,tiles/pagina_26/tile_6833.png
6834,26,11,2,109344,F90F0FBA,0,,tiles/pagina_26/tile_6834.png
6835,26,11,3,109360,72420EAF,0,,tiles/pagina_26/tile_6835.png
6836,26,11,4,109376,CE38B2C2,0,,tiles/pagina_26/tile_6836.png
6837,26,11,5,109392,D26F36C2,0,,tiles/pagina_26/tile_6837.png
6838,26,11,6,109408,B7CB7965,0,,tiles/pagina_26/tile_6838.png
6839,26,11,7,109424,78AFBD85,0,,tiles/pagina_26/tile_6839.png
6840,26,11,8,109440,F9ADB9C3,0,,tiles/pagina_26/tile_6840.png
6841,26,11,9,109456,0370C27D,0,,tiles/pagina_26/tile_6841.png
6842,26,11,10,109472,64253538,0,,tiles/pagina_26/tile_6842.png
6843,26,11,11,109488,2459D403,0,,tiles/pagina_26/tile_6843.png
6844,26,11,12,109504,BDBA79CE,0,,tiles/pagina_26/tile_6844.png
6845,26,11,13,109520,C2681ECC,0,,tiles/pagina_26/tile_6845.png
6846,26,11,14,109536,E9DA8F45,0,,tiles/pagina_26/tile_6846.png
6847,26,11,15,109552,8D7ED473,0,,tiles/pagina_26/tile_6847.png
6848,26,12,0,109568,6B35D62E,0,,tiles/pagina_26/tile_6848.png
6849,26,12,1,109584,B09D8861,0,,tiles/pagina_26/tile_6849.png
6850,26,12,2,109600,15F8ADBA,0,,tiles/pagina_26/tile_6850.png
6851,26,12,3,109616,54A7E0D7,0,,tiles/pagina_26/tile_6851.png
6852,26,12,4,109632,6B35D62E,0,6848,tiles/pagina_26/tile_6852.png
6853,26,12,5,109648,CDB7DE06,0,,tiles/pagina_26/tile_6853.png
6854,26,12,6,109664,85A8034B,0,,tiles/pagina_26/tile_6854.png
6855,26,12,7,109680,54A7E0D7,0,6851,tiles/pagina_26/tile_6855.png
6856,26,12,8,109696,34C82320,0,,tiles/pagina_26/tile_6856.png
6857,26,12,9,109712,95F92DDF,0,,tiles/pagina_26/tile_6857.png
6858,26,12,10,109728,9B889099,0,,tiles/pagina_26/tile_6858.png
6859,26,12,11,109744,E6EA4E73,0,,tiles/pagina_26/tile_6859.png
6860,26,12,12,109760,2435B50B,0,,tiles/pagina_26/tile_6860.png
6861,26,12,13,109776,3CB1B375,0,,tiles/pagina_26/tile_6861.png
6862,26,12,14,109792,3BCDFE0B,0,,tiles/pagina_26/tile_6862.png
6863,26,12,15,109808,4917B875,0,,tiles/pagina_26/tile_6863.png
6864,26,13,0,109824,A1B2D768,0,,tiles/pagina_26/tile_6864.png
6865,26,13,1,109840,706AA02F,0,,tiles/pagina_26/tile_6865.png
6866,26,13,2,109856,1976F94B,0,,tiles/pagina_26/tile_6866.png
6867,26,13,3,109872,3C2990ED,0,,tiles/pagina_26/tile_6867.png
6868,26,13,4,109888,888F407B,0,,tiles/pagina_26/tile_6868.png
6869,26,13,5,109904,F3283C64,0,,tiles/pagina_26/tile_6869.png
6870,26,13,6,109920,F394B51B,0,,tiles/pagina_26/tile_6870.png
6871,26,13,7,109936,67AEF7E5,0,,tiles/pagina_26/tile_6871.png
6872,26,13,8,109952,4832647A,0,310,tiles/pagina_26/tile_6872.png
6873,26,13,9,109968,C715B158,0,311,tiles/pagina_26/tile_6873.png
6874,26,13,10,109984,7C8629E7,0,4058,tiles/pagina_26/tile_6874.png
6875,26,13,11,110000,BA37B52F,0,4059,tiles/pagina_26/tile_6875.png
6876,26,13,12,110016,0141BD40,0,6364,tiles/pagina_26/tile_6876.png
6877,26,13,13,110032,BAD9B3DE,0,6365,tiles/pagina_26/tile_6877.png
6878,26,13,14,110048,64310D25,0,6366,tiles/pagina_26/tile_6878.png
6879,26,13,15,110064,7244F9A5,0,6367,tiles/pagina_26/tile_6879.png
6880,26,14,0,110080,63FDF592,0,,tiles/pagina_26/tile_6880.png
6881,26,14,1,110096,B8D7C01A,0,,tiles/pagina_26/tile_6881.png
6882,26,14,2,110112,FD845534,0,,tiles/pagina_26/tile_6882.png
6883,26,14,3,110128,345F27AD,0,,tiles/pagina_26/tile_6883.png
6884,26,14,4,110144,A35419A5,0,,tiles/pagina_26/tile_6884.png
6885,26,14,5,110160,8AF5571B,0,,tiles/pagina_26/tile_6885.png
6886,26,14,6,110176,7059EC70,0,,tiles/pagina_26/tile_6886.png
6887,26,14,7,110192,F994D865,0,,tiles/pagina_26/tile_6887.png
6888,26,14,8,110208,AE8A2442,0,,tiles/pagina_26/tile_6888.png
6889,26,14,9,110224,A3376333,0,,tiles/pagina_26/tile_6889.png
6890,26,14,10,110240,8FDD7FA4,0,,tiles/pagina_26/tile_6890.png
6891,26,14,11,110256,4504C020,0,,tiles/pagina_26/tile_6891.png
6892,26,14,12,110272,AE8E2917,0,,tiles/pagina_26/tile_6892.png
6893,26,14,13,110288,6FFDA54B,0,,tiles/pagina_26/tile_6893.png
6894,26,14,14,110304,08999B59,0,,tiles/pagina_26/tile_6894.png
6895,26,14,15,110320,FA19663E,0,,tiles/pagina_26/tile_6895.png
6896,26,15,0,110336,A59F4EEC,0,,tiles/pagina_26/tile_6896.png
6897,26,15,1,110352,EDB45B3E,0,,tiles/pagina_26/tile_6897.png
6898,26,15,2,110368,72A8440D,0,,tiles/pagina_26/tile_6898.png
6899,26,15,3,110384,FF99A977,0,,tiles/pagina_26/tile_6899.png
6900,26,15,4,110400,A59F4EEC,0,6896,tiles/pagina_26/tile_6900.png
6901,26,15,5,110416,337876AD,0,,tiles/pagina_26/tile_6901.png
6902,26,15,6,110432,1D58BB5C,0,,tiles/pagina_26/tile_6902.png
6903,26,15,7,110448,FF99A977,0,6899,tiles/pagina_26/tile_6903.png
6904,26,15,8,110464,09B478F2,0,,tiles/pagina_26/tile_6904.png
6905,26,15,9,110480,990C34B5,0,,tiles/pagina_26/tile_6905.png
6906,26,15,10,110496,F9FA83C8,0,,tiles/pagina_26/tile_6906.png
6907,26,15,11,110512,38330389,0,,tiles/pagina_26/tile_6907.png
6908,26,15,12,110528,4E84D8FD,0,766,tiles/pagina_26/tile_6908.png
6909,26,15,13,110544,6DEBB9FD,0,535,tiles/pagina_26/tile_6909.png
6910,26,15,14,110560,360779F5,0,112,tiles/pagina_26/tile_6910.png
6911,26,15,15,110576,69691905,1,22,tiles/pagina_26/tile_6911.png
6912,27,0,0,110592,0925E5B3,0,,tiles/pagina_27/tile_6912.png
6913,27,0,1,110608,F7F3B76F,0,,tiles/pagina_27/tile_6913.png
6914,27,0,2,110624,A009FF6E,0,,tiles/pagina_27/tile_6914.png
6915,27,0,3,110640,B16BC464,0,,tiles/pagina_27/tile_6915.png
6916,27,0,4,110656,9A1B36FB,0,,tiles/pagina_27/tile_6916.png
6917,27,0,5,110672,69691905,1,22,tiles/pagina_27/tile_6917.png
6918,27,0,6,110688,69691905,1,22,tiles/pagina_27/tile_6918.png
6919,27,0,7,110704,69691905,1,22,tiles/pagina_27/tile_6919.png
6920,27,0,8,110720,69691905,1,22,tiles/pagina_27/tile_6920.png
6921,27,0,9,110736,C239825D,0,521,tiles/pagina_27/tile_6921.png
6922,27,0,10,110752,1994DFE9,0,,tiles/pagina_27/tile_6922.png
6923,27,0,11,110768,9AAA83D0,0,,tiles/pagina_27/tile_6923.png
6924,27,0,12,110784,6EB29FC9,0,,tiles/pagina_27/tile_6924.png
6925,27,0,13,110800,B94EC895,0,,tiles/pagina_27/tile_6925.png
6926,27,0,14,110816,376D142C,0,,tiles/pagina_27/tile_6926.png
6927,27,0,15,110832,ABC4EE95,0,,tiles/pagina_27/tile_6927.png
6928,27,1,0,110848,E173C8DD,0,,tiles/pagina_27/tile_6928.png
6929,27,1,1,110864,24F97A3D,0,,tiles/pagina_27/tile_6929.png
6930,27,1,2,110880,D808D8DD,0,,tiles/pagina_27/tile_6930.png
6931,27,1,3,110896,EC867311,0,,tiles/pagina_27/tile_6931.png
6932,27,1,4,110912,E7E69C52,0,,tiles/pagina_27/tile_6932.png
6933,27,1,5,110928,D40D202C,0,,tiles/pagina_27/tile_6933.png
6934,27,1,6,110944,924EEB85,0,,tiles/pagina_27/tile_6934.png
6935,27,1,7,110960,619E4B8D,0,,tiles/pagina_27/tile_6935.png
6936,27,1,8,110976,E0983200,0,,tiles/pagina_27/tile_6936.png
6937,27,1,9,110992,05A3608D,0,,tiles/pagina_27/tile_6937.png
6938,27,1,10,111008,E4DC2703,0,,tiles/pagina_27/tile_6938.png
6939,27,1,11,111024,409C364E,0,,tiles/pagina_27/tile_6939.png
6940,27,1,12,111040,883FD853,0,,tiles/pagina_27/tile_6940.png
6941,27,1,13,111056,319593FD,0,,tiles/pagina_27/tile_6941.png
6942,27,1,14,111072,B3B988EA,0,,tiles/pagina_27/tile_6942.png
6943,27,1,15,111088,318380C0,0,,tiles/pagina_27/tile_6943.png
6944,27,2,0,111104,90F53FCA,0,,tiles/pagina_27/tile_6944.png
6945,27,2,1,111120,74A735CC,0,,tiles/pagina_27/tile_6945.png
6946,27,2,2,111136,5AF029B7,0,,tiles/pagina_27/tile_6946.png
6947,27,2,3,111152,A036DD9B,0,,tiles/pagina_27/tile_6947.png
6948,27,2,4,111168,76AD7A9D,0,604,tiles/pagina_27/tile_6948.png
6949,27,2,5,111184,81781735,0,605,tiles/pagina_27/tile_6949.png
6950,27,2,6,111200,D8F3D3FD,0,606,tiles/pagina_27/tile_6950.png
6951,27,2,7,111216,E94CEA0D,0,607,tiles/pagina_27/tile_6951.png
6952,27,2,8,111232,D560BBDC,0,,tiles/pagina_27/tile_6952.png
6953,27,2,9,111248,E4FAC165,0,,tiles/pagina_27/tile_6953.png
6954,27,2,10,111264,A3DDED17,0,,tiles/pagina_27/tile_6954.png
6955,27,2,11,111280,9E3DA6EA,0,,tiles/pagina_27/tile_6955.png
6956,27,2,12,111296,B87EC2D5,0,,tiles/pagina_27/tile_6956.png
6957,27,2,13,111312,D2EC2B3B,0,,tiles/pagina_27/tile_6957.png
6958,27,2,14,111328,B298E864,0,,tiles/pagina_27/tile_6958.png
6959,27,2,15,111344,1682BE68,0,,tiles/pagina_27/tile_6959.png
6960,27,3,0,111360,55583978,0,,tiles/pagina_27/tile_6960.png
6961,27,3,1,111376,65B46C48,0,,tiles/pagina_27/tile_6961.png
6962,27,3,2,111392,72BF982D,0,545,tiles/pagina_27/tile_6962.png
6963,27,3,3,111408,09E860A1,0,568,tiles/pagina_27/tile_6963.png
6964,27,3,4,111424,33CEA0B5,0,,tiles/pagina_27/tile_6964.png
6965,27,3,5,111440,D045055D,0,1845,tiles/pagina_27/tile_6965.png
6966,27,3,6,111456,4E84D8FD,0,766,tiles/pagina_27/tile_6966.png
6967,27,3,7,111472,0C6BE775,0,1847,tiles/pagina_27/tile_6967.png
6968,27,3,8,111488,61D08C7D,0,,tiles/pagina_27/tile_6968.png
6969,27,3,9,111504,959FD89D,0,1849,tiles/pagina_27/tile_6969.png
6970,27,3,10,111520,191C62E1,0,,tiles/pagina_27/tile_6970.png
6971,27,3,11,111536,B49F3705,0,1851,tiles/pagina_27/tile_6971.png
6972,27,3,12,111552,C208C075,0,,tiles/pagina_27/tile_6972.png
6973,27,3,13,111568,E4DD3DF5,0,,tiles/pagina_27/tile_6973.png
6974,27,3,14,111584,CEE60921,0,632,tiles/pagina_27/tile_6974.png
6975,27,3,15,111600,C0285EB9,0,633,tiles/pagina_27/tile_6975.png
6976,27,4,0,111616,239DE901,0,544,tiles/pagina_27/tile_6976.png
6977,27,4,1,111632,38C77781,0,634,tiles/pagina_27/tile_6977.png
6978,27,4,2,111648,C309620D,0,546,tiles/pagina_27/tile_6978.png
6979,27,4,3,111664,671A7DD5,0,635,tiles/pagina_27/tile_6979.png
6980,27,4,4,111680,770935B1,0,574,tiles/pagina_27/tile_6980.png
6981,27,4,5,111696,532AE15D,0,575,tiles/pagina_27/tile_6981.png
6982,27,4,6,111712,0A507CF9,0,6676,tiles/pagina_27/tile_6982.png
6983,27,4,7,111728,3002F841,0,6677,tiles/pagina_27/tile_6983.png
6984,27,4,8,111744,E69B9DF1,0,576,tiles/pagina_27/tile_6984.png
6985,27,4,9,111760,1851FA6D,0,577,tiles/pagina_27/tile_6985.png
6986,27,4,10,111776,E78FED55,0,578,tiles/pagina_27/tile_6986.png
6987,27,4,11,111792,4D505EBD,0,579,tiles/pagina_27/tile_6987.png
6988,27,4,12,111808,9677CC38,0,1868,tiles/pagina_27/tile_6988.png
6989,27,4,13,111824,B09CB091,0,624,tiles/pagina_27/tile_6989.png
6990,27,4,14,111840,B124713F,0,570,tiles/pagina_27/tile_6990.png
6991,27,4,15,111856,5AF18C57,0,571,tiles/pagina_27/tile_6991.png
6992,27,5,0,111872,84DB9141,0,,tiles/pagina_27/tile_6992.png
6993,27,5,1,111888,F1007EFD,0,515,tiles/pagina_27/tile_6993.png
6994,27,5,2,111904,F3C67FFA,0,,tiles/pagina_27/tile_6994.png
6995,27,5,3,111920,7AD0E17D,0,,tiles/pagina_27/tile_6995.png
6996,27,5,4,111936,602AED49,0,,tiles/pagina_27/tile_6996.png
6997,27,5,5,111952,0E236605,0,,tiles/pagina_27/tile_6997.png
6998,27,5,6,111968,4B0ED76A,0,,tiles/pagina_27/tile_6998.png
6999,27,5,7,111984,18EA2F0D,0,,tiles/pagina_27/tile_6999.png
7000,27,5,8,112000,D7CB2E16,0,552,tiles/pagina_27/tile_7000.png
7001,27,5,9,112016,4E9DCD53,0,553,tiles/pagina_27/tile_7001.png
7002,27,5,10,112032,826CD09B,0,554,tiles/pagina_27/tile_7002.png
7003,27,5,11,112048,C5A788F2,0,555,tiles/pagina_27/tile_7003.png
7004,27,5,12,112064,68EC79BE,0,556,tiles/pagina_27/tile_7004.png
7005,27,5,13,112080,B7144696,0,557,tiles/pagina_27/tile_7005.png
7006,27,5,14,112096,C7C0E1A3,0,558,tiles/pagina_27/tile_7006.png
7007,27,5,15,112112,CCD7DEAF,0,559,tiles/pagina_27/tile_7007.png
7008,27,6,0,112128,29E806FE,0,,tiles/pagina_27/tile_7008.png
7009,27,6,1,112144,61ECF795,0,,tiles/pagina_27/tile_7009.png
7010,27,6,2,112160,BD0D2D21,0,,tiles/pagina_27/tile_7010.png
7011,27,6,3,112176,DE2B271F,0,,tiles/pagina_27/tile_7011.png
7012,27,6,4,112192,27DA335B,0,625,tiles/pagina_27/tile_7012.png
7013,27,6,5,112208,A1B82622,0,626,tiles/pagina_27/tile_7013.png
7014,27,6,6,112224,C1A0E4DF,0,627,tiles/pagina_27/tile_7014.png
7015,27,6,7,112240,494AE044,0,628,tiles/pagina_27/tile_7015.png
7016,27,6,8,112256,9CD70156,0,616,tiles/pagina_27/tile_7016.png
7017,27,6,9,112272,73DD1D92,0,,tiles/pagina_27/tile_7017.png
7018,27,6,10,112288,4A18AFC6,0,,tiles/pagina_27/tile_7018.png
7019,27,6,11,112304,52DEA5FD,0,,tiles/pagina_27/tile_7019.png
7020,27,6,12,112320,D7845F45,0,,tiles/pagina_27/tile_7020.png
7021,27,6,13,112336,5CFF3A89,0,,tiles/pagina_27/tile_7021.png
7022,27,6,14,112352,538AFEF5,0,5708,tiles/pagina_27/tile_7022.png
7023,27,6,15,112368,8258D4FD,0,5709,tiles/pagina_27/tile_7023.png
7024,27,7,0,112384,EC0CE6CA,0,,tiles/pagina_27/tile_7024.png
7025,27,7,1,112400,9CC2C5FC,0,,tiles/pagina_27/tile_7025.png
7026,27,7,2,112416,426270C9,0,,tiles/pagina_27/tile_7026.png
7027,27,7,3,112432,5EC5AC19,0,,tiles/pagina_27/tile_7027.png
7028,27,7,4,112448,F3B3BD46,0,629,tiles/pagina_27/tile_7028.png
7029,27,7,5,112464,65090DDC,0,630,tiles/pagina_27/tile_7029.png
7030,27,7,6,112480,8D3B3653,0,631,tiles/pagina_27/tile_7030.png
7031,27,7,7,112496,5B824ECD,0,,tiles/pagina_27/tile_7031.png
7032,27,7,8,112512,25A7EAFE,0,,tiles/pagina_27/tile_7032.png
7033,27,7,9,112528,F3AA5272,0,,tiles/pagina_27/tile_7033.png
7034,27,7,10,112544,545EA2D6,0,,tiles/pagina_27/tile_7034.png
7035,27,7,11,112560,857A5DAD,0,,tiles/pagina_27/tile_7035.png
7036,27,7,12,112576,4897E2C5,0,,tiles/pagina_27/tile_7036.png
7037,27,7,13,112592,FFD8BDE1,0,,tiles/pagina_27/tile_7037.png
7038,27,7,14,112608,2283490A,0,,tiles/pagina_27/tile_7038.png
7039,27,7,15,112624,5F77A1F8,0,,tiles/pagina_27/tile_7039.png
7040,27,8,0,112640,8BF04CF5,0,,tiles/pagina_27/tile_7040.png
7041,27,8,1,112656,22E9C9D9,0,,tiles/pagina_27/tile_7041.png
7042,27,8,2,112672,96326E0D,0,,tiles/pagina_27/tile_7042.png
7043,27,8,3,112688,B7F8594C,0,,tiles/pagina_27/tile_7043.png
7044,27,8,4,112704,F09EEB19,0,,tiles/pagina_27/tile_7044.png
7045,27,8,5,112720,69691905,1,22,tiles/pagina_27/tile_7045.png
7046,27,8,6,112736,69691905,1,22,tiles/pagina_27/tile_7046.png
7047,27,8,7,112752,69691905,1,22,tiles/pagina_27/tile_7047.png
7048,27,8,8,112768,69691905,1,22,tiles/pagina_27/tile_7048.png
7049,27,8,9,112784,4132BDD9,0,,tiles/pagina_27/tile_7049.png
7050,27,8,10,112800,D0487315,0,,tiles/pagina_27/tile_7050.png
7051,27,8,11,112816,1AFBEF25,0,,tiles/pagina_27/tile_7051.png
7052,27,8,12,112832,8A26B0ED,0,,tiles/pagina_27/tile_7052.png
7053,27,8,13,112848,FD99D4D9,0,3898,tiles/pagina_27/tile_7053.png
7054,27,8,14,112864,B46FAAAC,0,,tiles/pagina_27/tile_7054.png
7055,27,8,15,112880,D6E94235,0,,tiles/pagina_27/tile_7055.png
7056,27,9,0,112896,46358AAD,0,3891,tiles/pagina_27/tile_7056.png
7057,27,9,1,112912,981D9116,0,,tiles/pagina_27/tile_7057.png
7058,27,9,2,112928,9DAC5A51,0,,tiles/pagina_27/tile_7058.png
7059,27,9,3,112944,688B8B45,0,,tiles/pagina_27/tile_7059.png
7060,27,9,4,112960,BD355E29,0,4865,tiles/pagina_27/tile_7060.png
7061,27,9,5,112976,7307502B,0,,tiles/pagina_27/tile_7061.png
7062,27,9,6,112992,F1C622B5,0,,tiles/pagina_27/tile_7062.png
7063,27,9,7,113008,B3D3885D,0,,tiles/pagina_27/tile_7063.png
7064,27,9,8,113024,F4EDD54D,0,,tiles/pagina_27/tile_7064.png
7065,27,9,9,113040,5C50B8B5,0,,tiles/pagina_27/tile_7065.png
7066,27,9,10,113056,E7A74CD5,0,,tiles/pagina_27/tile_7066.png
7067,27,9,11,113072,85E54843,0,,tiles/pagina_27/tile_7067.png
7068,27,9,12,113088,E0E3ACBD,0,,tiles/pagina_27/tile_7068.png
7069,27,9,13,113104,0A711AB5,0,,tiles/pagina_27/tile_7069.png
7070,27,9,14,113120,53E48B1D,0,,tiles/pagina_27/tile_7070.png
7071,27,9,15,113136,893092E7,0,,tiles/pagina_27/tile_7071.png
7072,27,10,0,113152,6EF75CC8,0,3900,tiles/pagina_27/tile_7072.png
7073,27,10,1,113168,C874736D,0,3902,tiles/pagina_27/tile_7073.png
7074,27,10,2,113184,C63418DC,0,,tiles/pagina_27/tile_7074.png
7075,27,10,3,113200,26D10B8D,0,,tiles/pagina_27/tile_7075.png
7076,27,10,4,113216,EB858955,0,3897,tiles/pagina_27/tile_7076.png
7077,27,10,5,113232,90969175,0,,tiles/pagina_27/tile_7077.png
7078,27,10,6,113248,C22BD62F,0,,tiles/pagina_27/tile_7078.png
7079,27,10,7,113264,E2EE915D,0,4878,tiles/pagina_27/tile_7079.png
7080,27,10,8,113280,1F18C355,0,,tiles/pagina_27/tile_7080.png
7081,27,10,9,113296,DAA1A9CD,0,,tiles/pagina_27/tile_7081.png
7082,27,10,10,113312,9B3D312F,0,,tiles/pagina_27/tile_7082.png
7083,27,10,11,113328,A50C6D9D,0,,tiles/pagina_27/tile_7083.png
7084,27,10,12,113344,3E9815DD,0,,tiles/pagina_27/tile_7084.png
7085,27,10,13,113360,8A02F49D,0,,tiles/pagina_27/tile_7085.png
7086,27,10,14,113376,82425B45,0,,tiles/pagina_27/tile_7086.png
7087,27,10,15,113392,7724F0A7,0,,tiles/pagina_27/tile_7087.png
7088,27,11,0,113408,13981FB9,0,,tiles/pagina_27/tile_7088.png
7089,27,11,1,113424,28A48115,0,3903,tiles/pagina_27/tile_7089.png
7090,27,11,2,113440,ED8E4A21,0,,tiles/pagina_27/tile_7090.png
7091,27,11,3,113456,4E377052,0,,tiles/pagina_27/tile_7091.png
7092,27,11,4,113472,1E904D87,0,,tiles/pagina_27/tile_7092.png
7093,27,11,5,113488,97580D31,0,,tiles/pagina_27/tile_7093.png
7094,27,11,6,113504,BA58057F,0,,tiles/pagina_27/tile_7094.png
7095,27,11,7,113520,DE454BCA,0,,tiles/pagina_27/tile_7095.png
7096,27,11,8,113536,CC649C07,0,,tiles/pagina_27/tile_7096.png
7097,27,11,9,113552,A609D29D,0,,tiles/pagina_27/tile_7097.png
7098,27,11,10,113568,2C33D08D,0,,tiles/pagina_27/tile_7098.png
7099,27,11,11,113584,8CEE870F,0,,tiles/pagina_27/tile_7099.png
7100,27,11,12,113600,80437D03,0,,tiles/pagina_27/tile_7100.png
7101,27,11,13,113616,70FBF08D,0,,tiles/pagina_27/tile_7101.png
7102,27,11,14,113632,47991443,0,,tiles/pagina_27/tile_7102.png
7103,27,11,15,113648,0BD01175,0,,tiles/pagina_27/tile_7103.png
7104,27,12,0,113664,B09CB091,0,624,tiles/pagina_27/tile_7104.png
7105,27,12,1,113680,27DA335B,0,625,tiles/pagina_27/tile_7105.png
7106,27,12,2,113696,A1B82622,0,626,tiles/pagina_27/tile_7106.png
7107,27,12,3,113712,C1A0E4DF,0,627,tiles/pagina_27/tile_7107.png
7108,27,12,4,113728,A5625375,0,,tiles/pagina_27/tile_7108.png
7109,27,12,5,113744,04E56949,0,,tiles/pagina_27/tile_7109.png
7110,27,12,6,113760,9ABB70CB,0,,tiles/pagina_27/tile_7110.png
7111,27,12,7,113776,E9D01E07,0,,tiles/pagina_27/tile_7111.png
7112,27,12,8,113792,BFEFF11F,0,4893,tiles/pagina_27/tile_7112.png
7113,27,12,9,113808,525F9A43,0,,tiles/pagina_27/tile_7113.png
7114,27,12,10,113824,3BCDFE0B,0,6862,tiles/pagina_27/tile_7114.png
7115,27,12,11,113840,8E318EF9,0,,tiles/pagina_27/tile_7115.png
7116,27,12,12,113856,9B2A25ED,0,526,tiles/pagina_27/tile_7116.png
7117,27,12,13,113872,53DAD221,0,615,tiles/pagina_27/tile_7117.png
7118,27,12,14,113888,09E860A1,0,568,tiles/pagina_27/tile_7118.png
7119,27,12,15,113904,068DB6BD,0,1114,tiles/pagina_27/tile_7119.png
7120,27,13,0,113920,494AE044,0,628,tiles/pagina_27/tile_7120.png
7121,27,13,1,113936,F3B3BD46,0,629,tiles/pagina_27/tile_7121.png
7122,27,13,2,113952,65090DDC,0,630,tiles/pagina_27/tile_7122.png
7123,27,13,3,113968,8D3B3653,0,631,tiles/pagina_27/tile_7123.png
7124,27,13,4,113984,4E00A837,0,,tiles/pagina_27/tile_7124.png
7125,27,13,5,114000,FEF528EF,0,,tiles/pagina_27/tile_7125.png
7126,27,13,6,114016,C5B2F335,0,,tiles/pagina_27/tile_7126.png
7127,27,13,7,114032,6A3546A1,0,,tiles/pagina_27/tile_7127.png
7128,27,13,8,114048,880A6D7D,0,,tiles/pagina_27/tile_7128.png
7129,27,13,9,114064,B1388735,0,,tiles/pagina_27/tile_7129.png
7130,27,13,10,114080,3D1720D9,0,4868,tiles/pagina_27/tile_7130.png
7131,27,13,11,114096,02D241FD,0,,tiles/pagina_27/tile_7131.png
7132,27,13,12,114112,453C2F05,0,612,tiles/pagina_27/tile_7132.png
7133,27,13,13,114128,08B2CE75,0,613,tiles/pagina_27/tile_7133.png
7134,27,13,14,114144,C309620D,0,546,tiles/pagina_27/tile_7134.png
7135,27,13,15,114160,2472B72B,0,,tiles/pagina_27/tile_7135.png
7136,27,14,0,114176,E0961EC7,0,,tiles/pagina_27/tile_7136.png
7137,27,14,1,114192,E75102EE,0,,tiles/pagina_27/tile_7137.png
7138,27,14,2,114208,4E78B684,0,3598,tiles/pagina_27/tile_7138.png
7139,27,14,3,114224,42EF2A89,0,,tiles/pagina_27/tile_7139.png
7140,27,14,4,114240,00A2A4B1,0,,tiles/pagina_27/tile_7140.png
7141,27,14,5,114256,2064D9BD,0,,tiles/pagina_27/tile_7141.png
7142,27,14,6,114272,AF530E35,0,,tiles/pagina_27/tile_7142.png
7143,27,14,7,114288,AFCD545D,0,,tiles/pagina_27/tile_7143.png
7144,27,14,8,114304,9600A343,0,4866,tiles/pagina_27/tile_7144.png
7145,27,14,9,114320,8F30110B,0,,tiles/pagina_27/tile_7145.png
7146,27,14,10,114336,BFEFF11F,0,4893,tiles/pagina_27/tile_7146.png
7147,27,14,11,114352,1BD886BD,0,,tiles/pagina_27/tile_7147.png
7148,27,14,12,114368,C9E84899,0,,tiles/pagina_27/tile_7148.png
7149,27,14,13,114384,3417CD79,0,,tiles/pagina_27/tile_7149.png
7150,27,14,14,114400,D8D23CB9,0,,tiles/pagina_27/tile_7150.png
7151,27,14,15,114416,864B409F,0,,tiles/pagina_27/tile_7151.png
7152,27,15,0,114432,CEE60921,0,632,tiles/pagina_27/tile_7152.png
7153,27,15,1,114448,C0285EB9,0,633,tiles/pagina_27/tile_7153.png
7154,27,15,2,114464,38C77781,0,634,tiles/pagina_27/tile_7154.png
7155,27,15,3,114480,671A7DD5,0,635,tiles/pagina_27/tile_7155.png
7156,27,15,4,114496,BB2DD781,0,,tiles/pagina_27/tile_7156.png
7157,27,15,5,114512,AEBE4BD1,0,,tiles/pagina_27/tile_7157.png
7158,27,15,6,114528,D75A142B,0,,tiles/pagina_27/tile_7158.png
7159,27,15,7,114544,D4CAC5BF,0,,tiles/pagina_27/tile_7159.png
7160,27,15,8,114560,3EC2313D,0,,tiles/pagina_27/tile_7160.png
7161,27,15,9,114576,F9A0021D,0,,tiles/pagina_27/tile_7161.png
7162,27,15,10,114592,FC8675C6,0,,tiles/pagina_27/tile_7162.png
7163,27,15,11,114608,F3D23A75,0,,tiles/pagina_27/tile_7163.png
7164,27,15,12,114624,E079A421,0,,tiles/pagina_27/tile_7164.png
7165,27,15,13,114640,45115B1D,0,,tiles/pagina_27/tile_7165.png
7166,27,15,14,114656,3375AA41,0,,tiles/pagina_27/tile_7166.png
7167,27,15,15,114672,9A63D207,0,,tiles/pagina_27/tile_7167.png
7168,28,0,0,114688,39011438,0,,tiles/pagina_28/tile_7168.png
7169,28,0,1,114704,FF242E98,0,,tiles/pagina_28/tile_7169.png
7170,28,0,2,114720,B530A4CF,0,,tiles/pagina_28/tile_7170.png
7171,28,0,3,114736,842C8E4D,0,,tiles/pagina_28/tile_7171.png
7172,28,0,4,114752,50FC979F,0,,tiles/pagina_28/tile_7172.png
7173,28,0,5,114768,DC7E5A1F,0,,tiles/pagina_28/tile_7173.png
7174,28,0,6,114784,A7688AAD,0,,tiles/pagina_28/tile_7174.png
7175,28,0,7,114800,2748A3BD,0,,tiles/pagina_28/tile_7175.png
7176,28,0,8,114816,2BDD87A5,0,,tiles/pagina_28/tile_7176.png
7177,28,0,9,114832,B430C705,0,,tiles/pagina_28/tile_7177.png
7178,28,0,10,114848,D36B28DB,0,,tiles/pagina_28/tile_7178.png
7179,28,0,11,114864,F237E915,0,,tiles/pagina_28/tile_7179.png
7180,28,0,12,114880,7387F881,0,1292,tiles/pagina_28/tile_7180.png
7181,28,0,13,114896,045AE88D,0,1293,tiles/pagina_28/tile_7181.png
7182,28,0,14,114912,622A913D,0,1294,tiles/pagina_28/tile_7182.png
7183,28,0,15,114928,2F0FD869,0,1295,tiles/pagina_28/tile_7183.png
7184,28,1,0,114944,ABAC6D7A,0,,tiles/pagina_28/tile_7184.png
7185,28,1,1,114960,9E416A4A,0,,tiles/pagina_28/tile_7185.png
7186,28,1,2,114976,AE5DCEBA,0,,tiles/pagina_28/tile_7186.png
7187,28,1,3,114992,30E548F1,0,,tiles/pagina_28/tile_7187.png
7188,28,1,4,115008,C311CA25,0,,tiles/pagina_28/tile_7188.png
7189,28,1,5,115024,77398CAB,0,,tiles/pagina_28/tile_7189.png
7190,28,1,6,115040,4473B789,0,1302,tiles/pagina_28/tile_7190.png
7191,28,1,7,115056,5780A700,0,1303,tiles/pagina_28/tile_7191.png
7192,28,1,8,115072,77FF24CF,0,6424,tiles/pagina_28/tile_7192.png
7193,28,1,9,115088,B1353F30,0,6425,tiles/pagina_28/tile_7193.png
7194,28,1,10,115104,CF3FBE4F,0,6426,tiles/pagina_28/tile_7194.png
7195,28,1,11,115120,8D8C1469,0,6427,tiles/pagina_28/tile_7195.png
7196,28,1,12,115136,EB7A05A1,0,1308,tiles/pagina_28/tile_7196.png
7197,28,1,13,115152,F89DFDAD,0,1309,tiles/pagina_28/tile_7197.png
7198,28,1,14,115168,42713E61,0,,tiles/pagina_28/tile_7198.png
7199,28,1,15,115184,E61A2FC1,0,,tiles/pagina_28/tile_7199.png
7200,28,2,0,115200,4E84D8FD,0,766,tiles/pagina_28/tile_7200.png
7201,28,2,1,115216,4E84D8FD,0,766,tiles/pagina_28/tile_7201.png
7202,28,2,2,115232,4E84D8FD,0,766,tiles/pagina_28/tile_7202.png
7203,28,2,3,115248,4E84D8FD,0,766,tiles/pagina_28/tile_7203.png
7204,28,2,4,115264,53EE1985,0,3407,tiles/pagina_28/tile_7204.png
7205,28,2,5,115280,53EE1985,0,3407,tiles/pagina_28/tile_7205.png
7206,28,2,6,115296,4AF64983,0,,tiles/pagina_28/tile_7206.png
7207,28,2,7,115312,3AF29577,0,,tiles/pagina_28/tile_7207.png
7208,28,2,8,115328,61049EA9,0,,tiles/pagina_28/tile_7208.png
7209,28,2,9,115344,DDFF475D,0,,tiles/pagina_28/tile_7209.png
7210,28,2,10,115360,4EE4DA4E,0,,tiles/pagina_28/tile_7210.png
7211,28,2,11,115376,1CE002D5,0,,tiles/pagina_28/tile_7211.png
7212,28,2,12,115392,E4FE58B7,0,,tiles/pagina_28/tile_7212.png
7213,28,2,13,115408,E83F3BD9,0,,tiles/pagina_28/tile_7213.png
7214,28,2,14,115424,6740CD9A,0,1326,tiles/pagina_28/tile_7214.png
7215,28,2,15,115440,0D94B2B6,0,1327,tiles/pagina_28/tile_7215.png
7216,28,3,0,115456,9FF3413D,0,1328,tiles/pagina_28/tile_7216.png
7217,28,3,1,115472,BD673185,0,1329,tiles/pagina_28/tile_7217.png
7218,28,3,2,115488,334581FF,0,1330,tiles/pagina_28/tile_7218.png
7219,28,3,3,115504,078B848B,0,1331,tiles/pagina_28/tile_7219.png
7220,28,3,4,115520,6BA2A425,0,1332,tiles/pagina_28/tile_7220.png
7221,28,3,5,115536,22B3E689,0,1333,tiles/pagina_28/tile_7221.png
7222,28,3,6,115552,F25ABAF1,0,1334,tiles/pagina_28/tile_7222.png
7223,28,3,7,115568,3B77637B,0,1335,tiles/pagina_28/tile_7223.png
7224,28,3,8,115584,0CBFC9A9,0,1336,tiles/pagina_28/tile_7224.png
7225,28,3,9,115600,1376E26D,0,1337,tiles/pagina_28/tile_7225.png
7226,28,3,10,115616,7B2A90EF,0,,tiles/pagina_28/tile_7226.png
7227,28,3,11,115632,DE4726CC,0,,tiles/pagina_28/tile_7227.png
7228,28,3,12,115648,C8911CC5,0,,tiles/pagina_28/tile_7228.png
7229,28,3,13,115664,C026E551,0,,tiles/pagina_28/tile_7229.png
7230,28,3,14,115680,4E84D8FD,0,766,tiles/pagina_28/tile_7230.png
7231,28,3,15,115696,85585A49,0,,tiles/pagina_28/tile_7231.png
7232,28,4,0,115712,6DAD4107,0,,tiles/pagina_28/tile_7232.png
7233,28,4,1,115728,FD1C305D,0,,tiles/pagina_28/tile_7233.png
7234,28,4,2,115744,6D858665,0,,tiles/pagina_28/tile_7234.png
7235,28,4,3,115760,0134844B,0,,tiles/pagina_28/tile_7235.png
7236,28,4,4,115776,F889CFED,0,,tiles/pagina_28/tile_7236.png
7237,28,4,5,115792,A958EA59,0,,tiles/pagina_28/tile_7237.png
7238,28,4,6,115808,3CA2CC4B,0,,tiles/pagina_28/tile_7238.png
7239,28,4,7,115824,3CA2CC4B,0,7238,tiles/pagina_28/tile_7239.png
7240,28,4,8,115840,11CB0F79,0,,tiles/pagina_28/tile_7240.png
7241,28,4,9,115856,4E84D8FD,0,766,tiles/pagina_28/tile_7241.png
7242,28,4,10,115872,11CB0F79,0,7240,tiles/pagina_28/tile_7242.png
7243,28,4,11,115888,4E84D8FD,0,766,tiles/pagina_28/tile_7243.png
7244,28,4,12,115904,E6FC5A65,0,,tiles/pagina_28/tile_7244.png
7245,28,4,13,115920,FB75E155,0,,tiles/pagina_28/tile_7245.png
7246,28,4,14,115936,2982D089,0,,tiles/pagina_28/tile_7246.png
7247,28,4,15,115952,B1428331,0,,tiles/pagina_28/tile_7247.png
7248,28,5,0,115968,F9BCF0C2,0,,tiles/pagina_28/tile_7248.png
7249,28,5,1,115984,16E49D6D,0,,tiles/pagina_28/tile_7249.png
7250,28,5,2,116000,501252A5,0,,tiles/pagina_28/tile_7250.png
7251,28,5,3,116016,22D6B68F,0,,tiles/pagina_28/tile_7251.png
7252,28,5,4,116032,BCF7B62A,0,,tiles/pagina_28/tile_7252.png
7253,28,5,5,116048,14E2768D,0,,tiles/pagina_28/tile_7253.png
7254,28,5,6,116064,360779F5,0,112,tiles/pagina_28/tile_7254.png
7255,28,5,7,116080,360779F5,0,112,tiles/pagina_28/tile_7255.png
7256,28,5,8,116096,4832647A,0,310,tiles/pagina_28/tile_7256.png
7257,28,5,9,116112,C715B158,0,311,tiles/pagina_28/tile_7257.png
7258,28,5,10,116128,7C8629E7,0,4058,tiles/pagina_28/tile_7258.png
7259,28,5,11,116144,BA37B52F,0,4059,tiles/pagina_28/tile_7259.png
7260,28,5,12,116160,0BFA750C,0,1372,tiles/pagina_28/tile_7260.png
7261,28,5,13,116176,DDC88C94,0,1373,tiles/pagina_28/tile_7261.png
7262,28,5,14,116192,C129867D,0,1374,tiles/pagina_28/tile_7262.png
7263,28,5,15,116208,3CE49109,0,1375,tiles/pagina_28/tile_7263.png
7264,28,6,0,116224,4D320C77,0,,tiles/pagina_28/tile_7264.png
7265,28,6,1,116240,A58C9461,0,,tiles/pagina_28/tile_7265.png
7266,28,6,2,116256,E38C4162,0,,tiles/pagina_28/tile_7266.png
7267,28,6,3,116272,229522CE,0,,tiles/pagina_28/tile_7267.png
7268,28,6,4,116288,324F1FDD,0,,tiles/pagina_28/tile_7268.png
7269,28,6,5,116304,30DDAFE4,0,,tiles/pagina_28/tile_7269.png
7270,28,6,6,116320,1CA2236D,0,,tiles/pagina_28/tile_7270.png
7271,28,6,7,116336,311EED0D,0,,tiles/pagina_28/tile_7271.png
7272,28,6,8,116352,61DF9CBF,0,1384,tiles/pagina_28/tile_7272.png
7273,28,6,9,116368,B9FC707D,0,1385,tiles/pagina_28/tile_7273.png
7274,28,6,10,116384,558CA5C4,0,1386,tiles/pagina_28/tile_7274.png
7275,28,6,11,116400,472E2C45,0,1387,tiles/pagina_28/tile_7275.png
7276,28,6,12,116416,D2867A4A,0,,tiles/pagina_28/tile_7276.png
7277,28,6,13,116432,78F68ADC,0,,tiles/pagina_28/tile_7277.png
7278,28,6,14,116448,CBD3E923,0,,tiles/pagina_28/tile_7278.png
7279,28,6,15,116464,28ED19A3,0,,tiles/pagina_28/tile_7279.png
7280,28,7,0,116480,F183626D,0,3440,tiles/pagina_28/tile_7280.png
7281,28,7,1,116496,9AD24E05,0,3441,tiles/pagina_28/tile_7281.png
7282,28,7,2,116512,69691905,1,22,tiles/pagina_28/tile_7282.png
7283,28,7,3,116528,80693B92,0,,tiles/pagina_28/tile_7283.png
7284,28,7,4,116544,EE272A55,0,,tiles/pagina_28/tile_7284.png
7285,28,7,5,116560,50DA8C0D,0,,tiles/pagina_28/tile_7285.png
7286,28,7,6,116576,EE4E37E9,0,,tiles/pagina_28/tile_7286.png
7287,28,7,7,116592,BA87FFBD,0,,tiles/pagina_28/tile_7287.png
7288,28,7,8,116608,53EE1985,0,3407,tiles/pagina_28/tile_7288.png
7289,28,7,9,116624,53EE1985,0,3407,tiles/pagina_28/tile_7289.png
7290,28,7,10,116640,53EE1985,0,3407,tiles/pagina_28/tile_7290.png
7291,28,7,11,116656,53EE1985,0,3407,tiles/pagina_28/tile_7291.png
7292,28,7,12,116672,4E84D8FD,0,766,tiles/pagina_28/tile_7292.png
7293,28,7,13,116688,6DEBB9FD,0,535,tiles/pagina_28/tile_7293.png
7294,28,7,14,116704,360779F5,0,112,tiles/pagina_28/tile_7294.png
7295,28,7,15,116720,69691905,1,22,tiles/pagina_28/tile_7295.png
7296,28,8,0,116736,1F46C4BD,0,1280,tiles/pagina_28/tile_7296.png
7297,28,8,1,116752,9952C59C,0,,tiles/pagina_28/tile_7297.png
7298,28,8,2,116768,36BE996D,0,,tiles/pagina_28/tile_7298.png
7299,28,8,3,116784,3920DDDD,0,1283,tiles/pagina_28/tile_7299.png
7300,28,8,4,116800,1E3D6E9C,0,,tiles/pagina_28/tile_7300.png
7301,28,8,5,116816,BDFB9F61,0,,tiles/pagina_28/tile_7301.png
7302,28,8,6,116832,374FCC7F,0,,tiles/pagina_28/tile_7302.png
7303,28,8,7,116848,AC2E5475,0,,tiles/pagina_28/tile_7303.png
7304,28,8,8,116864,29FA1483,0,,tiles/pagina_28/tile_7304.png
7305,28,8,9,116880,BA129745,0,,tiles/pagina_28/tile_7305.png
7306,28,8,10,116896,309BC201,0,,tiles/pagina_28/tile_7306.png
7307,28,8,11,116912,8E89D609,0,,tiles/pagina_28/tile_7307.png
7308,28,8,12,116928,7387F881,0,1292,tiles/pagina_28/tile_7308.png
7309,28,8,13,116944,045AE88D,0,1293,tiles/pagina_28/tile_7309.png
7310,28,8,14,116960,622A913D,0,1294,tiles/pagina_28/tile_7310.png
7311,28,8,15,116976,2F0FD869,0,1295,tiles/pagina_28/tile_7311.png
7312,28,9,0,116992,F01472CD,0,,tiles/pagina_28/tile_7312.png
7313,28,9,1,117008,BD9806AD,0,,tiles/pagina_28/tile_7313.png
7314,28,9,2,117024,FC6769FA,0,,tiles/pagina_28/tile_7314.png
7315,28,9,3,117040,F43D79DD,0,,tiles/pagina_28/tile_7315.png
7316,28,9,4,117056,458D4025,0,,tiles/pagina_28/tile_7316.png
7317,28,9,5,117072,CFB3B533,0,,tiles/pagina_28/tile_7317.png
7318,28,9,6,117088,D1A2110D,0,,tiles/pagina_28/tile_7318.png
7319,28,9,7,117104,01C7FAA8,0,,tiles/pagina_28/tile_7319.png
7320,28,9,8,117120,F7F7BD43,0,,tiles/pagina_28/tile_7320.png
7321,28,9,9,117136,0BD70C19,0,,tiles/pagina_28/tile_7321.png
7322,28,9,10,117152,09605AA7,0,,tiles/pagina_28/tile_7322.png
7323,28,9,11,117168,9AC824AF,0,6555,tiles/pagina_28/tile_7323.png
7324,28,9,12,117184,9E9F81D9,0,,tiles/pagina_28/tile_7324.png
7325,28,9,13,117200,1937A5B1,0,,tiles/pagina_28/tile_7325.png
7326,28,9,14,117216,BD9806AD,0,7313,tiles/pagina_28/tile_7326.png
7327,28,9,15,117232,F01472CD,0,7312,tiles/pagina_28/tile_7327.png
7328,28,10,0,117248,4E84D8FD,0,766,tiles/pagina_28/tile_7328.png
7329,28,10,1,117264,4E84D8FD,0,766,tiles/pagina_28/tile_7329.png
7330,28,10,2,117280,4E84D8FD,0,766,tiles/pagina_28/tile_7330.png
7331,28,10,3,117296,4E84D8FD,0,766,tiles/pagina_28/tile_7331.png
7332,28,10,4,117312,53EE1985,0,3407,tiles/pagina_28/tile_7332.png
7333,28,10,5,117328,53EE1985,0,3407,tiles/pagina_28/tile_7333.png
7334,28,10,6,117344,F2FC94CB,0,,tiles/pagina_28/tile_7334.png
7335,28,10,7,117360,1DC8BEB7,0,,tiles/pagina_28/tile_7335.png
7336,28,10,8,117376,F8A94AB9,0,,tiles/pagina_28/tile_7336.png
7337,28,10,9,117392,1C3B434D,0,,tiles/pagina_28/tile_7337.png
7338,28,10,10,117408,41526509,0,,tiles/pagina_28/tile_7338.png
7339,28,10,11,117424,085DAFBB,0,,tiles/pagina_28/tile_7339.png
7340,28,10,12,117440,2A383693,0,,tiles/pagina_28/tile_7340.png
7341,28,10,13,117456,39DEF691,0,,tiles/pagina_28/tile_7341.png
7342,28,10,14,117472,6740CD9A,0,1326,tiles/pagina_28/tile_7342.png
7343,28,10,15,117488,0D94B2B6,0,1327,tiles/pagina_28/tile_7343.png
7344,28,11,0,117504,9FF3413D,0,1328,tiles/pagina_28/tile_7344.png
7345,28,11,1,117520,BD673185,0,1329,tiles/pagina_28/tile_7345.png
7346,28,11,2,117536,334581FF,0,1330,tiles/pagina_28/tile_7346.png
7347,28,11,3,117552,EE9CFCBD,0,,tiles/pagina_28/tile_7347.png
7348,28,11,4,117568,20ACF2DB,0,,tiles/pagina_28/tile_7348.png
7349,28,11,5,117584,9A8D5973,0,,tiles/pagina_28/tile_7349.png
7350,28,11,6,117600,EC726CAE,0,,tiles/pagina_28/tile_7350.png
7351,28,11,7,117616,B8C9314D,0,,tiles/pagina_28/tile_7351.png
7352,28,11,8,117632,6749C161,0,,tiles/pagina_28/tile_7352.png
7353,28,11,9,117648,F6B5E4A5,0,,tiles/pagina_28/tile_7353.png
7354,28,11,10,117664,429579FA,0,,tiles/pagina_28/tile_7354.png
7355,28,11,11,117680,5ACDE856,0,,tiles/pagina_28/tile_7355.png
7356,28,11,12,117696,D9738495,0,,tiles/pagina_28/tile_7356.png
7357,28,11,13,117712,96A3BB71,0,,tiles/pagina_28/tile_7357.png
7358,28,11,14,117728,4E84D8FD,0,766,tiles/pagina_28/tile_7358.png
7359,28,11,15,117744,B1E67127,0,,tiles/pagina_28/tile_7359.png
7360,28,12,0,117760,E186FF6F,0,,tiles/pagina_28/tile_7360.png
7361,28,12,1,117776,0B1C5F55,0,,tiles/pagina_28/tile_7361.png
7362,28,12,2,117792,AE8E3770,0,,tiles/pagina_28/tile_7362.png
7363,28,12,3,117808,5A008143,0,,tiles/pagina_28/tile_7363.png
7364,28,12,4,117824,E5A4E134,0,,tiles/pagina_28/tile_7364.png
7365,28,12,5,117840,A958EA59,0,7237,tiles/pagina_28/tile_7365.png
7366,28,12,6,117856,CB2CC197,0,,tiles/pagina_28/tile_7366.png
7367,28,12,7,117872,CB2CC197,0,7366,tiles/pagina_28/tile_7367.png
7368,28,12,8,117888,D756BF23,0,,tiles/pagina_28/tile_7368.png
7369,28,12,9,117904,4E84D8FD,0,766,tiles/pagina_28/tile_7369.png
7370,28,12,10,117920,D756BF23,0,7368,tiles/pagina_28/tile_7370.png
7371,28,12,11,117936,4E84D8FD,0,766,tiles/pagina_28/tile_7371.png
7372,28,12,12,117952,0EBDFF59,0,,tiles/pagina_28/tile_7372.png
7373,28,12,13,117968,BBD401AC,0,,tiles/pagina_28/tile_7373.png
7374,28,12,14,117984,CC372BC1,0,,tiles/pagina_28/tile_7374.png
7375,28,12,15,118000,9D115B41,0,,tiles/pagina_28/tile_7375.png
7376,28,13,0,118016,5C150B2A,0,,tiles/pagina_28/tile_7376.png
7377,28,13,1,118032,6B6F68FD,0,,tiles/pagina_28/tile_7377.png
7378,28,13,2,118048,980F5CCF,0,,tiles/pagina_28/tile_7378.png
7379,28,13,3,118064,22D6B68F,0,7251,tiles/pagina_28/tile_7379.png
7380,28,13,4,118080,7A85D93A,0,,tiles/pagina_28/tile_7380.png
7381,28,13,5,118096,14E2768D,0,7253,tiles/pagina_28/tile_7381.png
7382,28,13,6,118112,360779F5,0,112,tiles/pagina_28/tile_7382.png
7383,28,13,7,118128,360779F5,0,112,tiles/pagina_28/tile_7383.png
7384,28,13,8,118144,4832647A,0,310,tiles/pagina_28/tile_7384.png
7385,28,13,9,118160,C715B158,0,311,tiles/pagina_28/tile_7385.png
7386,28,13,10,118176,7C8629E7,0,4058,tiles/pagina_28/tile_7386.png
7387,28,13,11,118192,BA37B52F,0,4059,tiles/pagina_28/tile_7387.png
7388,28,13,12,118208,0BFA750C,0,1372,tiles/pagina_28/tile_7388.png
7389,28,13,13,118224,DDC88C94,0,1373,tiles/pagina_28/tile_7389.png
7390,28,13,14,118240,C129867D,0,1374,tiles/pagina_28/tile_7390.png
7391,28,13,15,118256,3CE49109,0,1375,tiles/pagina_28/tile_7391.png
7392,28,14,0,118272,55783ADB,0,,tiles/pagina_28/tile_7392.png
7393,28,14,1,118288,E5966DB5,0,,tiles/pagina_28/tile_7393.png
7394,28,14,2,118304,3BBB05FE,0,,tiles/pagina_28/tile_7394.png
7395,28,14,3,118320,5547CB06,0,,tiles/pagina_28/tile_7395.png
7396,28,14,4,118336,63E98545,0,,tiles/pagina_28/tile_7396.png
7397,28,14,5,118352,2F4E5CB1,0,,tiles/pagina_28/tile_7397.png
7398,28,14,6,118368,D5D1CEB5,0,,tiles/pagina_28/tile_7398.png
7399,28,14,7,118384,311EED0D,0,7271,tiles/pagina_28/tile_7399.png
7400,28,14,8,118400,61DF9CBF,0,1384,tiles/pagina_28/tile_7400.png
7401,28,14,9,118416,B9FC707D,0,1385,tiles/pagina_28/tile_7401.png
7402,28,14,10,118432,558CA5C4,0,1386,tiles/pagina_28/tile_7402.png
7403,28,14,11,118448,472E2C45,0,1387,tiles/pagina_28/tile_7403.png
7404,28,14,12,118464,BE412486,0,1388,tiles/pagina_28/tile_7404.png
7405,28,14,13,118480,2D5D6340,0,1389,tiles/pagina_28/tile_7405.png
7406,28,14,14,118496,B7B5C32D,0,1390,tiles/pagina_28/tile_7406.png
7407,28,14,15,118512,16E4459D,0,1391,tiles/pagina_28/tile_7407.png
7408,28,15,0,118528,F183626D,0,3440,tiles/pagina_28/tile_7408.png
7409,28,15,1,118544,9AD24E05,0,3441,tiles/pagina_28/tile_7409.png
7410,28,15,2,118560,69691905,1,22,tiles/pagina_28/tile_7410.png
7411,28,15,3,118576,A8F5F94A,0,,tiles/pagina_28/tile_7411.png
7412,28,15,4,118592,EE272A55,0,7284,tiles/pagina_28/tile_7412.png
7413,28,15,5,118608,50DA8C0D,0,7285,tiles/pagina_28/tile_7413.png
7414,28,15,6,118624,EE4E37E9,0,7286,tiles/pagina_28/tile_7414.png
7415,28,15,7,118640,BA87FFBD,0,7287,tiles/pagina_28/tile_7415.png
7416,28,15,8,118656,53EE1985,0,3407,tiles/pagina_28/tile_7416.png
7417,28,15,9,118672,53EE1985,0,3407,tiles/pagina_28/tile_7417.png
7418,28,15,10,118688,53EE1985,0,3407,tiles/pagina_28/tile_7418.png
7419,28,15,11,118704,53EE1985,0,3407,tiles/pagina_28/tile_7419.png
7420,28,15,12,118720,4E84D8FD,0,766,tiles/pagina_28/tile_7420.png
7421,28,15,13,118736,6DEBB9FD,0,535,tiles/pagina_28/tile_7421.png
7422,28,15,14,118752,360779F5,0,112,tiles/pagina_28/tile_7422.png
7423,28,15,15,118768,69691905,1,22,tiles/pagina_28/tile_7423.png
7424,29,0,0,118784,18CFA8DE,0,,tiles/pagina_29/tile_7424.png
7425,29,0,1,118800,4595852F,0,,tiles/pagina_29/tile_7425.png
7426,29,0,2,118816,76FE25B5,0,,tiles/pagina_29/tile_7426.png
7427,29,0,3,118832,D7FFCBDD,0,,tiles/pagina_29/tile_7427.png
7428,29,0,4,118848,7169BA2A,0,,tiles/pagina_29/tile_7428.png
7429,29,0,5,118864,66999FE3,0,,tiles/pagina_29/tile_7429.png
7430,29,0,6,118880,707F1B45,0,,tiles/pagina_29/tile_7430.png
7431,29,0,7,118896,125AF389,0,,tiles/pagina_29/tile_7431.png
7432,29,0,8,118912,2BDD87A5,0,7176,tiles/pagina_29/tile_7432.png
7433,29,0,9,118928,B430C705,0,7177,tiles/pagina_29/tile_7433.png
7434,29,0,10,118944,D36B28DB,0,7178,tiles/pagina_29/tile_7434.png
7435,29,0,11,118960,F237E915,0,7179,tiles/pagina_29/tile_7435.png
7436,29,0,12,118976,7387F881,0,1292,tiles/pagina_29/tile_7436.png
7437,29,0,13,118992,045AE88D,0,1293,tiles/pagina_29/tile_7437.png
7438,29,0,14,119008,622A913D,0,1294,tiles/pagina_29/tile_7438.png
7439,29,0,15,119024,2F0FD869,0,1295,tiles/pagina_29/tile_7439.png
7440,29,1,0,119040,ABAC6D7A,0,7184,tiles/pagina_29/tile_7440.png
7441,29,1,1,119056,9E416A4A,0,7185,tiles/pagina_29/tile_7441.png
7442,29,1,2,119072,089020D2,0,,tiles/pagina_29/tile_7442.png
7443,29,1,3,119088,CCD01E81,0,,tiles/pagina_29/tile_7443.png
7444,29,1,4,119104,EAF83805,0,,tiles/pagina_29/tile_7444.png
7445,29,1,5,119120,5EE389C3,0,,tiles/pagina_29/tile_7445.png
7446,29,1,6,119136,DC7940B1,0,,tiles/pagina_29/tile_7446.png
7447,29,1,7,119152,000EE670,0,,tiles/pagina_29/tile_7447.png
7448,29,1,8,119168,5152E28F,0,3992,tiles/pagina_29/tile_7448.png
7449,29,1,9,119184,DF56754B,0,3993,tiles/pagina_29/tile_7449.png
7450,29,1,10,119200,9C047855,0,3994,tiles/pagina_29/tile_7450.png
7451,29,1,11,119216,1D0AEB9F,0,3995,tiles/pagina_29/tile_7451.png
7452,29,1,12,119232,26E43EA1,0,,tiles/pagina_29/tile_7452.png
7453,29,1,13,119248,7D0FACE9,0,,tiles/pagina_29/tile_7453.png
7454,29,1,14,119264,42713E61,0,7198,tiles/pagina_29/tile_7454.png
7455,29,1,15,119280,E61A2FC1,0,7199,tiles/pagina_29/tile_7455.png
7456,29,2,0,119296,4E84D8FD,0,766,tiles/pagina_29/tile_7456.png
7457,29,2,1,119312,4E84D8FD,0,766,tiles/pagina_29/tile_7457.png
7458,29,2,2,119328,4E84D8FD,0,766,tiles/pagina_29/tile_7458.png
7459,29,2,3,119344,4E84D8FD,0,766,tiles/pagina_29/tile_7459.png
7460,29,2,4,119360,53EE1985,0,3407,tiles/pagina_29/tile_7460.png
7461,29,2,5,119376,53EE1985,0,3407,tiles/pagina_29/tile_7461.png
7462,29,2,6,119392,EC00B064,0,,tiles/pagina_29/tile_7462.png
7463,29,2,7,119408,CEA877B2,0,,tiles/pagina_29/tile_7463.png
7464,29,2,8,119424,AF931AB5,0,,tiles/pagina_29/tile_7464.png
7465,29,2,9,119440,7515A591,0,,tiles/pagina_29/tile_7465.png
7466,29,2,10,119456,4EE4DA4E,0,7210,tiles/pagina_29/tile_7466.png
7467,29,2,11,119472,49B6F28A,0,,tiles/pagina_29/tile_7467.png
7468,29,2,12,119488,E4FE58B7,0,7212,tiles/pagina_29/tile_7468.png
7469,29,2,13,119504,23E3F301,0,,tiles/pagina_29/tile_7469.png
7470,29,2,14,119520,6740CD9A,0,1326,tiles/pagina_29/tile_7470.png
7471,29,2,15,119536,0D94B2B6,0,1327,tiles/pagina_29/tile_7471.png
7472,29,3,0,119552,9FF3413D,0,1328,tiles/pagina_29/tile_7472.png
7473,29,3,1,119568,BD673185,0,1329,tiles/pagina_29/tile_7473.png
7474,29,3,2,119584,334581FF,0,1330,tiles/pagina_29/tile_7474.png
7475,29,3,3,119600,EE9CFCBD,0,7347,tiles/pagina_29/tile_7475.png
7476,29,3,4,119616,20ACF2DB,0,7348,tiles/pagina_29/tile_7476.png
7477,29,3,5,119632,9A8D5973,0,7349,tiles/pagina_29/tile_7477.png
7478,29,3,6,119648,EC726CAE,0,7350,tiles/pagina_29/tile_7478.png
7479,29,3,7,119664,B8C9314D,0,7351,tiles/pagina_29/tile_7479.png
7480,29,3,8,119680,6749C161,0,7352,tiles/pagina_29/tile_7480.png
7481,29,3,9,119696,F6B5E4A5,0,7353,tiles/pagina_29/tile_7481.png
7482,29,3,10,119712,2E84774D,0,,tiles/pagina_29/tile_7482.png
7483,29,3,11,119728,7FE52388,0,,tiles/pagina_29/tile_7483.png
7484,29,3,12,119744,B5E3CFD5,0,,tiles/pagina_29/tile_7484.png
7485,29,3,13,119760,E7DE2229,0,,tiles/pagina_29/tile_7485.png
7486,29,3,14,119776,4E84D8FD,0,766,tiles/pagina_29/tile_7486.png
7487,29,3,15,119792,7D2ABA81,0,,tiles/pagina_29/tile_7487.png
7488,29,4,0,119808,5145ED77,0,,tiles/pagina_29/tile_7488.png
7489,29,4,1,119824,1BF08DC1,0,,tiles/pagina_29/tile_7489.png
7490,29,4,2,119840,D1F61889,0,,tiles/pagina_29/tile_7490.png
7491,29,4,3,119856,3254F713,0,,tiles/pagina_29/tile_7491.png
7492,29,4,4,119872,CCB910F3,0,,tiles/pagina_29/tile_7492.png
7493,29,4,5,119888,A958EA59,0,7237,tiles/pagina_29/tile_7493.png
7494,29,4,6,119904,9B1B7928,0,,tiles/pagina_29/tile_7494.png
7495,29,4,7,119920,9B1B7928,0,7494,tiles/pagina_29/tile_7495.png
7496,29,4,8,119936,A0470771,0,,tiles/pagina_29/tile_7496.png
7497,29,4,9,119952,4E84D8FD,0,766,tiles/pagina_29/tile_7497.png
7498,29,4,10,119968,A0470771,0,7496,tiles/pagina_29/tile_7498.png
7499,29,4,11,119984,4E84D8FD,0,766,tiles/pagina_29/tile_7499.png
7500,29,4,12,120000,5E6CBA01,0,,tiles/pagina_29/tile_7500.png
7501,29,4,13,120016,F64BFB9C,0,,tiles/pagina_29/tile_7501.png
7502,29,4,14,120032,51570279,0,,tiles/pagina_29/tile_7502.png
7503,29,4,15,120048,5F7FBA81,0,,tiles/pagina_29/tile_7503.png
7504,29,5,0,120064,9573A8E2,0,,tiles/pagina_29/tile_7504.png
7505,29,5,1,120080,C5F3B475,0,,tiles/pagina_29/tile_7505.png
7506,29,5,2,120096,AED2BFB9,0,,tiles/pagina_29/tile_7506.png
7507,29,5,3,120112,22D6B68F,0,7251,tiles/pagina_29/tile_7507.png
7508,29,5,4,120128,02661A8A,0,,tiles/pagina_29/tile_7508.png
7509,29,5,5,120144,14E2768D,0,7253,tiles/pagina_29/tile_7509.png
7510,29,5,6,120160,360779F5,0,112,tiles/pagina_29/tile_7510.png
7511,29,5,7,120176,360779F5,0,112,tiles/pagina_29/tile_7511.png
7512,29,5,8,120192,4832647A,0,310,tiles/pagina_29/tile_7512.png
7513,29,5,9,120208,C715B158,0,311,tiles/pagina_29/tile_7513.png
7514,29,5,10,120224,7C8629E7,0,4058,tiles/pagina_29/tile_7514.png
7515,29,5,11,120240,BA37B52F,0,4059,tiles/pagina_29/tile_7515.png
7516,29,5,12,120256,0BFA750C,0,1372,tiles/pagina_29/tile_7516.png
7517,29,5,13,120272,DDC88C94,0,1373,tiles/pagina_29/tile_7517.png
7518,29,5,14,120288,C129867D,0,1374,tiles/pagina_29/tile_7518.png
7519,29,5,15,120304,3CE49109,0,1375,tiles/pagina_29/tile_7519.png
7520,29,6,0,120320,6EDD5D2B,0,,tiles/pagina_29/tile_7520.png
7521,29,6,1,120336,E57676E5,0,,tiles/pagina_29/tile_7521.png
7522,29,6,2,120352,6649D7D6,0,,tiles/pagina_29/tile_7522.png
7523,29,6,3,120368,B2819782,0,,tiles/pagina_29/tile_7523.png
7524,29,6,4,120384,5DF6285D,0,,tiles/pagina_29/tile_7524.png
7525,29,6,5,120400,3025E69F,0,,tiles/pagina_29/tile_7525.png
7526,29,6,6,120416,AE2441F9,0,,tiles/pagina_29/tile_7526.png
7527,29,6,7,120432,F66A9599,0,,tiles/pagina_29/tile_7527.png
7528,29,6,8,120448,61DF9CBF,0,1384,tiles/pagina_29/tile_7528.png
7529,29,6,9,120464,B9FC707D,0,1385,tiles/pagina_29/tile_7529.png
7530,29,6,10,120480,558CA5C4,0,1386,tiles/pagina_29/tile_7530.png
7531,29,6,11,120496,472E2C45,0,1387,tiles/pagina_29/tile_7531.png
7532,29,6,12,120512,DCA54372,0,,tiles/pagina_29/tile_7532.png
7533,29,6,13,120528,78F68ADC,0,7277,tiles/pagina_29/tile_7533.png
7534,29,6,14,120544,0ED541A3,0,,tiles/pagina_29/tile_7534.png
7535,29,6,15,120560,28ED19A3,0,7279,tiles/pagina_29/tile_7535.png
7536,29,7,0,120576,F183626D,0,3440,tiles/pagina_29/tile_7536.png
7537,29,7,1,120592,9AD24E05,0,3441,tiles/pagina_29/tile_7537.png
7538,29,7,2,120608,69691905,1,22,tiles/pagina_29/tile_7538.png
7539,29,7,3,120624,EFFF7DD2,0,,tiles/pagina_29/tile_7539.png
7540,29,7,4,120640,2920F76E,0,,tiles/pagina_29/tile_7540.png
7541,29,7,5,120656,7E7B7D61,0,,tiles/pagina_29/tile_7541.png
7542,29,7,6,120672,FD073C7A,0,,tiles/pagina_29/tile_7542.png
7543,29,7,7,120688,FE02C345,0,,tiles/pagina_29/tile_7543.png
7544,29,7,8,120704,53EE1985,0,3407,tiles/pagina_29/tile_7544.png
7545,29,7,9,120720,53EE1985,0,3407,tiles/pagina_29/tile_7545.png
7546,29,7,10,120736,53EE1985,0,3407,tiles/pagina_29/tile_7546.png
7547,29,7,11,120752,53EE1985,0,3407,tiles/pagina_29/tile_7547.png
7548,29,7,12,120768,4E84D8FD,0,766,tiles/pagina_29/tile_7548.png
7549,29,7,13,120784,6DEBB9FD,0,535,tiles/pagina_29/tile_7549.png
7550,29,7,14,120800,360779F5,0,112,tiles/pagina_29/tile_7550.png
7551,29,7,15,120816,69691905,1,22,tiles/pagina_29/tile_7551.png
7552,29,8,0,120832,CB20A7B6,0,,tiles/pagina_29/tile_7552.png
7553,29,8,1,120848,63F5E753,0,,tiles/pagina_29/tile_7553.png
7554,29,8,2,120864,1E5AFA5D,0,,tiles/pagina_29/tile_7554.png
7555,29,8,3,120880,EE9F6F1B,0,,tiles/pagina_29/tile_7555.png
7556,29,8,4,120896,9D2CBE6D,0,,tiles/pagina_29/tile_7556.png
7557,29,8,5,120912,360F1F5E,0,,tiles/pagina_29/tile_7557.png
7558,29,8,6,120928,82C46463,0,,tiles/pagina_29/tile_7558.png
7559,29,8,7,120944,60A3371E,0,,tiles/pagina_29/tile_7559.png
7560,29,8,8,120960,F32C22BF,0,,tiles/pagina_29/tile_7560.png
7561,29,8,9,120976,82AB1EC0,0,,tiles/pagina_29/tile_7561.png
7562,29,8,10,120992,C086AA1B,0,,tiles/pagina_29/tile_7562.png
7563,29,8,11,121008,2B19427D,0,,tiles/pagina_29/tile_7563.png
7564,29,8,12,121024,EC00C7B1,0,,tiles/pagina_29/tile_7564.png
7565,29,8,13,121040,7FA385B1,0,,tiles/pagina_29/tile_7565.png
7566,29,8,14,121056,F7D653B7,0,,tiles/pagina_29/tile_7566.png
7567,29,8,15,121072,B67D7924,0,,tiles/pagina_29/tile_7567.png
7568,29,9,0,121088,B900D645,0,,tiles/pagina_29/tile_7568.png
7569,29,9,1,121104,506E6EC7,0,,tiles/pagina_29/tile_7569.png
7570,29,9,2,121120,69691905,1,22,tiles/pagina_29/tile_7570.png
7571,29,9,3,121136,4D298990,0,,tiles/pagina_29/tile_7571.png
7572,29,9,4,121152,0ABA422B,0,,tiles/pagina_29/tile_7572.png
7573,29,9,5,121168,5A05D351,0,,tiles/pagina_29/tile_7573.png
7574,29,9,6,121184,4DC1A075,0,,tiles/pagina_29/tile_7574.png
7575,29,9,7,121200,E39DC42A,0,,tiles/pagina_29/tile_7575.png
7576,29,9,8,121216,A054ECF1,0,,tiles/pagina_29/tile_7576.png
7577,29,9,9,121232,F3A07F55,0,,tiles/pagina_29/tile_7577.png
7578,29,9,10,121248,789809C3,0,,tiles/pagina_29/tile_7578.png
7579,29,9,11,121264,1E9C1589,0,,tiles/pagina_29/tile_7579.png
7580,29,9,12,121280,B85F64F0,0,,tiles/pagina_29/tile_7580.png
7581,29,9,13,121296,EF7B9C93,0,,tiles/pagina_29/tile_7581.png
7582,29,9,14,121312,13863DEB,0,,tiles/pagina_29/tile_7582.png
7583,29,9,15,121328,22975CDE,0,,tiles/pagina_29/tile_7583.png
7584,29,10,0,121344,CE18B430,0,,tiles/pagina_29/tile_7584.png
7585,29,10,1,121360,964E03B8,0,,tiles/pagina_29/tile_7585.png
7586,29,10,2,121376,4D248913,0,,tiles/pagina_29/tile_7586.png
7587,29,10,3,121392,CE53B8A5,0,,tiles/pagina_29/tile_7587.png
7588,29,10,4,121408,65043015,0,,tiles/pagina_29/tile_7588.png
7589,29,10,5,121424,373355A1,0,,tiles/pagina_29/tile_7589.png
7590,29,10,6,121440,A4CF8C5D,0,,tiles/pagina_29/tile_7590.png
7591,29,10,7,121456,2C4A605D,0,,tiles/pagina_29/tile_7591.png
7592,29,10,8,121472,69691905,1,22,tiles/pagina_29/tile_7592.png
7593,29,10,9,121488,F10E85C2,0,,tiles/pagina_29/tile_7593.png
7594,29,10,10,121504,48205812,0,,tiles/pagina_29/tile_7594.png
7595,29,10,11,121520,6762CACF,0,,tiles/pagina_29/tile_7595.png
7596,29,10,12,121536,76FC88A0,0,,tiles/pagina_29/tile_7596.png
7597,29,10,13,121552,E57574D1,0,,tiles/pagina_29/tile_7597.png
7598,29,10,14,121568,69691905,1,22,tiles/pagina_29/tile_7598.png
7599,29,10,15,121584,6A7329BD,0,,tiles/pagina_29/tile_7599.png
7600,29,11,0,121600,CE4C1ED5,0,,tiles/pagina_29/tile_7600.png
7601,29,11,1,121616,C34BA901,0,,tiles/pagina_29/tile_7601.png
7602,29,11,2,121632,A2381D81,0,,tiles/pagina_29/tile_7602.png
7603,29,11,3,121648,BD62916B,0,,tiles/pagina_29/tile_7603.png
7604,29,11,4,121664,2EECA80D,0,,tiles/pagina_29/tile_7604.png
7605,29,11,5,121680,3A94B25F,0,,tiles/pagina_29/tile_7605.png
7606,29,11,6,121696,C414C3C5,0,,tiles/pagina_29/tile_7606.png
7607,29,11,7,121712,0D980DF1,0,,tiles/pagina_29/tile_7607.png
7608,29,11,8,121728,651FE152,0,,tiles/pagina_29/tile_7608.png
7609,29,11,9,121744,B9F724F0,0,,tiles/pagina_29/tile_7609.png
7610,29,11,10,121760,19C71FF2,0,,tiles/pagina_29/tile_7610.png
7611,29,11,11,121776,629A6F70,0,,tiles/pagina_29/tile_7611.png
7612,29,11,12,121792,D35E3B54,0,,tiles/pagina_29/tile_7612.png
7613,29,11,13,121808,46980DE1,0,,tiles/pagina_29/tile_7613.png
7614,29,11,14,121824,4A393361,0,,tiles/pagina_29/tile_7614.png
7615,29,11,15,121840,1DD6E97D,0,,tiles/pagina_29/tile_7615.png
7616,29,12,0,121856,8FF3616D,0,,tiles/pagina_29/tile_7616.png
7617,29,12,1,121872,D2E4DCED,0,,tiles/pagina_29/tile_7617.png
7618,29,12,2,121888,629CC3A1,0,,tiles/pagina_29/tile_7618.png
7619,29,12,3,121904,0CF5258D,0,,tiles/pagina_29/tile_7619.png
7620,29,12,4,121920,7CDCD2AD,0,,tiles/pagina_29/tile_7620.png
7621,29,12,5,121936,5CA2273D,0,,tiles/pagina_29/tile_7621.png
7622,29,12,6,121952,3F2C7CC9,0,,tiles/pagina_29/tile_7622.png
7623,29,12,7,121968,238263C5,0,,tiles/pagina_29/tile_7623.png
7624,29,12,8,121984,7D515FE5,0,,tiles/pagina_29/tile_7624.png
7625,29,12,9,122000,14923D25,0,,tiles/pagina_29/tile_7625.png
7626,29,12,10,122016,763993C5,0,,tiles/pagina_29/tile_7626.png
7627,29,12,11,122032,99EB65A5,0,,tiles/pagina_29/tile_7627.png
7628,29,12,12,122048,14923D25,0,7625,tiles/pagina_29/tile_7628.png
7629,29,12,13,122064,FBBA4305,0,,tiles/pagina_29/tile_7629.png
7630,29,12,14,122080,A2B85945,0,,tiles/pagina_29/tile_7630.png
7631,29,12,15,122096,EC942CF5,0,,tiles/pagina_29/tile_7631.png
7632,29,13,0,122112,1E37B141,0,1912,tiles/pagina_29/tile_7632.png
7633,29,13,1,122128,FF88FF05,0,,tiles/pagina_29/tile_7633.png
7634,29,13,2,122144,5220BE61,0,,tiles/pagina_29/tile_7634.png
7635,29,13,3,122160,30A13845,0,1915,tiles/pagina_29/tile_7635.png
7636,29,13,4,122176,4BCEBC95,0,1916,tiles/pagina_29/tile_7636.png
7637,29,13,5,122192,DE5BC335,0,1917,tiles/pagina_29/tile_7637.png
7638,29,13,6,122208,75EB32F5,0,1873,tiles/pagina_29/tile_7638.png
7639,29,13,7,122224,11659B05,0,1879,tiles/pagina_29/tile_7639.png
7640,29,13,8,122240,14923D25,0,7625,tiles/pagina_29/tile_7640.png
7641,29,13,9,122256,8F254A45,0,,tiles/pagina_29/tile_7641.png
7642,29,13,10,122272,8749C7C5,0,,tiles/pagina_29/tile_7642.png
7643,29,13,11,122288,F2FBB249,0,,tiles/pagina_29/tile_7643.png
7644,29,13,12,122304,D3C1B389,0,6033,tiles/pagina_29/tile_7644.png
7645,29,13,13,122320,76206F29,0,,tiles/pagina_29/tile_7645.png
7646,29,13,14,122336,23AE5BE7,0,,tiles/pagina_29/tile_7646.png
7647,29,13,15,122352,A7F5E4F5,0,,tiles/pagina_29/tile_7647.png
7648,29,14,0,122368,2EE84D07,0,,tiles/pagina_29/tile_7648.png
7649,29,14,1,122384,F309C0B3,0,,tiles/pagina_29/tile_7649.png
7650,29,14,2,122400,5C728305,0,,tiles/pagina_29/tile_7650.png
7651,29,14,3,122416,FC481EF7,0,,tiles/pagina_29/tile_7651.png
7652,29,14,4,122432,E023C7F5,0,,tiles/pagina_29/tile_7652.png
7653,29,14,5,122448,3DEE683B,0,,tiles/pagina_29/tile_7653.png
7654,29,14,6,122464,AF7D562D,0,1070,tiles/pagina_29/tile_7654.png
7655,29,14,7,122480,346A271D,0,530,tiles/pagina_29/tile_7655.png
7656,29,14,8,122496,D4E993DB,0,,tiles/pagina_29/tile_7656.png
7657,29,14,9,122512,5FF813BD,0,,tiles/pagina_29/tile_7657.png
7658,29,14,10,122528,61751285,0,,tiles/pagina_29/tile_7658.png
7659,29,14,11,122544,ABAAB3F7,0,,tiles/pagina_29/tile_7659.png
7660,29,14,12,122560,912A41EA,0,,tiles/pagina_29/tile_7660.png
7661,29,14,13,122576,02E09485,0,4698,tiles/pagina_29/tile_7661.png
7662,29,14,14,122592,7D3B2C9D,0,,tiles/pagina_29/tile_7662.png
7663,29,14,15,122608,CBFDC407,0,,tiles/pagina_29/tile_7663.png
7664,29,15,0,122624,72942075,0,,tiles/pagina_29/tile_7664.png
7665,29,15,1,122640,D4521433,0,,tiles/pagina_29/tile_7665.png
7666,29,15,2,122656,729139AB,0,,tiles/pagina_29/tile_7666.png
7667,29,15,3,122672,8CB1DF3B,0,,tiles/pagina_29/tile_7667.png
7668,29,15,4,122688,04B11295,0,,tiles/pagina_29/tile_7668.png
7669,29,15,5,122704,BC83FCE1,0,,tiles/pagina_29/tile_7669.png
7670,29,15,6,122720,6DEBB9FD,0,535,tiles/pagina_29/tile_7670.png
7671,29,15,7,122736,4E84D8FD,0,766,tiles/pagina_29/tile_7671.png
7672,29,15,8,122752,51EE2CCF,0,,tiles/pagina_29/tile_7672.png
7673,29,15,9,122768,AB8AFA03,0,,tiles/pagina_29/tile_7673.png
7674,29,15,10,122784,1627E66F,0,,tiles/pagina_29/tile_7674.png
7675,29,15,11,122800,A3B2B6E7,0,,tiles/pagina_29/tile_7675.png
7676,29,15,12,122816,69691905,1,22,tiles/pagina_29/tile_7676.png
7677,29,15,13,122832,D13835A1,0,,tiles/pagina_29/tile_7677.png
7678,29,15,14,122848,4D14AD63,0,,tiles/pagina_29/tile_7678.png
7679,29,15,15,122864,AAB10F0D,0,,tiles/pagina_29/tile_7679.png
7680,30,0,0,122880,9F412294,0,538,tiles/pagina_30/tile_7680.png
7681,30,0,1,122896,F2FA6B7E,0,539,tiles/pagina_30/tile_7681.png
7682,30,0,2,122912,330E3748,0,540,tiles/pagina_30/tile_7682.png
7683,30,0,3,122928,5DF4A49F,0,541,tiles/pagina_30/tile_7683.png
7684,30,0,4,122944,9CD70156,0,616,tiles/pagina_30/tile_7684.png
7685,30,0,5,122960,E21D182E,0,617,tiles/pagina_30/tile_7685.png
7686,30,0,6,122976,5C5F083E,0,618,tiles/pagina_30/tile_7686.png
7687,30,0,7,122992,81C889FD,0,619,tiles/pagina_30/tile_7687.png
7688,30,0,8,123008,C6FACD6C,0,,tiles/pagina_30/tile_7688.png
7689,30,0,9,123024,E408DAE7,0,,tiles/pagina_30/tile_7689.png
7690,30,0,10,123040,D0CA0499,0,,tiles/pagina_30/tile_7690.png
7691,30,0,11,123056,33FA74EA,0,,tiles/pagina_30/tile_7691.png
7692,30,0,12,123072,0F5F4CE8,0,,tiles/pagina_30/tile_7692.png
7693,30,0,13,123088,FC46B0CC,0,,tiles/pagina_30/tile_7693.png
7694,30,0,14,123104,4C1FD56B,0,,tiles/pagina_30/tile_7694.png
7695,30,0,15,123120,1C418EC2,0,,tiles/pagina_30/tile_7695.png
7696,30,1,0,123136,D62C2917,0,542,tiles/pagina_30/tile_7696.png
7697,30,1,1,123152,FE5BA9B1,0,,tiles/pagina_30/tile_7697.png
7698,30,1,2,123168,81C889FD,0,619,tiles/pagina_30/tile_7698.png
7699,30,1,3,123184,B3D3C847,0,543,tiles/pagina_30/tile_7699.png
7700,30,1,4,123200,0DDDA0F7,0,620,tiles/pagina_30/tile_7700.png
7701,30,1,5,123216,BDD74CA5,0,1036,tiles/pagina_30/tile_7701.png
7702,30,1,6,123232,066A9EF9,0,1037,tiles/pagina_30/tile_7702.png
7703,30,1,7,123248,DFB69C49,0,621,tiles/pagina_30/tile_7703.png
7704,30,1,8,123264,672EE21B,0,,tiles/pagina_30/tile_7704.png
7705,30,1,9,123280,E0CCCF91,0,,tiles/pagina_30/tile_7705.png
7706,30,1,10,123296,D26F6812,0,,tiles/pagina_30/tile_7706.png
7707,30,1,11,123312,DE37B927,0,,tiles/pagina_30/tile_7707.png
7708,30,1,12,123328,1B73C417,0,,tiles/pagina_30/tile_7708.png
7709,30,1,13,123344,F3578525,0,,tiles/pagina_30/tile_7709.png
7710,30,1,14,123360,0861871C,0,,tiles/pagina_30/tile_7710.png
7711,30,1,15,123376,A6A371DE,0,,tiles/pagina_30/tile_7711.png
7712,30,2,0,123392,E2D303B7,0,622,tiles/pagina_30/tile_7712.png
7713,30,2,1,123408,02BE8A37,0,527,tiles/pagina_30/tile_7713.png
7714,30,2,2,123424,CC1A2E75,0,,tiles/pagina_30/tile_7714.png
7715,30,2,3,123440,9C696F3F,0,623,tiles/pagina_30/tile_7715.png
7716,30,2,4,123456,0D0F7195,0,,tiles/pagina_30/tile_7716.png
7717,30,2,5,123472,39B46C8D,0,,tiles/pagina_30/tile_7717.png
7718,30,2,6,123488,6AF0FF5E,0,,tiles/pagina_30/tile_7718.png
7719,30,2,7,123504,0B627C4D,0,,tiles/pagina_30/tile_7719.png
7720,30,2,8,123520,92CBC912,0,,tiles/pagina_30/tile_7720.png
7721,30,2,9,123536,B288F357,0,,tiles/pagina_30/tile_7721.png
7722,30,2,10,123552,9E91E615,0,,tiles/pagina_30/tile_7722.png
7723,30,2,11,123568,55864D3C,0,,tiles/pagina_30/tile_7723.png
7724,30,2,12,123584,12CF18E9,0,,tiles/pagina_30/tile_7724.png
7725,30,2,13,123600,317CAFBC,0,,tiles/pagina_30/tile_7725.png
7726,30,2,14,123616,2FC398CD,0,,tiles/pagina_30/tile_7726.png
7727,30,2,15,123632,58CA1AF8,0,,tiles/pagina_30/tile_7727.png
7728,30,3,0,123648,4BF16089,0,,tiles/pagina_30/tile_7728.png
7729,30,3,1,123664,519BA826,0,,tiles/pagina_30/tile_7729.png
7730,30,3,2,123680,EEEF8ED6,0,,tiles/pagina_30/tile_7730.png
7731,30,3,3,123696,0DE19EAC,0,,tiles/pagina_30/tile_7731.png
7732,30,3,4,123712,F84F4DB1,0,,tiles/pagina_30/tile_7732.png
7733,30,3,5,123728,741C6B77,0,,tiles/pagina_30/tile_7733.png
7734,30,3,6,123744,27F866ED,0,,tiles/pagina_30/tile_7734.png
7735,30,3,7,123760,56D7309D,0,,tiles/pagina_30/tile_7735.png
7736,30,3,8,123776,D312D11A,0,,tiles/pagina_30/tile_7736.png
7737,30,3,9,123792,73B993CF,0,,tiles/pagina_30/tile_7737.png
7738,30,3,10,123808,69691905,1,22,tiles/pagina_30/tile_7738.png
7739,30,3,11,123824,BD5C4A5C,0,836,tiles/pagina_30/tile_7739.png
7740,30,3,12,123840,9D9574FD,0,838,tiles/pagina_30/tile_7740.png
7741,30,3,13,123856,484ECD6E,0,840,tiles/pagina_30/tile_7741.png
7742,30,3,14,123872,7F37AC97,0,842,tiles/pagina_30/tile_7742.png
7743,30,3,15,123888,126ADABF,0,,tiles/pagina_30/tile_7743.png
7744,30,4,0,123904,07A3BD29,0,,tiles/pagina_30/tile_7744.png
7745,30,4,1,123920,CE783124,0,,tiles/pagina_30/tile_7745.png
7746,30,4,2,123936,7FF4450D,0,,tiles/pagina_30/tile_7746.png
7747,30,4,3,123952,3D43AD8D,0,,tiles/pagina_30/tile_7747.png
7748,30,4,4,123968,9940DDF9,0,,tiles/pagina_30/tile_7748.png
7749,30,4,5,123984,2D243679,0,,tiles/pagina_30/tile_7749.png
7750,30,4,6,124000,A26CAD20,0,,tiles/pagina_30/tile_7750.png
7751,30,4,7,124016,EB39EA8D,0,,tiles/pagina_30/tile_7751.png
7752,30,4,8,124032,3B2BBD5E,0,,tiles/pagina_30/tile_7752.png
7753,30,4,9,124048,2E8335C5,0,,tiles/pagina_30/tile_7753.png
7754,30,4,10,124064,A3D8AB65,0,,tiles/pagina_30/tile_7754.png
7755,30,4,11,124080,2ECA7F9E,0,837,tiles/pagina_30/tile_7755.png
7756,30,4,12,124096,DBEC038F,0,839,tiles/pagina_30/tile_7756.png
7757,30,4,13,124112,2B95DF10,0,841,tiles/pagina_30/tile_7757.png
7758,30,4,14,124128,6E98FA53,0,843,tiles/pagina_30/tile_7758.png
7759,30,4,15,124144,45DE4525,0,,tiles/pagina_30/tile_7759.png
7760,30,5,0,124160,4327AE3D,0,,tiles/pagina_30/tile_7760.png
7761,30,5,1,124176,99ED0479,0,,tiles/pagina_30/tile_7761.png
7762,30,5,2,124192,09A71710,0,,tiles/pagina_30/tile_7762.png
7763,30,5,3,124208,AEEC5032,0,,tiles/pagina_30/tile_7763.png
7764,30,5,4,124224,4924C84D,0,,tiles/pagina_30/tile_7764.png
7765,30,5,5,124240,889D961A,0,,tiles/pagina_30/tile_7765.png
7766,30,5,6,124256,5CD3CCBF,0,,tiles/pagina_30/tile_7766.png
7767,30,5,7,124272,84CE1C2D,0,,tiles/pagina_30/tile_7767.png
7768,30,5,8,124288,AEFF2226,0,,tiles/pagina_30/tile_7768.png
7769,30,5,9,124304,FFF93BA5,0,,tiles/pagina_30/tile_7769.png
7770,30,5,10,124320,685D9155,0,,tiles/pagina_30/tile_7770.png
7771,30,5,11,124336,278F82FF,0,782,tiles/pagina_30/tile_7771.png
7772,30,5,12,124352,69691905,1,22,tiles/pagina_30/tile_7772.png
7773,30,5,13,124368,6DEBB9FD,0,535,tiles/pagina_30/tile_7773.png
7774,30,5,14,124384,360779F5,0,112,tiles/pagina_30/tile_7774.png
7775,30,5,15,124400,4E84D8FD,0,766,tiles/pagina_30/tile_7775.png
7776,30,6,0,124416,3AD72209,0,,tiles/pagina_30/tile_7776.png
7777,30,6,1,124432,5467ED15,0,,tiles/pagina_30/tile_7777.png
7778,30,6,2,124448,F2C2E185,0,,tiles/pagina_30/tile_7778.png
7779,30,6,3,124464,9DD4C2E5,0,,tiles/pagina_30/tile_7779.png
7780,30,6,4,124480,272BB46D,0,,tiles/pagina_30/tile_7780.png
7781,30,6,5,124496,75EB32F5,0,1873,tiles/pagina_30/tile_7781.png
7782,30,6,6,124512,D1FF0385,0,,tiles/pagina_30/tile_7782.png
7783,30,6,7,124528,642E45E9,0,,tiles/pagina_30/tile_7783.png
7784,30,6,8,124544,5732F5D5,0,,tiles/pagina_30/tile_7784.png
7785,30,6,9,124560,7829EAB9,0,,tiles/pagina_30/tile_7785.png
7786,30,6,10,124576,21FAD265,0,,tiles/pagina_30/tile_7786.png
7787,30,6,11,124592,D8F02421,0,783,tiles/pagina_30/tile_7787.png
7788,30,6,12,124608,14315ACF,0,,tiles/pagina_30/tile_7788.png
7789,30,6,13,124624,FF1E8031,0,,tiles/pagina_30/tile_7789.png
7790,30,6,14,124640,95D0B5CD,0,,tiles/pagina_30/tile_7790.png
7791,30,6,15,124656,20FDF681,0,,tiles/pagina_30/tile_7791.png
7792,30,7,0,124672,7BA42E4D,0,,tiles/pagina_30/tile_7792.png
7793,30,7,1,124688,3BF5E6BA,0,,tiles/pagina_30/tile_7793.png
7794,30,7,2,124704,848FC32E,0,,tiles/pagina_30/tile_7794.png
7795,30,7,3,124720,7A9B3C31,0,,tiles/pagina_30/tile_7795.png
7796,30,7,4,124736,2032675D,0,,tiles/pagina_30/tile_7796.png
7797,30,7,5,124752,79F61E2D,0,,tiles/pagina_30/tile_7797.png
7798,30,7,6,124768,9301AF35,0,,tiles/pagina_30/tile_7798.png
7799,30,7,7,124784,BB5E9148,0,,tiles/pagina_30/tile_7799.png
7800,30,7,8,124800,EEEF8ED6,0,7730,tiles/pagina_30/tile_7800.png
7801,30,7,9,124816,69691905,1,22,tiles/pagina_30/tile_7801.png
7802,30,7,10,124832,69691905,1,22,tiles/pagina_30/tile_7802.png
7803,30,7,11,124848,69691905,1,22,tiles/pagina_30/tile_7803.png
7804,30,7,12,124864,69691905,1,22,tiles/pagina_30/tile_7804.png
7805,30,7,13,124880,42C2061D,0,,tiles/pagina_30/tile_7805.png
7806,30,7,14,124896,47570FE1,0,,tiles/pagina_30/tile_7806.png
7807,30,7,15,124912,085102DD,0,,tiles/pagina_30/tile_7807.png
7808,30,8,0,124928,093214DD,0,,tiles/pagina_30/tile_7808.png
7809,30,8,1,124944,6DEBB9FD,0,535,tiles/pagina_30/tile_7809.png
7810,30,8,2,124960,3A593E1D,0,,tiles/pagina_30/tile_7810.png
7811,30,8,3,124976,A294E73D,0,,tiles/pagina_30/tile_7811.png
7812,30,8,4,124992,E84E923D,0,,tiles/pagina_30/tile_7812.png
7813,30,8,5,125008,ED5855ED,0,,tiles/pagina_30/tile_7813.png
7814,30,8,6,125024,48D277D4,0,,tiles/pagina_30/tile_7814.png
7815,30,8,7,125040,2043658D,0,,tiles/pagina_30/tile_7815.png
7816,30,8,8,125056,AEC7EB7D,0,3364,tiles/pagina_30/tile_7816.png
7817,30,8,9,125072,CDAEC5B6,0,,tiles/pagina_30/tile_7817.png
7818,30,8,10,125088,1FA69C7E,0,,tiles/pagina_30/tile_7818.png
7819,30,8,11,125104,8B20B8AF,0,,tiles/pagina_30/tile_7819.png
7820,30,8,12,125120,69691905,1,22,tiles/pagina_30/tile_7820.png
7821,30,8,13,125136,A073315D,0,,tiles/pagina_30/tile_7821.png
7822,30,8,14,125152,55CBD8C5,0,,tiles/pagina_30/tile_7822.png
7823,30,8,15,125168,A0869EFD,0,,tiles/pagina_30/tile_7823.png
7824,30,9,0,125184,125402BD,0,,tiles/pagina_30/tile_7824.png
7825,30,9,1,125200,A95B0F8D,0,,tiles/pagina_30/tile_7825.png
7826,30,9,2,125216,D9895D2D,0,,tiles/pagina_30/tile_7826.png
7827,30,9,3,125232,9DB9121D,0,,tiles/pagina_30/tile_7827.png
7828,30,9,4,125248,07EDAEDD,0,,tiles/pagina_30/tile_7828.png
7829,30,9,5,125264,5011C72D,0,,tiles/pagina_30/tile_7829.png
7830,30,9,6,125280,2713E995,0,,tiles/pagina_30/tile_7830.png
7831,30,9,7,125296,B5197E47,0,,tiles/pagina_30/tile_7831.png
7832,30,9,8,125312,532864FD,0,,tiles/pagina_30/tile_7832.png
7833,30,9,9,125328,9222537D,0,,tiles/pagina_30/tile_7833.png
7834,30,9,10,125344,1757D8F5,0,,tiles/pagina_30/tile_7834.png
7835,30,9,11,125360,4CFEA863,0,,tiles/pagina_30/tile_7835.png
7836,30,9,12,125376,06CFEAD5,0,,tiles/pagina_30/tile_7836.png
7837,30,9,13,125392,87A7C29D,0,,tiles/pagina_30/tile_7837.png
7838,30,9,14,125408,D11D5DA5,0,,tiles/pagina_30/tile_7838.png
7839,30,9,15,125424,7E529D9D,0,,tiles/pagina_30/tile_7839.png
7840,30,10,0,125440,751F59ED,0,,tiles/pagina_30/tile_7840.png
7841,30,10,1,125456,C68DBB75,0,,tiles/pagina_30/tile_7841.png
7842,30,10,2,125472,E5071DCA,0,,tiles/pagina_30/tile_7842.png
7843,30,10,3,125488,21D13895,0,,tiles/pagina_30/tile_7843.png
7844,30,10,4,125504,0576164D,0,,tiles/pagina_30/tile_7844.png
7845,30,10,5,125520,E907D156,0,,tiles/pagina_30/tile_7845.png
7846,30,10,6,125536,E2060F7B,0,,tiles/pagina_30/tile_7846.png
7847,30,10,7,125552,552D6193,0,,tiles/pagina_30/tile_7847.png
7848,30,10,8,125568,41E17FD2,0,,tiles/pagina_30/tile_7848.png
7849,30,10,9,125584,C11C5F86,0,,tiles/pagina_30/tile_7849.png
7850,30,10,10,125600,CDFD3119,0,,tiles/pagina_30/tile_7850.png
7851,30,10,11,125616,8BE7A721,0,,tiles/pagina_30/tile_7851.png
7852,30,10,12,125632,8E4D3989,0,,tiles/pagina_30/tile_7852.png
7853,30,10,13,125648,C6F87035,0,,tiles/pagina_30/tile_7853.png
7854,30,10,14,125664,9F8CC1AA,0,,tiles/pagina_30/tile_7854.png
7855,30,10,15,125680,0BC0B7CD,0,,tiles/pagina_30/tile_7855.png
7856,30,11,0,125696,69691905,1,22,tiles/pagina_30/tile_7856.png
7857,30,11,1,125712,9C5730F5,0,,tiles/pagina_30/tile_7857.png
7858,30,11,2,125728,8E514805,0,,tiles/pagina_30/tile_7858.png
7859,30,11,3,125744,71D78A31,0,,tiles/pagina_30/tile_7859.png
7860,30,11,4,125760,381B8545,0,,tiles/pagina_30/tile_7860.png
7861,30,11,5,125776,471693C5,0,,tiles/pagina_30/tile_7861.png
7862,30,11,6,125792,237B5295,0,,tiles/pagina_30/tile_7862.png
7863,30,11,7,125808,1EB4D615,0,,tiles/pagina_30/tile_7863.png
7864,30,11,8,125824,28082D4D,0,,tiles/pagina_30/tile_7864.png
7865,30,11,9,125840,C4009BA5,0,,tiles/pagina_30/tile_7865.png
7866,30,11,10,125856,82985B51,0,,tiles/pagina_30/tile_7866.png
7867,30,11,11,125872,970E4885,0,,tiles/pagina_30/tile_7867.png
7868,30,11,12,125888,FC741085,0,,tiles/pagina_30/tile_7868.png
7869,30,11,13,125904,69691905,1,22,tiles/pagina_30/tile_7869.png
7870,30,11,14,125920,360779F5,0,112,tiles/pagina_30/tile_7870.png
7871,30,11,15,125936,5C4B36E1,0,,tiles/pagina_30/tile_7871.png
7872,30,12,0,125952,123F4C02,0,,tiles/pagina_30/tile_7872.png
7873,30,12,1,125968,C9E566C5,0,,tiles/pagina_30/tile_7873.png
7874,30,12,2,125984,69691905,1,22,tiles/pagina_30/tile_7874.png
7875,30,12,3,126000,D588E8C0,0,,tiles/pagina_30/tile_7875.png
7876,30,12,4,126016,7CC987CB,0,,tiles/pagina_30/tile_7876.png
7877,30,12,5,126032,69691905,1,22,tiles/pagina_30/tile_7877.png
7878,30,12,6,126048,34CBDDF5,0,,tiles/pagina_30/tile_7878.png
7879,30,12,7,126064,A87A7531,0,,tiles/pagina_30/tile_7879.png
7880,30,12,8,126080,F6216689,0,,tiles/pagina_30/tile_7880.png
7881,30,12,9,126096,0B80A11B,0,,tiles/pagina_30/tile_7881.png
7882,30,12,10,126112,346A271D,0,530,tiles/pagina_30/tile_7882.png
7883,30,12,11,126128,1FA69C7E,0,7818,tiles/pagina_30/tile_7883.png
7884,30,12,12,126144,D05EA309,0,,tiles/pagina_30/tile_7884.png
7885,30,12,13,126160,69691905,1,22,tiles/pagina_30/tile_7885.png
7886,30,12,14,126176,97958446,0,,tiles/pagina_30/tile_7886.png
7887,30,12,15,126192,599B0285,0,,tiles/pagina_30/tile_7887.png
7888,30,13,0,126208,369DF08D,0,,tiles/pagina_30/tile_7888.png
7889,30,13,1,126224,F2E7E3D5,0,,tiles/pagina_30/tile_7889.png
7890,30,13,2,126240,E1D3042F,0,,tiles/pagina_30/tile_7890.png
7891,30,13,3,126256,F4C57299,0,,tiles/pagina_30/tile_7891.png
7892,30,13,4,126272,C228040A,0,,tiles/pagina_30/tile_7892.png
7893,30,13,5,126288,EA3C15C5,0,,tiles/pagina_30/tile_7893.png
7894,30,13,6,126304,37D41FE6,0,,tiles/pagina_30/tile_7894.png
7895,30,13,7,126320,75667B25,0,,tiles/pagina_30/tile_7895.png
7896,30,13,8,126336,9465335D,0,,tiles/pagina_30/tile_7896.png
7897,30,13,9,126352,E9333921,0,,tiles/pagina_30/tile_7897.png
7898,30,13,10,126368,3DF0F13D,0,,tiles/pagina_30/tile_7898.png
7899,30,13,11,126384,94C3517D,0,,tiles/pagina_30/tile_7899.png
7900,30,13,12,126400,66F3755D,0,,tiles/pagina_30/tile_7900.png
7901,30,13,13,126416,AFC98F85,0,,tiles/pagina_30/tile_7901.png
7902,30,13,14,126432,7BE37637,0,,tiles/pagina_30/tile_7902.png
7903,30,13,15,126448,9C87AE45,0,,tiles/pagina_30/tile_7903.png
7904,30,14,0,126464,AA50DC9D,0,,tiles/pagina_30/tile_7904.png
7905,30,14,1,126480,89139DD8,0,,tiles/pagina_30/tile_7905.png
7906,30,14,2,126496,3EF4711D,0,,tiles/pagina_30/tile_7906.png
7907,30,14,3,126512,E190C0FD,0,,tiles/pagina_30/tile_7907.png
7908,30,14,4,126528,A6882B97,0,,tiles/pagina_30/tile_7908.png
7909,30,14,5,126544,4374FF61,0,,tiles/pagina_30/tile_7909.png
7910,30,14,6,126560,AF7D562D,0,1070,tiles/pagina_30/tile_7910.png
7911,30,14,7,126576,346A271D,0,530,tiles/pagina_30/tile_7911.png
7912,30,14,8,126592,26534F85,0,,tiles/pagina_30/tile_7912.png
7913,30,14,9,126608,0306988B,0,,tiles/pagina_30/tile_7913.png
7914,30,14,10,126624,66EFFBAB,0,,tiles/pagina_30/tile_7914.png
7915,30,14,11,126640,47A2F9FD,0,,tiles/pagina_30/tile_7915.png
7916,30,14,12,126656,4E12DA9A,0,,tiles/pagina_30/tile_7916.png
7917,30,14,13,126672,9C87AE45,0,7903,tiles/pagina_30/tile_7917.png
7918,30,14,14,126688,297A803A,0,,tiles/pagina_30/tile_7918.png
7919,30,14,15,126704,24C76845,0,,tiles/pagina_30/tile_7919.png
7920,30,15,0,126720,6D7149D6,0,,tiles/pagina_30/tile_7920.png
7921,30,15,1,126736,CE3B891A,0,,tiles/pagina_30/tile_7921.png
7922,30,15,2,126752,398E3D57,0,,tiles/pagina_30/tile_7922.png
7923,30,15,3,126768,2865E235,0,,tiles/pagina_30/tile_7923.png
7924,30,15,4,126784,B0BD479B,0,,tiles/pagina_30/tile_7924.png
7925,30,15,5,126800,397B7FC1,0,,tiles/pagina_30/tile_7925.png
7926,30,15,6,126816,6DEBB9FD,0,535,tiles/pagina_30/tile_7926.png
7927,30,15,7,126832,4E84D8FD,0,766,tiles/pagina_30/tile_7927.png
7928,30,15,8,126848,69691905,1,22,tiles/pagina_30/tile_7928.png
7929,30,15,9,126864,87D36DFD,0,,tiles/pagina_30/tile_7929.png
7930,30,15,10,126880,A5A1813A,0,,tiles/pagina_30/tile_7930.png
7931,30,15,11,126896,57B315FD,0,,tiles/pagina_30/tile_7931.png
7932,30,15,12,126912,4E84D8FD,0,766,tiles/pagina_30/tile_7932.png
7933,30,15,13,126928,271C2B0A,0,,tiles/pagina_30/tile_7933.png
7934,30,15,14,126944,2291DEC5,0,,tiles/pagina_30/tile_7934.png
7935,30,15,15,126960,B7E520AD,0,,tiles/pagina_30/tile_7935.png
7936,31,0,0,126976,83621425,0,,tiles/pagina_31/tile_7936.png
7937,31,0,1,126992,EDE39A25,0,,tiles/pagina_31/tile_7937.png
7938,31,0,2,127008,18720E11,0,,tiles/pagina_31/tile_7938.png
7939,31,0,3,127024,F66078E5,0,,tiles/pagina_31/tile_7939.png
7940,31,0,4,127040,FA8833AD,0,,tiles/pagina_31/tile_7940.png
7941,31,0,5,127056,E6152175,0,,tiles/pagina_31/tile_7941.png
7942,31,0,6,127072,896B7DA5,0,,tiles/pagina_31/tile_7942.png
7943,31,0,7,127088,2F1B4165,0,,tiles/pagina_31/tile_7943.png
7944,31,0,8,127104,BE59ED52,0,,tiles/pagina_31/tile_7944.png
7945,31,0,9,127120,31A2A08D,0,,tiles/pagina_31/tile_7945.png
7946,31,0,10,127136,4CC05883,0,,tiles/pagina_31/tile_7946.png
7947,31,0,11,127152,AFF0C0FF,0,,tiles/pagina_31/tile_7947.png
7948,31,0,12,127168,EB2BC861,0,,tiles/pagina_31/tile_7948.png
7949,31,0,13,127184,15A60DA1,0,,tiles/pagina_31/tile_7949.png
7950,31,0,14,127200,C1824625,0,,tiles/pagina_31/tile_7950.png
7951,31,0,15,127216,F4DD3D41,0,,tiles/pagina_31/tile_7951.png
7952,31,1,0,127232,AB969735,0,,tiles/pagina_31/tile_7952.png
7953,31,1,1,127248,ABCF251A,0,,tiles/pagina_31/tile_7953.png
7954,31,1,2,127264,A082055A,0,,tiles/pagina_31/tile_7954.png
7955,31,1,3,127280,35CF1F6B,0,,tiles/pagina_31/tile_7955.png
7956,31,1,4,127296,6BB48271,0,,tiles/pagina_31/tile_7956.png
7957,31,1,5,127312,BDD74CA5,0,1036,tiles/pagina_31/tile_7957.png
7958,31,1,6,127328,066A9EF9,0,1037,tiles/pagina_31/tile_7958.png
7959,31,1,7,127344,B6A7CAF8,0,,tiles/pagina_31/tile_7959.png
7960,31,1,8,127360,AF8B32A3,0,,tiles/pagina_31/tile_7960.png
7961,31,1,9,127376,6EF83CC5,0,,tiles/pagina_31/tile_7961.png
7962,31,1,10,127392,EB957216,0,,tiles/pagina_31/tile_7962.png
7963,31,1,11,127408,309D67E0,0,,tiles/pagina_31/tile_7963.png
7964,31,1,12,127424,17FB4E03,0,,tiles/pagina_31/tile_7964.png
7965,31,1,13,127440,DAD286B3,0,,tiles/pagina_31/tile_7965.png
7966,31,1,14,127456,88CC3389,0,,tiles/pagina_31/tile_7966.png
7967,31,1,15,127472,7C9E984B,0,,tiles/pagina_31/tile_7967.png
7968,31,2,0,127488,7988F634,0,,tiles/pagina_31/tile_7968.png
7969,31,2,1,127504,8E78429D,0,,tiles/pagina_31/tile_7969.png
7970,31,2,2,127520,E45DF858,0,,tiles/pagina_31/tile_7970.png
7971,31,2,3,127536,599475AC,0,,tiles/pagina_31/tile_7971.png
7972,31,2,4,127552,4E84D8FD,0,766,tiles/pagina_31/tile_7972.png
7973,31,2,5,127568,F69AF6B1,0,,tiles/pagina_31/tile_7973.png
7974,31,2,6,127584,E014D7DC,0,,tiles/pagina_31/tile_7974.png
7975,31,2,7,127600,C2CA0D20,0,,tiles/pagina_31/tile_7975.png
7976,31,2,8,127616,13728A35,0,,tiles/pagina_31/tile_7976.png
7977,31,2,9,127632,156BD925,0,,tiles/pagina_31/tile_7977.png
7978,31,2,10,127648,69691905,1,22,tiles/pagina_31/tile_7978.png
7979,31,2,11,127664,C139A439,0,,tiles/pagina_31/tile_7979.png
7980,31,2,12,127680,8751186D,0,,tiles/pagina_31/tile_7980.png
7981,31,2,13,127696,B762AB77,0,,tiles/pagina_31/tile_7981.png
7982,31,2,14,127712,5ED13685,0,,tiles/pagina_31/tile_7982.png
7983,31,2,15,127728,8824B4C5,0,,tiles/pagina_31/tile_7983.png
7984,31,3,0,127744,496C41C6,0,,tiles/pagina_31/tile_7984.png
7985,31,3,1,127760,BBB2BDE5,0,,tiles/pagina_31/tile_7985.png
7986,31,3,2,127776,6BC89B37,0,,tiles/pagina_31/tile_7986.png
7987,31,3,3,127792,68037BC3,0,,tiles/pagina_31/tile_7987.png
7988,31,3,4,127808,616406FD,0,,tiles/pagina_31/tile_7988.png
7989,31,3,5,127824,92F89BB1,0,,tiles/pagina_31/tile_7989.png
7990,31,3,6,127840,D8D68851,0,,tiles/pagina_31/tile_7990.png
7991,31,3,7,127856,D9454B71,0,,tiles/pagina_31/tile_7991.png
7992,31,3,8,127872,3120AB10,0,,tiles/pagina_31/tile_7992.png
7993,31,3,9,127888,3111F5A9,0,,tiles/pagina_31/tile_7993.png
7994,31,3,10,127904,B0C06E20,0,,tiles/pagina_31/tile_7994.png
7995,31,3,11,127920,1A7C4471,0,,tiles/pagina_31/tile_7995.png
7996,31,3,12,127936,7876A7C1,0,,tiles/pagina_31/tile_7996.png
7997,31,3,13,127952,8B0C4C65,0,,tiles/pagina_31/tile_7997.png
7998,31,3,14,127968,239CB8BF,0,,tiles/pagina_31/tile_7998.png
7999,31,3,15,127984,29770D61,0,,tiles/pagina_31/tile_7999.png
8000,31,4,0,128000,A62AB115,0,,tiles/pagina_31/tile_8000.png
8001,31,4,1,128016,DB8BC5AC,0,,tiles/pagina_31/tile_8001.png
8002,31,4,2,128032,95FB00BD,0,,tiles/pagina_31/tile_8002.png
8003,31,4,3,128048,5E14D3BD,0,3020,tiles/pagina_31/tile_8003.png
8004,31,4,4,128064,C0006DAB,0,,tiles/pagina_31/tile_8004.png
8005,31,4,5,128080,CC0EDDA1,0,,tiles/pagina_31/tile_8005.png
8006,31,4,6,128096,838FA9CC,0,,tiles/pagina_31/tile_8006.png
8007,31,4,7,128112,73D8C591,0,,tiles/pagina_31/tile_8007.png
8008,31,4,8,128128,E6C6E5B8,0,,tiles/pagina_31/tile_8008.png
8009,31,4,9,128144,24B223B1,0,,tiles/pagina_31/tile_8009.png
8010,31,4,10,128160,09FBFE7A,0,,tiles/pagina_31/tile_8010.png
8011,31,4,11,128176,B647C54E,0,,tiles/pagina_31/tile_8011.png
8012,31,4,12,128192,8E97EF68,0,,tiles/pagina_31/tile_8012.png
8013,31,4,13,128208,6611ED71,0,,tiles/pagina_31/tile_8013.png
8014,31,4,14,128224,4F5CC059,0,,tiles/pagina_31/tile_8014.png
8015,31,4,15,128240,C6F44F24,0,,tiles/pagina_31/tile_8015.png
8016,31,5,0,128256,FEC8766A,0,,tiles/pagina_31/tile_8016.png
8017,31,5,1,128272,912A41EA,0,7660,tiles/pagina_31/tile_8017.png
8018,31,5,2,128288,11D97D43,0,,tiles/pagina_31/tile_8018.png
8019,31,5,3,128304,8464F30D,0,,tiles/pagina_31/tile_8019.png
8020,31,5,4,128320,1BE4B967,0,,tiles/pagina_31/tile_8020.png
8021,31,5,5,128336,360779F5,0,112,tiles/pagina_31/tile_8021.png
8022,31,5,6,128352,C36D3E21,0,2618,tiles/pagina_31/tile_8022.png
8023,31,5,7,128368,62CB75F9,0,2655,tiles/pagina_31/tile_8023.png
8024,31,5,8,128384,4BDCC481,0,,tiles/pagina_31/tile_8024.png
8025,31,5,9,128400,2D86523D,0,,tiles/pagina_31/tile_8025.png
8026,31,5,10,128416,5CB31519,0,,tiles/pagina_31/tile_8026.png
8027,31,5,11,128432,4E84D8FD,0,766,tiles/pagina_31/tile_8027.png
8028,31,5,12,128448,360779F5,0,112,tiles/pagina_31/tile_8028.png
8029,31,5,13,128464,6DEBB9FD,0,535,tiles/pagina_31/tile_8029.png
8030,31,5,14,128480,360779F5,0,112,tiles/pagina_31/tile_8030.png
8031,31,5,15,128496,4E84D8FD,0,766,tiles/pagina_31/tile_8031.png
8032,31,6,0,128512,132F4641,0,,tiles/pagina_31/tile_8032.png
8033,31,6,1,128528,DF6C3799,0,,tiles/pagina_31/tile_8033.png
8034,31,6,2,128544,0CA9A7DD,0,,tiles/pagina_31/tile_8034.png
8035,31,6,3,128560,720A2725,0,,tiles/pagina_31/tile_8035.png
8036,31,6,4,128576,C6E502D7,0,,tiles/pagina_31/tile_8036.png
8037,31,6,5,128592,36404E21,0,,tiles/pagina_31/tile_8037.png
8038,31,6,6,128608,4EF9FB91,0,,tiles/pagina_31/tile_8038.png
8039,31,6,7,128624,7F946F27,0,,tiles/pagina_31/tile_8039.png
8040,31,6,8,128640,DFA8189C,0,,tiles/pagina_31/tile_8040.png
8041,31,6,9,128656,33EC5FBE,0,,tiles/pagina_31/tile_8041.png
8042,31,6,10,128672,EE96E349,0,,tiles/pagina_31/tile_8042.png
8043,31,6,11,128688,E17274B8,0,,tiles/pagina_31/tile_8043.png
8044,31,6,12,128704,6446C5A0,0,,tiles/pagina_31/tile_8044.png
8045,31,6,13,128720,8E1A2A15,0,,tiles/pagina_31/tile_8045.png
8046,31,6,14,128736,D1B12D5D,0,,tiles/pagina_31/tile_8046.png
8047,31,6,15,128752,9366241E,0,,tiles/pagina_31/tile_8047.png
8048,31,7,0,128768,01D6E659,0,,tiles/pagina_31/tile_8048.png
8049,31,7,1,128784,ED72DB01,0,,tiles/pagina_31/tile_8049.png
8050,31,7,2,128800,963C5BC9,0,,tiles/pagina_31/tile_8050.png
8051,31,7,3,128816,6D488565,0,,tiles/pagina_31/tile_8051.png
8052,31,7,4,128832,47F1F399,0,,tiles/pagina_31/tile_8052.png
8053,31,7,5,128848,23DCDA41,0,,tiles/pagina_31/tile_8053.png
8054,31,7,6,128864,F9323367,0,,tiles/pagina_31/tile_8054.png
8055,31,7,7,128880,035520F9,0,,tiles/pagina_31/tile_8055.png
8056,31,7,8,128896,EB31A519,0,,tiles/pagina_31/tile_8056.png
8057,31,7,9,128912,E3BC6EFD,0,,tiles/pagina_31/tile_8057.png
8058,31,7,10,128928,81334727,0,,tiles/pagina_31/tile_8058.png
8059,31,7,11,128944,B488DA9B,0,,tiles/pagina_31/tile_8059.png
8060,31,7,12,128960,5F8556FB,0,,tiles/pagina_31/tile_8060.png
8061,31,7,13,128976,04DE8BED,0,,tiles/pagina_31/tile_8061.png
8062,31,7,14,128992,B6237761,0,,tiles/pagina_31/tile_8062.png
8063,31,7,15,129008,969CEE8F,0,,tiles/pagina_31/tile_8063.png
8064,31,8,0,129024,69691905,1,22,tiles/pagina_31/tile_8064.png
8065,31,8,1,129040,69691905,1,22,tiles/pagina_31/tile_8065.png
8066,31,8,2,129056,69691905,1,22,tiles/pagina_31/tile_8066.png
8067,31,8,3,129072,69691905,1,22,tiles/pagina_31/tile_8067.png
8068,31,8,4,129088,69691905,1,22,tiles/pagina_31/tile_8068.png
8069,31,8,5,129104,69691905,1,22,tiles/pagina_31/tile_8069.png
8070,31,8,6,129120,69691905,1,22,tiles/pagina_31/tile_8070.png
8071,31,8,7,129136,69691905,1,22,tiles/pagina_31/tile_8071.png
8072,31,8,8,129152,69691905,1,22,tiles/pagina_31/tile_8072.png
8073,31,8,9,129168,69691905,1,22,tiles/pagina_31/tile_8073.png
8074,31,8,10,129184,69691905,1,22,tiles/pagina_31/tile_8074.png
8075,31,8,11,129200,69691905,1,22,tiles/pagina_31/tile_8075.png
8076,31,8,12,129216,69691905,1,22,tiles/pagina_31/tile_8076.png
8077,31,8,13,129232,69691905,1,22,tiles/pagina_31/tile_8077.png
8078,31,8,14,129248,69691905,1,22,tiles/pagina_31/tile_8078.png
8079,31,8,15,129264,69691905,1,22,tiles/pagina_31/tile_8079.png
8080,31,9,0,129280,69691905,1,22,tiles/pagina_31/tile_8080.png
8081,31,9,1,129296,69691905,1,22,tiles/pagina_31/tile_8081.png
8082,31,9,2,129312,69691905,1,22,tiles/pagina_31/tile_8082.png
8083,31,9,3,129328,69691905,1,22,tiles/pagina_31/tile_8083.png
8084,31,9,4,129344,69691905,1,22,tiles/pagina_31/tile_8084.png
8085,31,9,5,129360,69691905,1,22,tiles/pagina_31/tile_8085.png
8086,31,9,6,129376,69691905,1,22,tiles/pagina_31/tile_8086.png
8087,31,9,7,129392,69691905,1,22,tiles/pagina_31/tile_8087.png
8088,31,9,8,129408,69691905,1,22,tiles/pagina_31/tile_8088.png
8089,31,9,9,129424,69691905,1,22,tiles/pagina_31/tile_8089.png
8090,31,9,10,129440,69691905,1,22,tiles/pagina_31/tile_8090.png
8091,31,9,11,129456,69691905,1,22,tiles/pagina_31/tile_8091.png
8092,31,9,12,129472,69691905,1,22,tiles/pagina_31/tile_8092.png
8093,31,9,13,129488,69691905,1,22,tiles/pagina_31/tile_8093.png
8094,31,9,14,129504,69691905,1,22,tiles/pagina_31/tile_8094.png
8095,31,9,15,129520,69691905,1,22,tiles/pagina_31/tile_8095.png
8096,31,10,0,129536,69691905,1,22,tiles/pagina_31/tile_8096.png
8097,31,10,1,129552,69691905,1,22,tiles/pagina_31/tile_8097.png
8098,31,10,2,129568,69691905,1,22,tiles/pagina_31/tile_8098.png
8099,31,10,3,129584,69691905,1,22,tiles/pagina_31/tile_8099.png
8100,31,10,4,129600,69691905,1,22,tiles/pagina_31/tile_8100.png
8101,31,10,5,129616,69691905,1,22,tiles/pagina_31/tile_8101.png
8102,31,10,6,129632,69691905,1,22,tiles/pagina_31/tile_8102.png
8103,31,10,7,129648,69691905,1,22,tiles/pagina_31/tile_8103.png
8104,31,10,8,129664,69691905,1,22,tiles/pagina_31/tile_8104.png
8105,31,10,9,129680,69691905,1,22,tiles/pagina_31/tile_8105.png
8106,31,10,10,129696,69691905,1,22,tiles/pagina_31/tile_8106.png
8107,31,10,11,129712,69691905,1,22,tiles/pagina_31/tile_8107.png
8108,31,10,12,129728,69691905,1,22,tiles/pagina_31/tile_8108.png
8109,31,10,13,129744,69691905,1,22,tiles/pagina_31/tile_8109.png
8110,31,10,14,129760,69691905,1,22,tiles/pagina_31/tile_8110.png
8111,31,10,15,129776,69691905,1,22,tiles/pagina_31/tile_8111.png
8112,31,11,0,129792,69691905,1,22,tiles/pagina_31/tile_8112.png
8113,31,11,1,129808,69691905,1,22,tiles/pagina_31/tile_8113.png
8114,31,11,2,129824,69691905,1,22,tiles/pagina_31/tile_8114.png
8115,31,11,3,129840,69691905,1,22,tiles/pagina_31/tile_8115.png
8116,31,11,4,129856,69691905,1,22,tiles/pagina_31/tile_8116.png
8117,31,11,5,129872,69691905,1,22,tiles/pagina_31/tile_8117.png
8118,31,11,6,129888,69691905,1,22,tiles/pagina_31/tile_8118.png
8119,31,11,7,129904,69691905,1,22,tiles/pagina_31/tile_8119.png
8120,31,11,8,129920,69691905,1,22,tiles/pagina_31/tile_8120.png
8121,31,11,9,129936,69691905,1,22,tiles/pagina_31/tile_8121.png
8122,31,11,10,129952,69691905,1,22,tiles/pagina_31/tile_8122.png
8123,31,11,11,129968,69691905,1,22,tiles/pagina_31/tile_8123.png
8124,31,11,12,129984,69691905,1,22,tiles/pagina_31/tile_8124.png
8125,31,11,13,130000,69691905,1,22,tiles/pagina_31/tile_8125.png
8126,31,11,14,130016,69691905,1,22,tiles/pagina_31/tile_8126.png
8127,31,11,15,130032,69691905,1,22,tiles/pagina_31/tile_8127.png
8128,31,12,0,130048,4A7DA6BB,0,,tiles/pagina_31/tile_8128.png
8129,31,12,1,130064,B845983D,0,,tiles/pagina_31/tile_8129.png
8130,31,12,2,130080,58B8397D,0,,tiles/pagina_31/tile_8130.png
8131,31,12,3,130096,16C92E68,0,,tiles/pagina_31/tile_8131.png
8132,31,12,4,130112,B2F8DF45,0,,tiles/pagina_31/tile_8132.png
8133,31,12,5,130128,43C39639,0,,tiles/pagina_31/tile_8133.png
8134,31,12,6,130144,67D3F341,0,,tiles/pagina_31/tile_8134.png
8135,31,12,7,130160,69691905,1,22,tiles/pagina_31/tile_8135.png
8136,31,12,8,130176,0F39ED29,0,,tiles/pagina_31/tile_8136.png
8137,31,12,9,130192,69691905,1,22,tiles/pagina_31/tile_8137.png
8138,31,12,10,130208,43EE9485,0,,tiles/pagina_31/tile_8138.png
8139,31,12,11,130224,69691905,1,22,tiles/pagina_31/tile_8139.png
8140,31,12,12,130240,97890135,0,,tiles/pagina_31/tile_8140.png
8141,31,12,13,130256,8AB8BE98,0,,tiles/pagina_31/tile_8141.png
8142,31,12,14,130272,38DE66C5,0,,tiles/pagina_31/tile_8142.png
8143,31,12,15,130288,0672498D,0,,tiles/pagina_31/tile_8143.png
8144,31,13,0,130304,6C8A009A,0,,tiles/pagina_31/tile_8144.png
8145,31,13,1,130320,61BD74C5,0,,tiles/pagina_31/tile_8145.png
8146,31,13,2,130336,9FF9BF9B,0,,tiles/pagina_31/tile_8146.png
8147,31,13,3,130352,048A92E1,0,,tiles/pagina_31/tile_8147.png
8148,31,13,4,130368,B977E365,0,,tiles/pagina_31/tile_8148.png
8149,31,13,5,130384,8B8F03B8,0,,tiles/pagina_31/tile_8149.png
8150,31,13,6,130400,C32504A4,0,,tiles/pagina_31/tile_8150.png
8151,31,13,7,130416,5C772D39,0,,tiles/pagina_31/tile_8151.png
8152,31,13,8,130432,5504B789,0,,tiles/pagina_31/tile_8152.png
8153,31,13,9,130448,F674C918,0,,tiles/pagina_31/tile_8153.png
8154,31,13,10,130464,E98416E5,0,,tiles/pagina_31/tile_8154.png
8155,31,13,11,130480,A7705778,0,,tiles/pagina_31/tile_8155.png
8156,31,13,12,130496,92918678,0,,tiles/pagina_31/tile_8156.png
8157,31,13,13,130512,9B3BB951,0,,tiles/pagina_31/tile_8157.png
8158,31,13,14,130528,2C055F3D,0,,tiles/pagina_31/tile_8158.png
8159,31,13,15,130544,69691905,1,22,tiles/pagina_31/tile_8159.png
8160,31,14,0,130560,69691905,1,22,tiles/pagina_31/tile_8160.png
8161,31,14,1,130576,6AB96263,0,,tiles/pagina_31/tile_8161.png
8162,31,14,2,130592,6F971A4B,0,,tiles/pagina_31/tile_8162.png
8163,31,14,3,130608,19A79DCC,0,,tiles/pagina_31/tile_8163.png
8164,31,14,4,130624,AC2A6F3D,0,,tiles/pagina_31/tile_8164.png
8165,31,14,5,130640,FB77D5CB,0,,tiles/pagina_31/tile_8165.png
8166,31,14,6,130656,8505CA0A,0,,tiles/pagina_31/tile_8166.png
8167,31,14,7,130672,69691905,1,22,tiles/pagina_31/tile_8167.png
8168,31,14,8,130688,4DB3F899,0,,tiles/pagina_31/tile_8168.png
8169,31,14,9,130704,69691905,1,22,tiles/pagina_31/tile_8169.png
8170,31,14,10,130720,8BE769F3,0,,tiles/pagina_31/tile_8170.png
8171,31,14,11,130736,74F097C4,0,,tiles/pagina_31/tile_8171.png
8172,31,14,12,130752,2464E2B6,0,,tiles/pagina_31/tile_8172.png
8173,31,14,13,130768,69691905,1,22,tiles/pagina_31/tile_8173.png
8174,31,14,14,130784,5B7F82CB,0,,tiles/pagina_31/tile_8174.png
8175,31,14,15,130800,69691905,1,22,tiles/pagina_31/tile_8175.png
8176,31,15,0,130816,E8E58E99,0,,tiles/pagina_31/tile_8176.png
8177,31,15,1,130832,5108751A,0,,tiles/pagina_31/tile_8177.png
8178,31,15,2,130848,F8ED6FA7,0,,tiles/pagina_31/tile_8178.png
8179,31,15,3,130864,AEF74B15,0,,tiles/pagina_31/tile_8179.png
8180,31,15,4,130880,73BAE44A,0,,tiles/pagina_31/tile_8180.png
8181,31,15,5,130896,B3693CB7,0,,tiles/pagina_31/tile_8181.png
8182,31,15,6,130912,6109B0B9,0,,tiles/pagina_31/tile_8182.png
8183,31,15,7,130928,01E6C659,0,,tiles/pagina_31/tile_8183.png
8184,31,15,8,130944,72EF4BE2,0,,tiles/pagina_31/tile_8184.png
8185,31,15,9,130960,2F3208C9,0,,tiles/pagina_31/tile_8185.png
8186,31,15,10,130976,F378AD27,0,,tiles/pagina_31/tile_8186.png
8187,31,15,11,130992,F4BB8760,0,,tiles/pagina_31/tile_8187.png
8188,31,15,12,131008,087F14A1,0,,tiles/pagina_31/tile_8188.png
8189,31,15,13,131024,706ED559,0,,tiles/pagina_31/tile_8189.png
8190,31,15,14,131040,058ED62C,0,5098,tiles/pagina_31/tile_8190.png
8191,31,15,15,131056,F278031B,0,,tiles/pagina_31/tile_8191.png
